optimization_step,episode,loss
1,4,0.3751138150691986
2,4,0.47303205728530884
3,4,0.5503610372543335
4,4,0.22651837766170502
5,4,0.21234777569770813
6,4,0.15598170459270477
7,4,0.15533122420310974
8,4,0.13167081773281097
9,4,0.13922543823719025
10,4,0.15425217151641846
11,4,0.11476029455661774
12,4,0.09374356269836426
13,4,0.1169845387339592
14,4,0.07659144699573517
15,4,0.07466980814933777
16,4,0.10589633882045746
17,4,0.11840793490409851
18,4,0.2703813910484314
19,4,0.26528915762901306
20,4,0.0800924003124237
21,4,0.08158798515796661
22,4,0.07036751508712769
23,4,0.07142872363328934
24,4,0.07155317068099976
25,4,0.06811977922916412
26,4,0.07007971405982971
27,5,0.0722532570362091
28,5,0.04217236861586571
29,5,0.20243631303310394
30,5,0.021927623078227043
31,5,0.02625553123652935
32,5,0.19036747515201569
33,5,0.0302374716848135
34,5,0.03415938839316368
35,5,0.03520478680729866
36,5,0.03196568414568901
37,5,0.030748631805181503
38,5,0.02926158532500267
39,5,0.019757788628339767
40,5,0.027518825605511665
41,5,0.03350338339805603
42,5,0.030719585716724396
43,5,0.025098199024796486
44,5,0.05291915684938431
45,5,0.027524087578058243
46,5,0.018786102533340454
47,5,0.04067309945821762
48,5,0.02878657542169094
49,5,0.017010582610964775
50,5,0.19295525550842285
51,5,0.19523268938064575
52,5,0.014573543332517147
53,5,0.18060414493083954
54,5,0.02146132104098797
55,5,0.027728291228413582
56,5,0.18890658020973206
57,5,0.04146583005785942
58,5,0.18709541857242584
59,5,0.03130153566598892
60,5,0.024690108373761177
61,5,0.018490048125386238
62,5,0.018855780363082886
63,5,0.17549794912338257
64,5,0.032633110880851746
65,5,0.01849588192999363
66,5,0.0213824063539505
67,5,0.03339662402868271
68,5,0.032448217272758484
69,5,0.017983974888920784
70,5,0.01662919856607914
71,5,0.021421048790216446
72,5,0.03202393651008606
73,5,0.02437717095017433
74,5,0.020073458552360535
75,5,0.01414004061371088
76,5,0.18336743116378784
77,5,0.0175916850566864
78,5,0.02599913254380226
79,5,0.026759903877973557
80,5,0.20356033742427826
81,5,0.015747636556625366
82,5,0.017616087570786476
83,5,0.030062824487686157
84,5,0.06107677146792412
85,5,0.024735936895012856
86,5,0.02429417334496975
87,5,0.025414422154426575
88,5,0.020690346136689186
89,5,0.032144054770469666
90,5,0.027204090729355812
91,5,0.029205286875367165
92,5,0.02752767875790596
93,5,0.019401486963033676
94,5,0.015043061226606369
95,5,0.0327296257019043
96,5,0.02106195129454136
97,5,0.032625142484903336
98,5,0.024848245084285736
99,5,0.02365083619952202
100,5,0.014938246458768845
101,5,0.01100768893957138
102,5,0.010825186036527157
103,5,0.015045235864818096
104,5,0.021050794050097466
105,5,0.029535682871937752
106,5,0.01638462021946907
107,5,0.005455339793115854
108,5,0.025428958237171173
109,5,0.02218192256987095
110,5,0.025750314816832542
111,5,0.012440063990652561
112,5,0.027189411222934723
113,5,0.01694180630147457
114,5,0.0150044746696949
115,5,0.01933698169887066
116,5,0.02013861946761608
117,5,0.023498643189668655
118,5,0.016244810074567795
119,5,0.010203657671809196
120,5,0.01464100182056427
121,5,0.013942576013505459
122,5,0.02072018012404442
123,5,0.018968377262353897
124,5,0.024717755615711212
125,5,0.006906060501933098
126,5,0.0326351597905159
127,5,0.00816334318369627
128,5,0.021423455327749252
129,5,0.16693037748336792
130,5,0.012828504666686058
131,5,0.005887784529477358
132,5,0.017944281920790672
133,5,0.18403957784175873
134,5,0.023713456466794014
135,5,0.023169511929154396
136,5,0.022654511034488678
137,5,0.014664554968476295
138,5,0.010480131953954697
139,5,0.014363001100718975
140,5,0.016428150236606598
141,5,0.020074764266610146
142,5,0.014285333454608917
143,5,0.009046920575201511
144,5,0.012591625563800335
145,5,0.00877809152007103
146,5,0.023970838636159897
147,5,0.02389722876250744
148,5,0.005783015862107277
149,5,0.008472795598208904
150,5,0.014772904105484486
151,5,0.006358068902045488
152,5,0.015221871435642242
153,5,0.018901430070400238
154,5,0.011205613613128662
155,5,0.008598636835813522
156,5,0.04294533282518387
157,5,0.009468924254179
158,5,0.01390969380736351
159,5,0.006773313973098993
160,5,0.029534392058849335
161,5,0.011940238997340202
162,5,0.02605329640209675
163,5,0.012917074374854565
164,5,0.00595321599394083
165,5,0.0073569463565945625
166,5,0.00712216692045331
167,5,0.17256180942058563
168,5,0.012712694704532623
169,5,0.022830449044704437
170,5,0.02139279432594776
171,5,0.017204731702804565
172,5,0.023935986682772636
173,5,0.024725209921598434
174,5,0.009140897542238235
175,5,0.01634606346487999
176,5,0.03199101984500885
177,6,0.010601081885397434
178,6,0.027310676872730255
179,6,0.014311198145151138
180,6,0.012922219932079315
181,6,0.010935196653008461
182,6,0.005859483499079943
183,6,0.016296423971652985
184,6,0.014323227107524872
185,6,0.011974220164120197
186,6,0.011023033410310745
187,6,0.16532503068447113
188,6,0.16152653098106384
189,6,0.015554810874164104
190,6,0.024848414584994316
191,6,0.022301843389868736
192,6,0.0103659862652421
193,6,0.017964337021112442
194,6,0.01720874011516571
195,6,0.006367502734065056
196,6,0.16466934978961945
197,6,0.019910216331481934
198,6,0.009136974811553955
199,6,0.01758076436817646
200,6,0.011070774868130684
201,6,0.021114733070135117
202,6,0.02017252892255783
203,6,0.017344538122415543
204,6,0.01011161133646965
205,6,0.012823567725718021
206,6,0.18400001525878906
207,6,0.02048911154270172
208,6,0.013003680855035782
209,6,0.01619640365242958
210,6,0.013175779022276402
211,6,0.021757010370492935
212,6,0.009147077798843384
213,6,0.018402129411697388
214,6,0.027292689308524132
215,6,0.0067131491377949715
216,6,0.019230369478464127
217,6,0.007899387739598751
218,6,0.007329580839723349
219,6,0.029517319053411484
220,6,0.02244918793439865
221,6,0.00977570191025734
222,6,0.005948144942522049
223,6,0.021151471883058548
224,6,0.014599046669900417
225,6,0.01717640459537506
226,6,0.023023931309580803
227,6,0.005536308977752924
228,6,0.02337339147925377
229,6,0.016398107632994652
230,6,0.04297587275505066
231,6,0.03736225515604019
232,6,0.019093235954642296
233,6,0.01959039270877838
234,6,0.01628193072974682
235,6,0.020219285041093826
236,6,0.02101903222501278
237,6,0.015999319031834602
238,6,0.0261974073946476
239,6,0.00978574063628912
240,6,0.01331576518714428
241,6,0.01059406902641058
242,6,0.012098102830350399
243,6,0.015088127925992012
244,6,0.02674664929509163
245,6,0.00616819504648447
246,6,0.008125770837068558
247,6,0.03115081414580345
248,6,0.010472996160387993
249,6,0.0168965682387352
250,6,0.010738316923379898
251,6,0.3444245159626007
252,6,0.15993790328502655
253,6,0.10892782360315323
254,6,0.10939891636371613
255,6,0.06466991454362869
256,6,0.07113859057426453
257,6,0.23071369528770447
258,6,0.06703168153762817
259,6,0.06922969222068787
260,6,0.228477343916893
261,6,0.2407662719488144
262,6,0.08511620759963989
263,6,0.0801713690161705
264,6,0.10366727411746979
265,6,0.07530514895915985
266,7,0.07414602488279343
267,7,0.05880335718393326
268,7,0.21194741129875183
269,7,0.048380494117736816
270,7,0.06497161835432053
271,7,0.029503047466278076
272,7,0.03171887248754501
273,7,0.04751678183674812
274,7,0.04455127194523811
275,7,0.02451031282544136
276,7,0.032942041754722595
277,7,0.019998975098133087
278,7,0.04412389174103737
279,7,0.04286704212427139
280,7,0.04802168905735016
281,7,0.03503607586026192
282,7,0.0461716391146183
283,7,0.046556256711483
284,7,0.044458284974098206
285,7,0.026472492143511772
286,7,0.016110146418213844
287,7,0.062068041414022446
288,7,0.03812249004840851
289,7,0.04220256209373474
290,7,0.031195811927318573
291,7,0.052354998886585236
292,7,0.18610431253910065
293,7,0.02779613621532917
294,7,0.016868790611624718
295,7,0.22580544650554657
296,7,0.04745792597532272
297,7,0.013622311875224113
298,7,0.1789010465145111
299,7,0.04190521687269211
300,7,0.026164507493376732
301,7,0.043297164142131805
302,7,0.03008352220058441
303,7,0.19630146026611328
304,7,0.025786736980080605
305,7,0.01168748363852501
306,7,0.033941712230443954
307,7,0.039235636591911316
308,7,0.039777278900146484
309,7,0.03142811357975006
310,7,0.178911954164505
311,7,0.018523894250392914
312,7,0.017882203683257103
313,7,0.04649713262915611
314,7,0.19058896601200104
315,7,0.03060760721564293
316,7,0.04068676009774208
317,7,0.034631263464689255
318,7,0.023919513449072838
319,7,0.02835923619568348
320,7,0.039955079555511475
321,7,0.024339858442544937
322,7,0.04899793490767479
323,7,0.021431010216474533
324,7,0.16480493545532227
325,7,0.02374977618455887
326,7,0.03297419100999832
327,7,0.023773949593305588
328,7,0.011413173750042915
329,7,0.01644338294863701
330,7,0.020388834178447723
331,7,0.013478877954185009
332,7,0.02569442428648472
333,7,0.03691751882433891
334,7,0.1815868765115738
335,7,0.03695223107933998
336,7,0.05075392127037048
337,7,0.19222895801067352
338,7,0.016742784529924393
339,7,0.023100191727280617
340,7,0.011663394048810005
341,7,0.014222485944628716
342,7,0.018165186047554016
343,7,0.024786125868558884
344,7,0.03397580236196518
345,7,0.02615671046078205
346,7,0.042990341782569885
347,7,0.03679794445633888
348,7,0.019551005214452744
349,7,0.04144291952252388
350,7,0.02722903899848461
351,7,0.03805144876241684
352,7,0.035856712609529495
353,7,0.32780542969703674
354,7,0.029601527377963066
355,7,0.03685944154858589
356,7,0.03336993604898453
357,7,0.02704959735274315
358,7,0.034196361899375916
359,7,0.027911553159356117
360,7,0.04143412783741951
361,7,0.034414853900671005
362,7,0.046839069575071335
363,7,0.022911332547664642
364,7,0.034722067415714264
365,7,0.02944471314549446
366,7,0.036522429436445236
367,7,0.010902702808380127
368,7,0.023846331983804703
369,7,0.030905285850167274
370,7,0.011726642958819866
371,7,0.04496895894408226
372,7,0.031259968876838684
373,7,0.03080561012029648
374,7,0.022494282573461533
375,7,0.04604353383183479
376,7,0.020086437463760376
377,7,0.18095068633556366
378,7,0.012362190522253513
379,7,0.03155656158924103
380,7,0.018202761188149452
381,7,0.019818350672721863
382,7,0.041326455771923065
383,7,0.010576559230685234
384,7,0.0077125076204538345
385,7,0.02179643139243126
386,7,0.01829744689166546
387,7,0.17372368276119232
388,7,0.036079827696084976
389,7,0.03170657902956009
390,7,0.018257206305861473
391,7,0.022570164874196053
392,7,0.16468456387519836
393,7,0.032322775572538376
394,7,0.017843972891569138
395,7,0.171972393989563
396,7,0.029764261096715927
397,7,0.018444687128067017
398,7,0.16432881355285645
399,7,0.3299403190612793
400,7,0.03539196029305458
401,7,0.01387740671634674
402,7,0.03328772261738777
403,7,0.024522434920072556
404,7,0.1736694574356079
405,7,0.008472222834825516
406,7,0.020008865743875504
407,7,0.010032218880951405
408,7,0.019183263182640076
409,7,0.019602550193667412
410,7,0.16953426599502563
411,7,0.016398854553699493
412,7,0.02456861361861229
413,7,0.007314775139093399
414,7,0.01775984838604927
415,7,0.016334407031536102
416,8,0.16304466128349304
417,8,0.04676279425621033
418,8,0.03744041174650192
419,8,0.01577015407383442
420,8,0.017416808754205704
421,8,0.03189966455101967
422,8,0.022823425009846687
423,8,0.030311957001686096
424,8,0.019270656630396843
425,8,0.16367869079113007
426,8,0.01703590899705887
427,8,0.0184633769094944
428,8,0.010719110257923603
429,8,0.006617148406803608
430,8,0.012973874807357788
431,8,0.016691025346517563
432,8,0.029406391084194183
433,8,0.014545823447406292
434,8,0.18357548117637634
435,8,0.009426737204194069
436,8,0.015805356204509735
437,8,0.019794737920165062
438,8,0.027471307665109634
439,8,0.012195071205496788
440,8,0.03921155259013176
441,8,0.024021616205573082
442,8,0.024488776922225952
443,8,0.0297269094735384
444,8,0.007617268245667219
445,8,0.015062391757965088
446,8,0.16569356620311737
447,8,0.01366579718887806
448,8,0.0242930855602026
449,8,0.014797338284552097
450,8,0.014680033549666405
451,8,0.01958044245839119
452,8,0.17157034575939178
453,8,0.008485051803290844
454,8,0.00947543140500784
455,8,0.029444091022014618
456,8,0.17446576058864594
457,8,0.015822306275367737
458,8,0.0208345465362072
459,8,0.012949966825544834
460,8,0.015051500871777534
461,8,0.008954782038927078
462,8,0.029621854424476624
463,8,0.014755293726921082
464,8,0.006301787216216326
465,8,0.026427490636706352
466,8,0.02475714683532715
467,8,0.034574851393699646
468,8,0.01720011979341507
469,8,0.021709579974412918
470,8,0.024694830179214478
471,8,0.010426442138850689
472,8,0.022586079314351082
473,8,0.03379915654659271
474,8,0.026160724461078644
475,8,0.01830088160932064
476,8,0.021414821967482567
477,8,0.0328473262488842
478,8,0.023215986788272858
479,8,0.019149353727698326
480,8,0.013422955758869648
481,8,0.01748277246952057
482,8,0.00981578417122364
483,8,0.020548757165670395
484,8,0.03000038117170334
485,8,0.014125809073448181
486,8,0.013692017644643784
487,8,0.00784893985837698
488,8,0.025951027870178223
489,8,0.021141748875379562
490,8,0.013281700201332569
491,8,0.02184952422976494
492,8,0.03380967304110527
493,8,0.015268400311470032
494,8,0.014368723146617413
495,8,0.016370179131627083
496,8,0.17029669880867004
497,8,0.029365915805101395
498,8,0.010260475799441338
499,8,0.00880073755979538
500,8,0.026630621403455734
501,8,0.1969452202320099
502,8,0.19372203946113586
503,8,0.15660910308361053
504,8,0.28371694684028625
505,8,0.1071859747171402
506,8,0.08419208973646164
507,8,0.0901707336306572
508,8,0.05361275374889374
509,8,0.1139499694108963
510,8,0.050214096903800964
511,8,0.04693112522363663
512,8,0.0630471408367157
513,8,0.03032185696065426
514,8,0.06321534514427185
515,8,0.21261060237884521
516,8,0.037370022386312485
517,8,0.08294624835252762
518,8,0.05521782860159874
519,8,0.037194620817899704
520,8,0.05916847288608551
521,8,0.038469500839710236
522,8,0.026523448526859283
523,8,0.04719477891921997
524,8,0.06832951307296753
525,8,0.04110337048768997
526,8,0.03891535475850105
527,8,0.05069408565759659
528,8,0.036591604351997375
529,8,0.17998892068862915
530,8,0.04426470771431923
531,8,0.05826614052057266
532,8,0.05233979970216751
533,8,0.053720247000455856
534,8,0.043497711420059204
535,8,0.04216417297720909
536,8,0.028385290876030922
537,8,0.20724467933177948
538,8,0.03952227160334587
539,8,0.04749659448862076
540,8,0.03177332878112793
541,8,0.016549576073884964
542,8,0.02742818370461464
543,8,0.06398461759090424
544,8,0.0247308611869812
545,8,0.033419784158468246
546,8,0.02410491183400154
547,8,0.032728005200624466
548,8,0.022182121872901917
549,8,0.027582120150327682
550,8,0.049089763313531876
551,8,0.04077206179499626
552,8,0.039935365319252014
553,8,0.011826638132333755
554,8,0.05674653872847557
555,8,0.0551152341067791
556,8,0.02455209754407406
557,8,0.02966400235891342
558,8,0.16684108972549438
559,8,0.18410764634609222
560,8,0.043488986790180206
561,8,0.030621495097875595
562,8,0.02101941779255867
563,8,0.04173736274242401
564,8,0.017406996339559555
565,8,0.032392993569374084
566,9,0.01220016647130251
567,9,0.02411174774169922
568,9,0.024413321167230606
569,9,0.043528296053409576
570,9,0.04700557887554169
571,9,0.02140413038432598
572,9,0.0390562042593956
573,9,0.014064466580748558
574,9,0.029350625351071358
575,9,0.03610275313258171
576,9,0.041574519127607346
577,9,0.0423164926469326
578,9,0.014441320672631264
579,9,0.019230365753173828
580,9,0.0345870666205883
581,9,0.15579131245613098
582,9,0.021112367510795593
583,9,0.05375517159700394
584,9,0.010265486314892769
585,9,0.03223913535475731
586,9,0.022293629124760628
587,9,0.013561535626649857
588,9,0.02213885448873043
589,9,0.028010293841362
590,9,0.04133659228682518
591,9,0.021811233833432198
592,9,0.16424056887626648
593,9,0.013970288448035717
594,9,0.036951132118701935
595,9,0.03720052167773247
596,9,0.024058351293206215
597,9,0.04249458387494087
598,9,0.0216732919216156
599,9,0.03599436581134796
600,9,0.1638248711824417
601,9,0.03215356543660164
602,9,0.03030526638031006
603,9,0.029303809627890587
604,9,0.009646854363381863
605,9,0.0256690364331007
606,9,0.02709813043475151
607,9,0.02876422181725502
608,9,0.040510427206754684
609,9,0.028599288314580917
610,10,0.17387008666992188
611,10,0.016802528873085976
612,10,0.01916877180337906
613,10,0.020573988556861877
614,10,0.01049940288066864
615,10,0.14830633997917175
616,10,0.16842859983444214
617,10,0.034785374999046326
618,10,0.020568901672959328
619,10,0.02718685194849968
620,10,0.03539115563035011
621,10,0.17195484042167664
622,10,0.019074007868766785
623,10,0.028494935482740402
624,10,0.012423472478985786
625,10,0.17420026659965515
626,10,0.02572261542081833
627,10,0.04074463993310928
628,10,0.031173991039395332
629,10,0.02725386992096901
630,10,0.019558927044272423
631,10,0.015828365460038185
632,10,0.026542186737060547
633,10,0.024984531104564667
634,10,0.050335563719272614
635,10,0.03067725896835327
636,10,0.159968301653862
637,10,0.02553587406873703
638,10,0.05093250796198845
639,10,0.0377337820827961
640,10,0.024781696498394012
641,10,0.020242182537913322
642,10,0.033187780529260635
643,10,0.022832749411463737
644,10,0.2864104211330414
645,10,0.012087485752999783
646,10,0.026494763791561127
647,10,0.1514732390642166
648,10,0.020193539559841156
649,10,0.011269323527812958
650,10,0.02440698631107807
651,10,0.015198813751339912
652,10,0.020279835909605026
653,10,0.014854874461889267
654,10,0.023488622158765793
655,10,0.019055629149079323
656,10,0.02836873196065426
657,10,0.02670280821621418
658,10,0.03861166164278984
659,10,0.016845332458615303
660,10,0.02784261852502823
661,10,0.017561379820108414
662,10,0.026337966322898865
663,10,0.013201149180531502
664,10,0.015170147642493248
665,10,0.01725652441382408
666,10,0.026904271915555
667,10,0.019667193293571472
668,10,0.010051335208117962
669,10,0.035570330917835236
670,10,0.03607325628399849
671,10,0.024693353101611137
672,10,0.14957426488399506
673,10,0.1496758759021759
674,10,0.03535494953393936
675,10,0.024318942800164223
676,10,0.014277217909693718
677,10,0.031888268887996674
678,10,0.027989644557237625
679,10,0.014481961727142334
680,10,0.028038308024406433
681,10,0.0220189206302166
682,10,0.012214073911309242
683,10,0.011015433818101883
684,10,0.009741763584315777
685,10,0.025013668462634087
686,10,0.1815534234046936
687,10,0.018248427659273148
688,10,0.019227255135774612
689,10,0.006014072336256504
690,10,0.02878187783062458
691,10,0.03262428939342499
692,10,0.03730035573244095
693,10,0.1601097732782364
694,10,0.01772618666291237
695,10,0.029647210612893105
696,10,0.01900659129023552
697,10,0.019093796610832214
698,10,0.021504541859030724
699,10,0.023729359731078148
700,10,0.026481639593839645
701,10,0.16053660213947296
702,10,0.008847279474139214
703,10,0.020403090864419937
704,10,0.0297104362398386
705,10,0.0123746981844306
706,10,0.010400580242276192
707,10,0.15428666770458221
708,10,0.020878184586763382
709,10,0.016050666570663452
710,10,0.021327994763851166
711,10,0.010123403742909431
712,10,0.008504184894263744
713,10,0.011361717246472836
714,10,0.012017074972391129
715,10,0.014485983178019524
716,10,0.013917747884988785
717,10,0.03809002414345741
718,10,0.1673734188079834
719,10,0.03901040181517601
720,10,0.025390367954969406
721,10,0.03752218559384346
722,10,0.01681772992014885
723,10,0.155351921916008
724,10,0.022749103605747223
725,10,0.01603686437010765
726,10,0.024119703099131584
727,10,0.16532965004444122
728,10,0.02105538174510002
729,10,0.04074979946017265
730,10,0.16114984452724457
731,10,0.010332338511943817
732,10,0.024153029546141624
733,10,0.012661007232964039
734,10,0.013775629922747612
735,10,0.02359585091471672
736,10,0.1558801829814911
737,10,0.03168601542711258
738,10,0.0159347765147686
739,10,0.15204834938049316
740,10,0.017567837610840797
741,10,0.0257109422236681
742,10,0.16257229447364807
743,10,0.017457161098718643
744,10,0.16364417970180511
745,10,0.01635321043431759
746,10,0.020749352872371674
747,10,0.01633819192647934
748,10,0.02385943941771984
749,10,0.025289002805948257
750,10,0.008915770798921585
751,10,0.20939338207244873
752,10,0.1758425533771515
753,10,0.1172749474644661
754,10,0.11415073275566101
755,10,0.06607742607593536
756,10,0.09796376526355743
757,10,0.18715615570545197
758,10,0.0762101262807846
759,10,0.12247506529092789
760,11,0.0497172586619854
761,11,0.04380466416478157
762,11,0.05215868353843689
763,11,0.07504841685295105
764,11,0.05377800762653351
765,11,0.08231604844331741
766,11,0.041183046996593475
767,11,0.0368228442966938
768,11,0.06128992512822151
769,11,0.050921160727739334
770,11,0.21389761567115784
771,11,0.045165710151195526
772,11,0.03550051897764206
773,11,0.04533124342560768
774,11,0.045761652290821075
775,11,0.052814241498708725
776,11,0.039683274924755096
777,11,0.036295726895332336
778,11,0.17313344776630402
779,11,0.0378272607922554
780,11,0.04501006752252579
781,11,0.032006196677684784
782,11,0.051469624042510986
783,11,0.15529955923557281
784,11,0.034199707210063934
785,11,0.026647089049220085
786,11,0.05395253375172615
787,11,0.04346031695604324
788,11,0.16815675795078278
789,11,0.015477955341339111
790,11,0.05082382261753082
791,11,0.029121769592165947
792,11,0.031245220452547073
793,11,0.03142528235912323
794,11,0.020515499636530876
795,11,0.06406652927398682
796,11,0.14751410484313965
797,11,0.013697550632059574
798,11,0.021943440660834312
799,11,0.13151080906391144
800,11,0.0263817198574543
801,11,0.018128816038370132
802,11,0.1491129845380783
803,11,0.01888418383896351
804,11,0.05028614401817322
805,11,0.03337458521127701
806,11,0.03956517204642296
807,11,0.032659806311130524
808,11,0.0296692606061697
809,11,0.028782647103071213
810,11,0.03673665225505829
811,11,0.026989441365003586
812,11,0.01572670228779316
813,11,0.014522070996463299
814,11,0.030653376132249832
815,11,0.020510056987404823
816,11,0.016778869554400444
817,11,0.02227320522069931
818,11,0.01723828911781311
819,11,0.044554054737091064
820,11,0.018545348197221756
821,11,0.14811041951179504
822,11,0.03979203850030899
823,11,0.02221529185771942
824,11,0.029466288164258003
825,11,0.020811190828680992
826,11,0.02968238666653633
827,11,0.03449416160583496
828,11,0.036442745476961136
829,11,0.05059831589460373
830,11,0.027882853522896767
831,11,0.018288224935531616
832,11,0.015415815636515617
833,11,0.01738618314266205
834,11,0.022389307618141174
835,11,0.03252856805920601
836,11,0.011602667160332203
837,11,0.016073118895292282
838,11,0.1509656459093094
839,11,0.15716971457004547
840,11,0.023750225082039833
841,11,0.0353035107254982
842,11,0.025330176576972008
843,11,0.011920293793082237
844,11,0.029168805107474327
845,11,0.15036313235759735
846,11,0.13361963629722595
847,11,0.019649166613817215
848,11,0.027333607897162437
849,11,0.027003545314073563
850,11,0.023201491683721542
851,11,0.01473582535982132
852,11,0.022725269198417664
853,11,0.01870756596326828
854,11,0.024769186973571777
855,11,0.015614832751452923
856,11,0.018962178379297256
857,11,0.027264997363090515
858,11,0.03000621683895588
859,11,0.040056463330984116
860,11,0.026212532073259354
861,11,0.024245234206318855
862,11,0.03749365359544754
863,11,0.024728335440158844
864,11,0.014703267253935337
865,11,0.018953964114189148
866,11,0.019366160035133362
867,11,0.011188114061951637
868,11,0.02320435270667076
869,11,0.13660047948360443
870,11,0.029015978798270226
871,11,0.023383058607578278
872,11,0.020979881286621094
873,11,0.017653759568929672
874,11,0.1732250303030014
875,11,0.01719200611114502
876,11,0.02549721673130989
877,11,0.01647982932627201
878,11,0.023754440248012543
879,11,0.026647713035345078
880,11,0.021026642993092537
881,11,0.02266358770430088
882,11,0.028269663453102112
883,11,0.018585506826639175
884,11,0.019367652013897896
885,11,0.02092290297150612
886,11,0.0142685417085886
887,11,0.028123095631599426
888,11,0.009763621725142002
889,11,0.01595441997051239
890,11,0.03531896322965622
891,11,0.017120039090514183
892,11,0.029082952067255974
893,11,0.00891603622585535
894,11,0.016520332545042038
895,11,0.00817190669476986
896,11,0.01788019947707653
897,11,0.024787262082099915
898,11,0.020388860255479813
899,11,0.01790357008576393
900,11,0.01815558783710003
901,11,0.014593193307518959
902,11,0.034534770995378494
903,11,0.15283674001693726
904,11,0.030487561598420143
905,11,0.021983284503221512
906,11,0.013990106992423534
907,11,0.026568938046693802
908,11,0.012989964336156845
909,11,0.14408645033836365
910,12,0.011006969958543777
911,12,0.1477482169866562
912,12,0.15126657485961914
913,12,0.025742171332240105
914,12,0.02777915820479393
915,12,0.027244020253419876
916,12,0.012801986187696457
917,12,0.022930579259991646
918,12,0.011301344260573387
919,12,0.13989858329296112
920,12,0.01491575501859188
921,12,0.014443266205489635
922,12,0.019111361354589462
923,12,0.018230032175779343
924,12,0.027426984161138535
925,12,0.011369531974196434
926,12,0.0438019260764122
927,12,0.13531196117401123
928,12,0.01239810511469841
929,12,0.0160471610724926
930,12,0.014555972069501877
931,12,0.012188060209155083
932,12,0.017960507422685623
933,12,0.017288582399487495
934,12,0.14616839587688446
935,12,0.0094408905133605
936,12,0.014324812218546867
937,12,0.01838696375489235
938,12,0.02192656695842743
939,12,0.01720363460481167
940,12,0.02353530377149582
941,12,0.022037364542484283
942,12,0.02935567870736122
943,12,0.14370201528072357
944,12,0.033224716782569885
945,12,0.01453569158911705
946,12,0.1485273540019989
947,12,0.017056871205568314
948,12,0.03604596108198166
949,12,0.020664941519498825
950,12,0.01683974824845791
951,12,0.013477269560098648
952,12,0.02105703577399254
953,12,0.027136903256177902
954,12,0.013146030716598034
955,12,0.018745314329862595
956,12,0.012198293581604958
957,12,0.14191775023937225
958,12,0.03522569313645363
959,12,0.02849653735756874
960,12,0.021481532603502274
961,12,0.01360032707452774
962,12,0.01474514789879322
963,12,0.012276866473257542
964,12,0.02163657732307911
965,12,0.01905813068151474
966,12,0.01458737999200821
967,12,0.015190361998975277
968,12,0.013649308122694492
969,12,0.026824645698070526
970,12,0.020772604271769524
971,12,0.007252688519656658
972,12,0.010540053248405457
973,12,0.028503935784101486
974,12,0.007691231556236744
975,12,0.027280589565634727
976,12,0.018318891525268555
977,12,0.14128996431827545
978,12,0.15384677052497864
979,12,0.016334684565663338
980,12,0.1353399157524109
981,12,0.018003512173891068
982,12,0.01657651923596859
983,12,0.02463027462363243
984,12,0.029045116156339645
985,12,0.022069230675697327
986,12,0.013325312174856663
987,12,0.012686235830187798
988,12,0.14458218216896057
989,12,0.01814466528594494
990,12,0.0104370703920722
991,12,0.016059165820479393
992,12,0.00820104405283928
993,12,0.013595499098300934
994,12,0.023739978671073914
995,12,0.010539893060922623
996,12,0.009219733066856861
997,12,0.02170366235077381
998,12,0.02261563390493393
999,12,0.011910950765013695
1000,12,0.0259372778236866
1001,12,0.2835845649242401
1002,12,0.1861950159072876
1003,12,0.22336336970329285
1004,12,0.08392061293125153
1005,12,0.1419280767440796
1006,12,0.1948557049036026
1007,12,0.1794833540916443
1008,12,0.1312902569770813
1009,12,0.0558759942650795
1010,12,0.15943068265914917
1011,12,0.07453598082065582
1012,12,0.2138349413871765
1013,12,0.10794536024332047
1014,12,0.10248979181051254
1015,12,0.1026051715016365
1016,12,0.053145769983530045
1017,12,0.03476642072200775
1018,12,0.056318167597055435
1019,12,0.07525936514139175
1020,12,0.06216556951403618
1021,12,0.1569933146238327
1022,12,0.03705442324280739
1023,12,0.03712134063243866
1024,12,0.04214465990662575
1025,12,0.05901344120502472
1026,12,0.05851178243756294
1027,12,0.044383320957422256
1028,12,0.020780716091394424
1029,12,0.017883962020277977
1030,12,0.049109216779470444
1031,12,0.1608313024044037
1032,12,0.034400321543216705
1033,12,0.03460235893726349
1034,12,0.02187836728990078
1035,12,0.011386188678443432
1036,12,0.024085361510515213
1037,12,0.02536761574447155
1038,12,0.016756124794483185
1039,12,0.03805527091026306
1040,12,0.1391151398420334
1041,12,0.02013034000992775
1042,12,0.025715477764606476
1043,12,0.017745329067111015
1044,12,0.031986989080905914
1045,12,0.032479338347911835
1046,12,0.02576550468802452
1047,12,0.033221594989299774
1048,12,0.01967315562069416
1049,12,0.02848481945693493
1050,12,0.026494530960917473
1051,12,0.025707604363560677
1052,12,0.03365812823176384
1053,12,0.029302489012479782
1054,12,0.029988542199134827
1055,12,0.02850940264761448
1056,12,0.01221143826842308
1057,12,0.015048164874315262
1058,12,0.03891434147953987
1059,12,0.03368986025452614
1060,13,0.021735716611146927
1061,13,0.1327064484357834
1062,13,0.02370612323284149
1063,13,0.026117032393813133
1064,13,0.020473122596740723
1065,13,0.015483545139431953
1066,13,0.037225209176540375
1067,13,0.014748873189091682
1068,13,0.13319902122020721
1069,13,0.12958616018295288
1070,13,0.023128073662519455
1071,13,0.013177447021007538
1072,13,0.031206324696540833
1073,13,0.02414272353053093
1074,13,0.015536989085376263
1075,13,0.017295338213443756
1076,13,0.03608184680342674
1077,13,0.016076983883976936
1078,13,0.029860137030482292
1079,13,0.026344193145632744
1080,13,0.15031573176383972
1081,13,0.01123736146837473
1082,13,0.036372698843479156
1083,13,0.02599009871482849
1084,13,0.012707636691629887
1085,13,0.013436710461974144
1086,13,0.007484439294785261
1087,13,0.026912398636341095
1088,13,0.01153707504272461
1089,13,0.030092133209109306
1090,13,0.13855136930942535
1091,13,0.14147672057151794
1092,13,0.015404313802719116
1093,13,0.026746341958642006
1094,13,0.13493837416172028
1095,13,0.13871705532073975
1096,13,0.14075542986392975
1097,13,0.008812593296170235
1098,13,0.01987742818892002
1099,13,0.026765335351228714
1100,13,0.012555534020066261
1101,13,0.011977783404290676
1102,13,0.12602724134922028
1103,13,0.025585981085896492
1104,13,0.017412323504686356
1105,13,0.02493945136666298
1106,13,0.031849317252635956
1107,13,0.021431369706988335
1108,13,0.029652494937181473
1109,13,0.024038081988692284
1110,13,0.13713516294956207
1111,13,0.036985158920288086
1112,13,0.021525518968701363
1113,13,0.009252872318029404
1114,13,0.04332807660102844
1115,13,0.01819429360330105
1116,13,0.01796465553343296
1117,13,0.013406259007751942
1118,13,0.02896713651716709
1119,13,0.0353974811732769
1120,13,0.02190033718943596
1121,13,0.01749068684875965
1122,13,0.023630546405911446
1123,13,0.014787730760872364
1124,13,0.02327149547636509
1125,13,0.012830555438995361
1126,13,0.015207961201667786
1127,13,0.024213416501879692
1128,13,0.022892065346240997
1129,13,0.01715519279241562
1130,13,0.1333540678024292
1131,13,0.14012181758880615
1132,13,0.023083170875906944
1133,13,0.03691527619957924
1134,13,0.014575794339179993
1135,13,0.14261125028133392
1136,13,0.02012287639081478
1137,13,0.030658258125185966
1138,13,0.021242985501885414
1139,13,0.028000671416521072
1140,13,0.011247210204601288
1141,13,0.023084642365574837
1142,13,0.012395617552101612
1143,13,0.02876453287899494
1144,13,0.02112094685435295
1145,13,0.014493651688098907
1146,13,0.030136188492178917
1147,13,0.02395312860608101
1148,13,0.013459513895213604
1149,13,0.030484959483146667
1150,13,0.021042170003056526
1151,13,0.0196793545037508
1152,13,0.2448384016752243
1153,13,0.013648731634020805
1154,13,0.012160787358880043
1155,13,0.0132735101506114
1156,13,0.015332506969571114
1157,13,0.0246433112770319
1158,13,0.028188519179821014
1159,13,0.01766754314303398
1160,13,0.1251991093158722
1161,13,0.03221336007118225
1162,13,0.014661380089819431
1163,13,0.14617519080638885
1164,13,0.018495138734579086
1165,13,0.01642443612217903
1166,13,0.013764345087110996
1167,13,0.2361164391040802
1168,13,0.01779450848698616
1169,13,0.020672984421253204
1170,13,0.018231963738799095
1171,13,0.010800906457006931
1172,13,0.010876547545194626
1173,13,0.02818484976887703
1174,13,0.018309080973267555
1175,13,0.12274575233459473
1176,13,0.023213747888803482
1177,13,0.016852639615535736
1178,13,0.012999779544770718
1179,13,0.019405923783779144
1180,13,0.0152855534106493
1181,13,0.01587972231209278
1182,13,0.021051984280347824
1183,13,0.03317394480109215
1184,13,0.018301762640476227
1185,13,0.02514219656586647
1186,13,0.03726978600025177
1187,13,0.005104647018015385
1188,13,0.007927876897156239
1189,13,0.14237059652805328
1190,13,0.02265516109764576
1191,13,0.013830048963427544
1192,13,0.02380460500717163
1193,13,0.12594418227672577
1194,13,0.13540688157081604
1195,13,0.025803783908486366
1196,13,0.01536797545850277
1197,13,0.019747165963053703
1198,13,0.025836579501628876
1199,13,0.022337786853313446
1200,13,0.025554444640874863
1201,13,0.024044014513492584
1202,13,0.017135053873062134
1203,13,0.02238868549466133
1204,13,0.015845887362957
1205,13,0.12601779401302338
1206,13,0.022056637331843376
1207,13,0.13555338978767395
1208,13,0.011042643338441849
1209,13,0.1320638358592987
1210,14,0.014381718821823597
1211,14,0.015384872443974018
1212,14,0.012618324719369411
1213,14,0.018282288685441017
1214,14,0.02708037942647934
1215,14,0.028087057173252106
1216,14,0.009883870370686054
1217,14,0.013610941357910633
1218,14,0.02740194834768772
1219,14,0.03649790957570076
1220,14,0.0338740348815918
1221,14,0.019182557240128517
1222,14,0.009536854922771454
1223,14,0.016186166554689407
1224,14,0.012191053479909897
1225,14,0.016692232340574265
1226,14,0.027735376730561256
1227,14,0.01848631724715233
1228,14,0.1399192214012146
1229,14,0.01406148076057434
1230,14,0.018865056335926056
1231,14,0.02780475653707981
1232,14,0.011675961315631866
1233,14,0.021756473928689957
1234,14,0.01783626712858677
1235,14,0.0251761544495821
1236,14,0.028041791170835495
1237,14,0.010158921591937542
1238,14,0.010517236776649952
1239,14,0.12436915189027786
1240,14,0.030791025608778
1241,14,0.017145028337836266
1242,14,0.026878058910369873
1243,14,0.12765800952911377
1244,14,0.25861674547195435
1245,14,0.0066025652922689915
1246,14,0.016625016927719116
1247,14,0.011614445596933365
1248,14,0.12433390319347382
1249,14,0.0246939305216074
1250,14,0.014326001517474651
1251,14,0.26818206906318665
1252,14,0.19086508452892303
1253,14,0.08762200176715851
1254,14,0.0942193940281868
1255,14,0.3583754003047943
1256,14,0.17972660064697266
1257,14,0.3285754323005676
1258,14,0.13447442650794983
1259,14,0.05619046837091446
1260,14,0.0405731163918972
1261,14,0.05714339390397072
1262,14,0.07968521863222122
1263,14,0.08728820085525513
1264,14,0.10036161541938782
1265,14,0.05228874459862709
1266,14,0.04234696179628372
1267,14,0.14211809635162354
1268,14,0.030574500560760498
1269,14,0.04689882695674896
1270,14,0.03093300759792328
1271,14,0.05289486050605774
1272,14,0.04152962937951088
1273,14,0.0418614037334919
1274,14,0.04149167984724045
1275,14,0.0725419893860817
1276,14,0.035524480044841766
1277,14,0.029544811695814133
1278,14,0.027441682294011116
1279,14,0.051185283809900284
1280,14,0.019460145384073257
1281,14,0.137205570936203
1282,14,0.04290636628866196
1283,14,0.04182089865207672
1284,14,0.1354644000530243
1285,14,0.06529790163040161
1286,14,0.028005078434944153
1287,14,0.029284335672855377
1288,14,0.022420044988393784
1289,14,0.024282140657305717
1290,14,0.025474542751908302
1291,14,0.2199602723121643
1292,14,0.03051339089870453
1293,14,0.12488225102424622
1294,14,0.03020951710641384
1295,14,0.01769387535750866
1296,14,0.03891397640109062
1297,14,0.02927696891129017
1298,14,0.011016354896128178
1299,14,0.03356708586215973
1300,14,0.021962353959679604
1301,14,0.021693099290132523
1302,14,0.013996174558997154
1303,14,0.026836715638637543
1304,14,0.03428196161985397
1305,14,0.035296227782964706
1306,14,0.019123166799545288
1307,14,0.029870780184864998
1308,14,0.019334718585014343
1309,14,0.012095006182789803
1310,14,0.02565404400229454
1311,14,0.040569379925727844
1312,14,0.02947995439171791
1313,14,0.015157045796513557
1314,14,0.016769152134656906
1315,14,0.02272873744368553
1316,14,0.02354060858488083
1317,14,0.0203507449477911
1318,14,0.010632955469191074
1319,14,0.031446993350982666
1320,14,0.037323858588933945
1321,14,0.10814893990755081
1322,14,0.006950633600354195
1323,14,0.006721198558807373
1324,14,0.01133639831095934
1325,14,0.009289039298892021
1326,14,0.01661299541592598
1327,14,0.024334052577614784
1328,14,0.01313486322760582
1329,14,0.012037166394293308
1330,14,0.01673496887087822
1331,14,0.02441829815506935
1332,14,0.04319581016898155
1333,14,0.039426468312740326
1334,14,0.019580701366066933
1335,14,0.020357254892587662
1336,14,0.02098824828863144
1337,14,0.032263610512018204
1338,14,0.013392474502325058
1339,14,0.009843539446592331
1340,14,0.0181309524923563
1341,14,0.025623921304941177
1342,14,0.03250855952501297
1343,14,0.01580958440899849
1344,14,0.007871288806200027
1345,14,0.020442664623260498
1346,14,0.024186311289668083
1347,14,0.009889555163681507
1348,14,0.015772057697176933
1349,14,0.012649521231651306
1350,14,0.025689657777547836
1351,14,0.022844521328806877
1352,14,0.12860912084579468
1353,14,0.032954100519418716
1354,14,0.12092410027980804
1355,14,0.12025070935487747
1356,14,0.02171659655869007
1357,14,0.01510389894247055
1358,14,0.02829667739570141
1359,14,0.010796820744872093
1360,15,0.021288225427269936
1361,15,0.02144307643175125
1362,15,0.018569467589259148
1363,15,0.11957725137472153
1364,15,0.019563782960176468
1365,15,0.012076074257493019
1366,15,0.020085535943508148
1367,15,0.018308741971850395
1368,15,0.12189433723688126
1369,15,0.11138730496168137
1370,15,0.00829677376896143
1371,15,0.1223917081952095
1372,15,0.012315592728555202
1373,15,0.027070894837379456
1374,15,0.021985391154885292
1375,15,0.015690812841057777
1376,15,0.016232507303357124
1377,15,0.018003717064857483
1378,15,0.011468824930489063
1379,15,0.009573737159371376
1380,15,0.029585938900709152
1381,15,0.025002527981996536
1382,15,0.021431809291243553
1383,15,0.01146403793245554
1384,15,0.018111826851963997
1385,15,0.015476558357477188
1386,15,0.0261699166148901
1387,15,0.016083596274256706
1388,15,0.019210606813430786
1389,15,0.012248938903212547
1390,15,0.01733676716685295
1391,15,0.11440274864435196
1392,15,0.13491536676883698
1393,15,0.02396993152797222
1394,15,0.019004901871085167
1395,15,0.013368621468544006
1396,15,0.018629252910614014
1397,15,0.00713235791772604
1398,15,0.03204135224223137
1399,15,0.009519082494080067
1400,15,0.044003553688526154
1401,15,0.01778373308479786
1402,15,0.010500679723918438
1403,15,0.027390431612730026
1404,15,0.024815766140818596
1405,15,0.011280722916126251
1406,15,0.010457376018166542
1407,15,0.014370912685990334
1408,15,0.01602819561958313
1409,15,0.024902038276195526
1410,15,0.023977242410182953
1411,15,0.013506783172488213
1412,15,0.12404777109622955
1413,15,0.025564903393387794
1414,15,0.02394288219511509
1415,15,0.02837594971060753
1416,15,0.022919902577996254
1417,15,0.01965521089732647
1418,15,0.022018132731318474
1419,15,0.020511949434876442
1420,15,0.016435004770755768
1421,15,0.026982786133885384
1422,15,0.006609031930565834
1423,15,0.0192634928971529
1424,15,0.017174487933516502
1425,15,0.013024167157709599
1426,15,0.024496421217918396
1427,15,0.021821804344654083
1428,15,0.024894023314118385
1429,15,0.01576346345245838
1430,15,0.02494688518345356
1431,15,0.018900569528341293
1432,15,0.024987349286675453
1433,15,0.02384832873940468
1434,15,0.02768772281706333
1435,15,0.018294723704457283
1436,15,0.02033337578177452
1437,15,0.021978285163640976
1438,15,0.014213353395462036
1439,15,0.02076054736971855
1440,15,0.012876616790890694
1441,15,0.008924653753638268
1442,15,0.01434781588613987
1443,15,0.02014867216348648
1444,15,0.11100209504365921
1445,15,0.1205415427684784
1446,15,0.12006412446498871
1447,15,0.008600198663771152
1448,15,0.022000670433044434
1449,15,0.1351892352104187
1450,15,0.014604046009480953
1451,15,0.02603994868695736
1452,15,0.025800935924053192
1453,15,0.029509443789720535
1454,15,0.13373242318630219
1455,15,0.02767041139304638
1456,15,0.016837822273373604
1457,15,0.018067505210638046
1458,15,0.02063669078052044
1459,15,0.027197308838367462
1460,15,0.01873237080872059
1461,15,0.01644177734851837
1462,15,0.010259648784995079
1463,15,0.020954318344593048
1464,15,0.01743454486131668
1465,15,0.02413645014166832
1466,15,0.027116063982248306
1467,15,0.02028169110417366
1468,15,0.01861262135207653
1469,15,0.13686245679855347
1470,15,0.023022664710879326
1471,15,0.023421360179781914
1472,15,0.018120191991329193
1473,15,0.020501673221588135
1474,15,0.12131133675575256
1475,15,0.028560014441609383
1476,15,0.02129983901977539
1477,15,0.01721758022904396
1478,15,0.015631260350346565
1479,15,0.011880792677402496
1480,15,0.11745519936084747
1481,15,0.023020798340439796
1482,15,0.014357793144881725
1483,15,0.12427056580781937
1484,15,0.014722046442329884
1485,15,0.021308908239006996
1486,15,0.1316530406475067
1487,15,0.011918637901544571
1488,15,0.013780429027974606
1489,15,0.015507180243730545
1490,15,0.027188831940293312
1491,15,0.010506239719688892
1492,15,0.020765632390975952
1493,15,0.02290259301662445
1494,15,0.025933409109711647
1495,15,0.009153967723250389
1496,15,0.01345283817499876
1497,15,0.02298360876739025
1498,15,0.024732887744903564
1499,15,0.00840207003057003
1500,15,0.023635733872652054
1501,15,0.2360469400882721
1502,15,0.1703489124774933
1503,15,0.14823831617832184
1504,15,0.08745155483484268
1505,15,0.051052480936050415
1506,15,0.07423239946365356
1507,15,0.10001305490732193
1508,15,0.10769869387149811
1509,15,0.07647357881069183
1510,16,0.04458525404334068
1511,16,0.07663141191005707
1512,16,0.04831704869866371
1513,16,0.05472787469625473
1514,16,0.0557095967233181
1515,16,0.13316112756729126
1516,16,0.035751618444919586
1517,16,0.13917845487594604
1518,16,0.024659493938088417
1519,16,0.059810571372509
1520,16,0.0651533454656601
1521,16,0.0330168753862381
1522,16,0.07336918264627457
1523,16,0.03255137801170349
1524,16,0.04061686992645264
1525,16,0.05225542560219765
1526,16,0.03329746797680855
1527,16,0.03966869041323662
1528,16,0.03460954502224922
1529,16,0.041230592876672745
1530,16,0.036027245223522186
1531,16,0.02461438812315464
1532,16,0.038895513862371445
1533,16,0.05858296900987625
1534,16,0.11254649609327316
1535,16,0.04151981323957443
1536,16,0.025587305426597595
1537,16,0.019947681576013565
1538,16,0.02863970771431923
1539,16,0.03814755752682686
1540,16,0.017982352524995804
1541,16,0.026307493448257446
1542,16,0.03149222955107689
1543,16,0.032310642302036285
1544,16,0.021780600771307945
1545,16,0.01753193326294422
1546,16,0.02247602678835392
1547,16,0.034383758902549744
1548,16,0.03297344595193863
1549,16,0.027862198650836945
1550,16,0.023942528292536736
1551,16,0.13735729455947876
1552,16,0.02171354554593563
1553,16,0.016459930688142776
1554,16,0.016387779265642166
1555,16,0.01686623878777027
1556,16,0.02129601687192917
1557,16,0.017622085288167
1558,16,0.023631783202290535
1559,16,0.03715270757675171
1560,16,0.022744784131646156
1561,16,0.013090353459119797
1562,16,0.019024260342121124
1563,16,0.0314222052693367
1564,16,0.029804952442646027
1565,16,0.02053631655871868
1566,16,0.013661285862326622
1567,16,0.02563425339758396
1568,16,0.019714172929525375
1569,16,0.025611530989408493
1570,16,0.01577191986143589
1571,16,0.012048322707414627
1572,16,0.01911197602748871
1573,16,0.024699002504348755
1574,16,0.028745975345373154
1575,16,0.017267705872654915
1576,16,0.11388801038265228
1577,16,0.02210339717566967
1578,16,0.028368359431624413
1579,16,0.028330033645033836
1580,16,0.013492345809936523
1581,16,0.03081873431801796
1582,16,0.025077590718865395
1583,16,0.012611007317900658
1584,16,0.01565479300916195
1585,16,0.10544943809509277
1586,16,0.028897402808070183
1587,16,0.117324598133564
1588,16,0.016817715018987656
1589,16,0.032660480588674545
1590,16,0.011051071807742119
1591,16,0.11118966341018677
1592,16,0.025395754724740982
1593,16,0.015644416213035583
1594,16,0.019574981182813644
1595,16,0.00906040146946907
1596,16,0.019337069243192673
1597,16,0.009426630102097988
1598,16,0.22244134545326233
1599,16,0.022218795493245125
1600,16,0.0126616470515728
1601,16,0.013683549128472805
1602,16,0.012529311701655388
1603,16,0.012824964709579945
1604,16,0.11205349117517471
1605,16,0.008401607163250446
1606,16,0.01832856610417366
1607,16,0.018171008676290512
1608,16,0.01945551112294197
1609,16,0.016838185489177704
1610,16,0.02980724722146988
1611,16,0.01131503563374281
1612,16,0.025314748287200928
1613,16,0.01389409601688385
1614,16,0.0387752503156662
1615,16,0.01883240044116974
1616,16,0.02054654248058796
1617,16,0.024594277143478394
1618,16,0.016084149479866028
1619,16,0.015297792851924896
1620,16,0.02129758521914482
1621,16,0.024884121492505074
1622,16,0.01900378055870533
1623,16,0.01471426896750927
1624,16,0.006405855529010296
1625,16,0.036243803799152374
1626,16,0.02246144972741604
1627,16,0.023629922419786453
1628,16,0.010804904624819756
1629,16,0.014095954596996307
1630,16,0.1225067600607872
1631,16,0.008023805916309357
1632,16,0.010714089497923851
1633,16,0.012309318408370018
1634,16,0.01544765755534172
1635,16,0.021832777187228203
1636,16,0.017860550433397293
1637,16,0.014155485667288303
1638,16,0.016556451097130775
1639,16,0.013002069666981697
1640,16,0.014964928850531578
1641,16,0.022600635886192322
1642,16,0.016226209700107574
1643,16,0.01583709567785263
1644,16,0.02697385475039482
1645,16,0.013172650709748268
1646,16,0.014326727949082851
1647,16,0.11306256055831909
1648,16,0.016014639288187027
1649,16,0.01720627211034298
1650,16,0.018365943804383278
1651,16,0.012516527436673641
1652,16,0.01176221203058958
1653,16,0.0166438277810812
1654,16,0.022763267159461975
1655,16,0.11756417155265808
1656,16,0.022805798798799515
1657,16,0.023277491331100464
1658,16,0.008695720694959164
1659,16,0.012088813818991184
1660,17,0.015147997997701168
1661,17,0.031121592968702316
1662,17,0.11767014861106873
1663,17,0.12384655326604843
1664,17,0.014813820831477642
1665,17,0.025761481374502182
1666,17,0.02014763280749321
1667,17,0.030935047194361687
1668,17,0.1079164519906044
1669,17,0.02669081836938858
1670,17,0.015588939189910889
1671,17,0.012687671929597855
1672,17,0.0230849701911211
1673,17,0.011348276399075985
1674,17,0.01609119400382042
1675,17,0.010894933715462685
1676,17,0.021311737596988678
1677,17,0.00889954250305891
1678,17,0.024514079093933105
1679,17,0.024567535147070885
1680,17,0.021139245480298996
1681,17,0.015227723866701126
1682,17,0.02107519842684269
1683,17,0.013737290166318417
1684,17,0.011822727508842945
1685,17,0.02433576062321663
1686,17,0.01943775825202465
1687,17,0.015620026737451553
1688,17,0.1113090068101883
1689,17,0.030044928193092346
1690,17,0.0144329983741045
1691,17,0.016930004581809044
1692,17,0.013020285405218601
1693,17,0.12404067069292068
1694,17,0.12202752381563187
1695,17,0.01855919323861599
1696,17,0.016318824142217636
1697,17,0.019901873543858528
1698,17,0.02133062109351158
1699,17,0.020936544984579086
1700,17,0.01567407138645649
1701,17,0.01902991347014904
1702,17,0.018298380076885223
1703,17,0.009243998676538467
1704,17,0.02491922490298748
1705,17,0.01120779663324356
1706,17,0.007644216530025005
1707,17,0.017257340252399445
1708,17,0.017270518466830254
1709,17,0.012999230064451694
1710,17,0.021447334438562393
1711,17,0.014877029694616795
1712,17,0.029943270608782768
1713,17,0.01769237406551838
1714,17,0.014095774851739407
1715,17,0.0220565814524889
1716,17,0.024287201464176178
1717,17,0.014005606062710285
1718,17,0.017234226688742638
1719,17,0.017583264037966728
1720,17,0.12146593630313873
1721,17,0.015139701776206493
1722,17,0.017215467989444733
1723,17,0.013101780787110329
1724,17,0.019958993420004845
1725,17,0.008559080772101879
1726,17,0.009957514703273773
1727,17,0.025582147762179375
1728,17,0.009254725649952888
1729,17,0.011881072074174881
1730,17,0.01649732142686844
1731,17,0.01368506345897913
1732,17,0.014147032983601093
1733,17,0.024037903174757957
1734,17,0.0162787027657032
1735,17,0.01620814949274063
1736,17,0.01958616077899933
1737,17,0.11093960702419281
1738,17,0.010094106197357178
1739,17,0.025005005300045013
1740,17,0.02588990330696106
1741,17,0.029778994619846344
1742,17,0.018911948427557945
1743,17,0.013165159150958061
1744,17,0.011611724272370338
1745,17,0.013510812073946
1746,17,0.020963327959179878
1747,17,0.009020128287374973
1748,17,0.01653486117720604
1749,17,0.016410328447818756
1750,17,0.12174949795007706
1751,17,0.1596200168132782
1752,17,0.18822047114372253
1753,17,0.08820921927690506
1754,17,0.04434458166360855
1755,17,0.19441616535186768
1756,17,0.09390455484390259
1757,17,0.10265001654624939
1758,17,0.09831264615058899
1759,17,0.058623913675546646
1760,17,0.04242599382996559
1761,17,0.06380949914455414
1762,17,0.04545632749795914
1763,17,0.061958566308021545
1764,17,0.07452429831027985
1765,17,0.054117631167173386
1766,17,0.12591804563999176
1767,17,0.049654461443424225
1768,17,0.05559210851788521
1769,17,0.03944435715675354
1770,17,0.14113065600395203
1771,17,0.14734792709350586
1772,17,0.015028472989797592
1773,17,0.1300889253616333
1774,17,0.04415266588330269
1775,17,0.037205975502729416
1776,17,0.0479365810751915
1777,17,0.0401773527264595
1778,17,0.02402239479124546
1779,17,0.037534017115831375
1780,17,0.019411351531744003
1781,17,0.10510468482971191
1782,17,0.1334722489118576
1783,17,0.02287711575627327
1784,17,0.02882155030965805
1785,17,0.014055373147130013
1786,17,0.04142382740974426
1787,17,0.025132816284894943
1788,17,0.030468737706542015
1789,17,0.023628849536180496
1790,17,0.014194006100296974
1791,17,0.02188594825565815
1792,17,0.025322359055280685
1793,17,0.021401386708021164
1794,17,0.018839489668607712
1795,17,0.0371328741312027
1796,17,0.012903809547424316
1797,17,0.014558862894773483
1798,17,0.09539268910884857
1799,17,0.024500086903572083
1800,17,0.021852582693099976
1801,17,0.01906832680106163
1802,17,0.01750095561146736
1803,17,0.024752194061875343
1804,17,0.012576296925544739
1805,17,0.020210493355989456
1806,17,0.025366291403770447
1807,17,0.015586957335472107
1808,17,0.02240985445678234
1809,17,0.019875966012477875
1810,18,0.00951030757278204
1811,18,0.11184287071228027
1812,18,0.009676843881607056
1813,18,0.016269130632281303
1814,18,0.117332324385643
1815,18,0.017515763640403748
1816,18,0.020965635776519775
1817,18,0.018673257902264595
1818,18,0.027760250493884087
1819,18,0.02657623589038849
1820,18,0.04599604383111
1821,18,0.02643354795873165
1822,18,0.11182508617639542
1823,18,0.022840775549411774
1824,18,0.023788128048181534
1825,18,0.02638706937432289
1826,18,0.11740288883447647
1827,18,0.017985446378588676
1828,18,0.024466337636113167
1829,18,0.01283184252679348
1830,18,0.01296400185674429
1831,18,0.010788684710860252
1832,18,0.01295623742043972
1833,18,0.014339843764901161
1834,18,0.01583159528672695
1835,18,0.11930619925260544
1836,18,0.016179291531443596
1837,18,0.018286926671862602
1838,18,0.012449766509234905
1839,18,0.12102578580379486
1840,18,0.018975015729665756
1841,18,0.02763225883245468
1842,18,0.01726335845887661
1843,18,0.024902526289224625
1844,18,0.026597628369927406
1845,18,0.00847303681075573
1846,18,0.026687581092119217
1847,18,0.018421396613121033
1848,18,0.03109486773610115
1849,18,0.025266792625188828
1850,18,0.09967312216758728
1851,18,0.010768407955765724
1852,18,0.01497444324195385
1853,18,0.017559951171278954
1854,18,0.01743393763899803
1855,18,0.013544396497309208
1856,18,0.01325121521949768
1857,18,0.014284729026257992
1858,18,0.015873709693551064
1859,18,0.027735844254493713
1860,18,0.015791282057762146
1861,18,0.016591552644968033
1862,18,0.013971200212836266
1863,18,0.008756042458117008
1864,18,0.017387863248586655
1865,18,0.009308520704507828
1866,18,0.007532516960054636
1867,18,0.005151550285518169
1868,18,0.012861340306699276
1869,18,0.030277125537395477
1870,18,0.011396724730730057
1871,18,0.02434251829981804
1872,18,0.12452781200408936
1873,18,0.01162684615701437
1874,18,0.021001005545258522
1875,18,0.00983402505517006
1876,18,0.03704475238919258
1877,18,0.10068442672491074
1878,18,0.01558363251388073
1879,18,0.023417513817548752
1880,18,0.01577906124293804
1881,18,0.011212630197405815
1882,18,0.01559571735560894
1883,18,0.020474638789892197
1884,18,0.019008025527000427
1885,18,0.029056979343295097
1886,18,0.012210788205265999
1887,18,0.019801413640379906
1888,18,0.018073249608278275
1889,18,0.024638578295707703
1890,18,0.01466316357254982
1891,18,0.11710046231746674
1892,18,0.02596171572804451
1893,18,0.017562247812747955
1894,18,0.0203667264431715
1895,18,0.01609737239778042
1896,18,0.02158382162451744
1897,18,0.11553901433944702
1898,18,0.014559556730091572
1899,18,0.02509111911058426
1900,18,0.014485296793282032
1901,18,0.018284551799297333
1902,18,0.012956412509083748
1903,18,0.02616799809038639
1904,18,0.009282447397708893
1905,18,0.010564209893345833
1906,18,0.023221485316753387
1907,18,0.010388300754129887
1908,18,0.019935239106416702
1909,18,0.03140018507838249
1910,18,0.010981333442032337
1911,18,0.018832970410585403
1912,18,0.01889302209019661
1913,18,0.007706156931817532
1914,18,0.022617492824792862
1915,18,0.022641953080892563
1916,18,0.01383046805858612
1917,18,0.018613671883940697
1918,18,0.02946402318775654
1919,18,0.01263788528740406
1920,18,0.020408188924193382
1921,18,0.10653422027826309
1922,18,0.013222253881394863
1923,18,0.00782114639878273
1924,18,0.018849028274416924
1925,18,0.01594717614352703
1926,18,0.09645222127437592
1927,18,0.01695658266544342
1928,18,0.02481846697628498
1929,18,0.025162819772958755
1930,18,0.016031913459300995
1931,18,0.01290894951671362
1932,18,0.028126506134867668
1933,18,0.02093578316271305
1934,18,0.12231113016605377
1935,18,0.011294333264231682
1936,18,0.010617382824420929
1937,18,0.026370806619524956
1938,18,0.009974976070225239
1939,18,0.017416736111044884
1940,18,0.012948182411491871
1941,18,0.11066418141126633
1942,18,0.026799697428941727
1943,18,0.020787565037608147
1944,18,0.008918723091483116
1945,18,0.01579272747039795
1946,18,0.10332349687814713
1947,18,0.11325070261955261
1948,18,0.013655571267008781
1949,18,0.008691036142408848
1950,18,0.015378396958112717
1951,18,0.017208943143486977
1952,18,0.00968492403626442
1953,18,0.013590548187494278
1954,18,0.012281476520001888
1955,18,0.018006978556513786
1956,18,0.015492379665374756
1957,18,0.014032204635441303
1958,18,0.008349504321813583
1959,18,0.005378746427595615
1960,19,0.011777391657233238
1961,19,0.00693785585463047
1962,19,0.015419306233525276
1963,19,0.025646185502409935
1964,19,0.01315976120531559
1965,19,0.009865600615739822
1966,19,0.010316027328372002
1967,19,0.01597627066075802
1968,19,0.00979103334248066
1969,19,0.014452241361141205
1970,19,0.10444270819425583
1971,19,0.018126025795936584
1972,19,0.010782357305288315
1973,19,0.023034410551190376
1974,19,0.013042088598012924
1975,19,0.11050616949796677
1976,19,0.009848569519817829
1977,19,0.012886934913694859
1978,19,0.024707725271582603
1979,19,0.014531528577208519
1980,19,0.01448883954435587
1981,19,0.013002821244299412
1982,19,0.010405994951725006
1983,19,0.015883052721619606
1984,19,0.1093544289469719
1985,19,0.011067048646509647
1986,19,0.03133318945765495
1987,19,0.008446198888123035
1988,19,0.10410179942846298
1989,19,0.017673904076218605
1990,19,0.014053953811526299
1991,19,0.013452070765197277
1992,19,0.021655049175024033
1993,19,0.00844971276819706
1994,19,0.007457830477505922
1995,19,0.013620942831039429
1996,19,0.01045832596719265
1997,19,0.01641051098704338
1998,19,0.016498295590281487
1999,19,0.020051859319210052
2000,19,0.017023785039782524
2001,19,0.2784234881401062
2002,19,0.13376840949058533
2003,19,0.047092683613300323
2004,19,0.058554232120513916
2005,19,0.07930036634206772
2006,19,0.1249859407544136
2007,19,0.13496170938014984
2008,19,0.09480587393045425
2009,19,0.027725093066692352
2010,19,0.03004785254597664
2011,19,0.1706853061914444
2012,19,0.07873404026031494
2013,19,0.0792354941368103
2014,19,0.06175515428185463
2015,19,0.12530888617038727
2016,19,0.0325755774974823
2017,19,0.06747280061244965
2018,19,0.07205301523208618
2019,19,0.0653659850358963
2020,19,0.056650400161743164
2021,19,0.020381459966301918
2022,19,0.045378945767879486
2023,19,0.03316870704293251
2024,19,0.047350674867630005
2025,19,0.04278658702969551
2026,19,0.024073459208011627
2027,19,0.012085532769560814
2028,19,0.022102316841483116
2029,19,0.03315923362970352
2030,19,0.14045096933841705
2031,19,0.056547366082668304
2032,19,0.033324290066957474
2033,19,0.02782554179430008
2034,19,0.03412400931119919
2035,19,0.04933374002575874
2036,19,0.020172471180558205
2037,19,0.04104653000831604
2038,19,0.017426731064915657
2039,19,0.024042855948209763
2040,19,0.019911667332053185
2041,19,0.1438833773136139
2042,19,0.02889532595872879
2043,19,0.029075058177113533
2044,19,0.014860846102237701
2045,19,0.023706700652837753
2046,19,0.02310856617987156
2047,19,0.017326902598142624
2048,19,0.02636558748781681
2049,19,0.016022607684135437
2050,19,0.011106893420219421
2051,19,0.02152901515364647
2052,19,0.01351086888462305
2053,19,0.01278748456388712
2054,19,0.02644534409046173
2055,19,0.11994743347167969
2056,19,0.02212486043572426
2057,19,0.023838769644498825
2058,19,0.016734179109334946
2059,19,0.10247401148080826
2060,19,0.01759013906121254
2061,19,0.029178297147154808
2062,19,0.01139800250530243
2063,19,0.01558837853372097
2064,19,0.03821387141942978
2065,19,0.013991331681609154
2066,19,0.020285889506340027
2067,19,0.11029630154371262
2068,19,0.10804152488708496
2069,19,0.020618285983800888
2070,19,0.014021110720932484
2071,19,0.030859872698783875
2072,19,0.01129512581974268
2073,19,0.02733887918293476
2074,19,0.013149906881153584
2075,19,0.025685319676995277
2076,19,0.02330649271607399
2077,19,0.017882462590932846
2078,19,0.023487942293286324
2079,19,0.031227679923176765
2080,19,0.0169985331594944
2081,19,0.014247325249016285
2082,19,0.033007729798555374
2083,19,0.016908438876271248
2084,19,0.011766243726015091
2085,19,0.014280292205512524
2086,19,0.018305901437997818
2087,19,0.012037249282002449
2088,19,0.008122138679027557
2089,19,0.01974557340145111
2090,19,0.01670590601861477
2091,19,0.025768233463168144
2092,19,0.022667786106467247
2093,19,0.01466677337884903
2094,19,0.01095208153128624
2095,19,0.01585046388208866
2096,19,0.01853342354297638
2097,19,0.012413878925144672
2098,19,0.023350656032562256
2099,19,0.03348248824477196
2100,19,0.008702144958078861
2101,19,0.010723345912992954
2102,19,0.019491499289870262
2103,19,0.01890413835644722
2104,19,0.012909740209579468
2105,19,0.10899723321199417
2106,19,0.01598513312637806
2107,19,0.01760871522128582
2108,19,0.11393719166517258
2109,19,0.026081671938300133
2110,20,0.006686026696115732
2111,20,0.009463104419410229
2112,20,0.023913828656077385
2113,20,0.015436033718287945
2114,20,0.024571897462010384
2115,20,0.01693006046116352
2116,20,0.019165154546499252
2117,20,0.02523202635347843
2118,20,0.020043877884745598
2119,20,0.015870342031121254
2120,20,0.008177351206541061
2121,20,0.020346535369753838
2122,20,0.023901987820863724
2123,20,0.017166748642921448
2124,20,0.023065287619829178
2125,20,0.022272862493991852
2126,20,0.014666380360722542
2127,20,0.015202635899186134
2128,20,0.009079692885279655
2129,20,0.016912207007408142
2130,20,0.010654703713953495
2131,20,0.01959323137998581
2132,20,0.00901602953672409
2133,20,0.013375623151659966
2134,20,0.014635675586760044
2135,20,0.015932757407426834
2136,20,0.024166155606508255
2137,20,0.006480315700173378
2138,20,0.017290033400058746
2139,20,0.008688905276358128
2140,20,0.01884097047150135
2141,20,0.016689879819750786
2142,20,0.1048099622130394
2143,20,0.015751931816339493
2144,20,0.10531452298164368
2145,20,0.03410840407013893
2146,20,0.019519541412591934
2147,20,0.010570967569947243
2148,20,0.006843000650405884
2149,20,0.012678911909461021
2150,20,0.021507887169718742
2151,20,0.013514675199985504
2152,20,0.016189493238925934
2153,20,0.013337202370166779
2154,20,0.006844164803624153
2155,20,0.013266760855913162
2156,20,0.019984733313322067
2157,20,0.01561707817018032
2158,20,0.012274591252207756
2159,20,0.026743115857243538
2160,20,0.01266879215836525
2161,20,0.013868968933820724
2162,20,0.023820016533136368
2163,20,0.012035595253109932
2164,20,0.02989128977060318
2165,20,0.029040643945336342
2166,20,0.010949404910206795
2167,20,0.011502929963171482
2168,20,0.012223031371831894
2169,20,0.01949908398091793
2170,20,0.10502779483795166
2171,20,0.007851277478039265
2172,20,0.025987843051552773
2173,20,0.015897629782557487
2174,20,0.014888638630509377
2175,20,0.025558575987815857
2176,20,0.013027391396462917
2177,20,0.017598038539290428
2178,20,0.09130004048347473
2179,20,0.01602114737033844
2180,20,0.015200858004391193
2181,20,0.007289662957191467
2182,20,0.008279157802462578
2183,20,0.007608938030898571
2184,20,0.025336552411317825
2185,20,0.00660600233823061
2186,20,0.012796163558959961
2187,20,0.00633724220097065
2188,20,0.009971069172024727
2189,20,0.014594155363738537
2190,20,0.016045870259404182
2191,20,0.025211269035935402
2192,20,0.09836544841527939
2193,20,0.014580778777599335
2194,20,0.011321465484797955
2195,20,0.021178212016820908
2196,20,0.016535259783267975
2197,20,0.013519161380827427
2198,20,0.025950875133275986
2199,20,0.007460602559149265
2200,20,0.01886671595275402
2201,20,0.01358991302549839
2202,20,0.008062683045864105
2203,20,0.018167557194828987
2204,20,0.01269232016056776
2205,20,0.006641462445259094
2206,20,0.08867408335208893
2207,20,0.011135948821902275
2208,20,0.01300880778580904
2209,20,0.011266960762441158
2210,20,0.015004435554146767
2211,20,0.012126059271395206
2212,20,0.015177536755800247
2213,20,0.02750575728714466
2214,20,0.010122839361429214
2215,20,0.028659677132964134
2216,20,0.011462943628430367
2217,20,0.09150781482458115
2218,20,0.007525939028710127
2219,20,0.010780616663396358
2220,20,0.017537163570523262
2221,20,0.013722585514187813
2222,20,0.007966510020196438
2223,20,0.02015947736799717
2224,20,0.012397859245538712
2225,20,0.014412423595786095
2226,20,0.020066063851118088
2227,20,0.010653495788574219
2228,20,0.018280118703842163
2229,20,0.10050306469202042
2230,20,0.01920405961573124
2231,20,0.01036191638559103
2232,20,0.09979692846536636
2233,20,0.1984976977109909
2234,20,0.011290025897324085
2235,20,0.01084584929049015
2236,20,0.016447899863123894
2237,20,0.011895902454853058
2238,20,0.01907019130885601
2239,20,0.010470154695212841
2240,20,0.02120630443096161
2241,20,0.010747995227575302
2242,20,0.020237185060977936
2243,20,0.03053830750286579
2244,20,0.015979217365384102
2245,20,0.017885491251945496
2246,20,0.012582710012793541
2247,20,0.014278329908847809
2248,20,0.010138038545846939
2249,20,0.009455773048102856
2250,20,0.009902069345116615
2251,20,0.3103950619697571
2252,20,0.09559086710214615
2253,20,0.059783682227134705
2254,20,0.04174986481666565
2255,20,0.08627261221408844
2256,20,0.13721397519111633
2257,20,0.16675899922847748
2258,20,0.08965662866830826
2259,20,0.05873643234372139
2260,21,0.14254975318908691
2261,21,0.05955337733030319
2262,21,0.08246943354606628
2263,21,0.046849071979522705
2264,21,0.13683949410915375
2265,21,0.13743093609809875
2266,21,0.050184279680252075
2267,21,0.050554659217596054
2268,21,0.04048839211463928
2269,21,0.04050745815038681
2270,21,0.02492501586675644
2271,21,0.12219081819057465
2272,21,0.03847194463014603
2273,22,0.04235421493649483
2274,22,0.024484366178512573
2275,22,0.02748231589794159
2276,22,0.020845092833042145
2277,22,0.02897004969418049
2278,22,0.01634553261101246
2279,22,0.04224447160959244
2280,22,0.028415104374289513
2281,22,0.025156423449516296
2282,22,0.014981651678681374
2283,22,0.026067985221743584
2284,22,0.017741980031132698
2285,22,0.01940474659204483
2286,22,0.02171982079744339
2287,22,0.025488082319498062
2288,22,0.038113128393888474
2289,22,0.025953374803066254
2290,22,0.0168473981320858
2291,22,0.016898486763238907
2292,22,0.031969521194696426
2293,22,0.01815345138311386
2294,22,0.02104145847260952
2295,22,0.015560325235128403
2296,22,0.035794083029031754
2297,22,0.026809120550751686
2298,22,0.023318108171224594
2299,22,0.02579336427152157
2300,22,0.027482271194458008
2301,22,0.024564852938055992
2302,22,0.015253177843987942
2303,22,0.03238014131784439
2304,22,0.008648477494716644
2305,22,0.01580957882106304
2306,22,0.019746888428926468
2307,22,0.01789887063205242
2308,22,0.03100217692553997
2309,22,0.013874927535653114
2310,22,0.025845728814601898
2311,22,0.01756161078810692
2312,22,0.022436458617448807
2313,22,0.019423848018050194
2314,22,0.023679547011852264
2315,22,0.02885517105460167
2316,22,0.010671212337911129
2317,22,0.03417447581887245
2318,22,0.01625896617770195
2319,22,0.012876441702246666
2320,22,0.023811275139451027
2321,22,0.08875355124473572
2322,22,0.010278875939548016
2323,22,0.011383617296814919
2324,22,0.018142640590667725
2325,22,0.004681762773543596
2326,22,0.010781330056488514
2327,22,0.12775862216949463
2328,22,0.018382668495178223
2329,22,0.012902582995593548
2330,22,0.008693083189427853
2331,22,0.01455380767583847
2332,22,0.009581002406775951
2333,22,0.0123525969684124
2334,22,0.03019862249493599
2335,22,0.026536406949162483
2336,22,0.013015348464250565
2337,22,0.016712870448827744
2338,22,0.030515016987919807
2339,22,0.01125331036746502
2340,22,0.11312490701675415
2341,22,0.018646735697984695
2342,22,0.019349759444594383
2343,22,0.03103097341954708
2344,22,0.01634189300239086
2345,22,0.01382651086896658
2346,22,0.01940903440117836
2347,22,0.01290985755622387
2348,22,0.11370205134153366
2349,22,0.01647914946079254
2350,22,0.021502617746591568
2351,22,0.10225017368793488
2352,22,0.009246072731912136
2353,22,0.009082495234906673
2354,22,0.023983197286725044
2355,22,0.015603442676365376
2356,22,0.018737131729722023
2357,22,0.023898852989077568
2358,22,0.01324019581079483
2359,22,0.015473484992980957
2360,22,0.022879531607031822
2361,22,0.014817265793681145
2362,22,0.11422069370746613
2363,22,0.02273472398519516
2364,22,0.0168246291577816
2365,22,0.026312606409192085
2366,22,0.10277064144611359
2367,22,0.011791465803980827
2368,22,0.024870004504919052
2369,22,0.013389441184699535
2370,22,0.10198624432086945
2371,22,0.10216791927814484
2372,22,0.023274479433894157
2373,22,0.01862611435353756
2374,22,0.02588467299938202
2375,22,0.016820741817355156
2376,22,0.007810303941369057
2377,22,0.09940680116415024
2378,22,0.013150960206985474
2379,22,0.018031686544418335
2380,22,0.012304777279496193
2381,22,0.01360185444355011
2382,22,0.018255410715937614
2383,22,0.027903709560632706
2384,22,0.011516973376274109
2385,22,0.025153372436761856
2386,22,0.027231421321630478
2387,22,0.09843826293945312
2388,22,0.013070909306406975
2389,22,0.10360036045312881
2390,22,0.029537871479988098
2391,22,0.025368211790919304
2392,22,0.014721554704010487
2393,22,0.008685890585184097
2394,22,0.024828411638736725
2395,22,0.018097031861543655
2396,22,0.039208896458148956
2397,22,0.012795788235962391
2398,23,0.015791308134794235
2399,23,0.03479357808828354
2400,23,0.020686155185103416
2401,23,0.01955951377749443
2402,23,0.09881550073623657
2403,23,0.015644976869225502
2404,23,0.015365238301455975
2405,23,0.022123096510767937
2406,23,0.01249811053276062
2407,23,0.13199463486671448
2408,23,0.029934069141745567
2409,23,0.015737012028694153
2410,23,0.10387127846479416
2411,23,0.0198130551725626
2412,23,0.018551664426922798
2413,23,0.011061406694352627
2414,23,0.02257063053548336
2415,23,0.01069165114313364
2416,23,0.11253882199525833
2417,23,0.10867680609226227
2418,23,0.009762189351022243
2419,23,0.014597375877201557
2420,23,0.013729667291045189
2421,23,0.012874707579612732
2422,23,0.014059074223041534
2423,23,0.1010916605591774
2424,23,0.010513697750866413
2425,23,0.014059271663427353
2426,23,0.009601746685802937
2427,23,0.02058405801653862
2428,23,0.012344486080110073
2429,23,0.011427544057369232
2430,23,0.02413301356136799
2431,24,0.02794863097369671
2432,24,0.024962373077869415
2433,24,0.01606818102300167
2434,24,0.02488991990685463
2435,24,0.01721888594329357
2436,24,0.019333520904183388
2437,24,0.010570148006081581
2438,24,0.03524933382868767
2439,24,0.11592001467943192
2440,24,0.014460412785410881
2441,24,0.006201109383255243
2442,24,0.107158362865448
2443,24,0.02504386194050312
2444,24,0.013813276775181293
2445,24,0.018321065232157707
2446,24,0.02445240505039692
2447,24,0.10698790848255157
2448,24,0.025336267426609993
2449,24,0.022038646042346954
2450,24,0.014043525792658329
2451,24,0.0159012358635664
2452,24,0.02066415548324585
2453,24,0.02168733812868595
2454,24,0.025834834203124046
2455,24,0.011546948924660683
2456,24,0.015522658824920654
2457,24,0.10108858346939087
2458,24,0.01288559753447771
2459,24,0.019835002720355988
2460,24,0.01858382672071457
2461,24,0.01864967681467533
2462,24,0.01692006178200245
2463,24,0.010075458325445652
2464,24,0.010707611218094826
2465,24,0.02101096138358116
2466,24,0.016687583178281784
2467,24,0.018576156347990036
2468,24,0.021981365978717804
2469,24,0.01926974020898342
2470,24,0.01668381690979004
2471,24,0.010692920535802841
2472,24,0.021700775250792503
2473,24,0.0259418822824955
2474,24,0.01549824234098196
2475,24,0.014688942581415176
2476,24,0.02076445333659649
2477,24,0.09269263595342636
2478,24,0.005780727602541447
2479,24,0.007766044698655605
2480,24,0.2022724598646164
2481,24,0.11897580325603485
2482,24,0.018696077167987823
2483,24,0.01607385277748108
2484,24,0.03387058153748512
2485,24,0.020169688388705254
2486,24,0.02134876511991024
2487,24,0.019972460344433784
2488,24,0.02596929669380188
2489,24,0.01355263777077198
2490,24,0.01131692435592413
2491,25,0.11078515648841858
2492,25,0.03443797677755356
2493,25,0.01622151955962181
2494,25,0.023285776376724243
2495,25,0.012397765181958675
2496,25,0.018389957025647163
2497,25,0.08969441801309586
2498,25,0.017918530851602554
2499,25,0.01087653823196888
2500,25,0.10019361227750778
2501,25,0.1657567322254181
2502,25,0.11849216371774673
2503,25,0.06487733125686646
2504,25,0.06610936671495438
2505,25,0.10737420618534088
2506,25,0.12660518288612366
2507,25,0.07111600786447525
2508,25,0.06890828907489777
2509,25,0.047851234674453735
2510,25,0.055475544184446335
2511,25,0.06564825773239136
2512,25,0.14137008786201477
2513,25,0.06534939259290695
2514,25,0.11988617479801178
2515,25,0.053366079926490784
2516,25,0.04219065606594086
2517,25,0.06854791939258575
2518,25,0.06723326444625854
2519,25,0.05851301923394203
2520,25,0.03941531106829643
2521,25,0.031076958402991295
2522,25,0.019184086471796036
2523,25,0.020500972867012024
2524,25,0.027056202292442322
2525,25,0.0552242174744606
2526,25,0.044645678251981735
2527,25,0.03587847948074341
2528,25,0.04101086035370827
2529,25,0.017025994136929512
2530,25,0.03733636811375618
2531,25,0.02997245453298092
2532,25,0.044069427996873856
2533,25,0.11957161873579025
2534,25,0.035696834325790405
2535,25,0.03484959900379181
2536,25,0.035984061658382416
2537,25,0.11669005453586578
2538,25,0.01918579451739788
2539,25,0.10693253576755524
2540,25,0.035402752459049225
2541,25,0.03860341012477875
2542,25,0.02268819510936737
2543,25,0.029542315751314163
2544,25,0.12301412224769592
2545,25,0.12268022447824478
2546,25,0.032134801149368286
2547,25,0.022384854033589363
2548,25,0.023905718699097633
2549,25,0.12263774871826172
2550,25,0.021661028265953064
2551,25,0.011166727170348167
2552,25,0.027274295687675476
2553,25,0.027358299121260643
2554,25,0.016954831779003143
2555,25,0.021449603140354156
2556,25,0.021341094747185707
2557,25,0.021890122443437576
2558,25,0.010115399025380611
2559,25,0.02277323231101036
2560,25,0.0940229594707489
2561,25,0.02296365238726139
2562,25,0.029922328889369965
2563,25,0.0133421141654253
2564,25,0.0973457545042038
2565,25,0.09918893873691559
2566,25,0.04523938149213791
2567,25,0.01652996428310871
2568,25,0.02608107216656208
2569,25,0.03082393854856491
2570,25,0.11031243205070496
2571,25,0.01539757288992405
2572,25,0.11802089959383011
2573,25,0.012529514729976654
2574,25,0.02293339930474758
2575,25,0.1059204712510109
2576,25,0.03602305054664612
2577,25,0.030783576890826225
2578,25,0.02121094986796379
2579,25,0.014131322503089905
2580,25,0.01927054487168789
2581,25,0.015843765810132027
2582,25,0.01657065376639366
2583,25,0.03065885417163372
2584,25,0.032972369343042374
2585,25,0.02587694302201271
2586,25,0.01703718677163124
2587,25,0.10349059104919434
2588,25,0.10720886290073395
2589,25,0.017647013068199158
2590,25,0.020982077345252037
2591,25,0.026532741263508797
2592,25,0.0917082354426384
2593,25,0.02984512969851494
2594,25,0.02934930846095085
2595,25,0.016777081415057182
2596,25,0.03005024790763855
2597,25,0.03544142469763756
2598,25,0.018464896827936172
2599,25,0.02536517009139061
2600,25,0.02666044980287552
2601,25,0.031081538647413254
2602,25,0.03619888052344322
2603,25,0.010235751047730446
2604,25,0.014774550683796406
2605,25,0.02044203318655491
2606,25,0.027620552107691765
2607,25,0.01707468181848526
2608,25,0.09562414139509201
2609,25,0.015835387632250786
2610,25,0.02359107695519924
2611,25,0.023901307955384254
2612,25,0.03322950005531311
2613,25,0.01867719739675522
2614,25,0.12391401827335358
2615,25,0.020689159631729126
2616,25,0.01664290390908718
2617,25,0.02383686974644661
2618,25,0.026464946568012238
2619,25,0.024672916159033775
2620,25,0.019114835187792778
2621,25,0.012438200414180756
2622,25,0.014555074274539948
2623,25,0.023657822981476784
2624,25,0.10124687850475311
2625,25,0.18764115869998932
2626,25,0.027009664103388786
2627,25,0.10982070118188858
2628,25,0.014561260119080544
2629,25,0.024408722296357155
2630,25,0.02853386290371418
2631,25,0.10389658063650131
2632,25,0.03022017702460289
2633,25,0.02556019276380539
2634,25,0.019186846911907196
2635,25,0.024612795561552048
2636,25,0.017575733363628387
2637,25,0.008408243767917156
2638,25,0.010666687041521072
2639,25,0.02604791335761547
2640,25,0.022920049726963043
2641,26,0.02978779934346676
2642,26,0.01908932626247406
2643,26,0.04244018346071243
2644,26,0.029833899810910225
2645,26,0.020617425441741943
2646,26,0.0354236364364624
2647,26,0.02158723585307598
2648,26,0.02409728616476059
2649,26,0.017125392332673073
2650,26,0.021106857806444168
2651,26,0.012798232026398182
2652,26,0.016458867117762566
2653,26,0.02002512477338314
2654,26,0.0213141031563282
2655,26,0.03636716306209564
2656,26,0.01234982255846262
2657,26,0.020244646817445755
2658,26,0.017125088721513748
2659,26,0.022173715755343437
2660,26,0.11701645702123642
2661,26,0.03174050152301788
2662,26,0.019450128078460693
2663,26,0.023300087079405785
2664,26,0.02626735344529152
2665,26,0.025708850473165512
2666,26,0.029571272432804108
2667,26,0.019795594736933708
2668,26,0.023541320115327835
2669,26,0.10284240543842316
2670,26,0.020225051790475845
2671,26,0.029798069968819618
2672,26,0.19752345979213715
2673,26,0.01652001589536667
2674,26,0.018187351524829865
2675,26,0.027697721496224403
2676,26,0.02438383549451828
2677,26,0.024738624691963196
2678,26,0.04082838445901871
2679,26,0.019273530691862106
2680,26,0.021846245974302292
2681,26,0.19086341559886932
2682,26,0.0975775197148323
2683,26,0.01623540185391903
2684,26,0.01186380349099636
2685,26,0.016354771330952644
2686,26,0.04208202660083771
2687,26,0.017792632803320885
2688,26,0.10649197548627853
2689,26,0.008164314553141594
2690,26,0.010812365449965
2691,26,0.02488711290061474
2692,26,0.08722518384456635
2693,26,0.022564422339200974
2694,26,0.015537655912339687
2695,26,0.018679218366742134
2696,26,0.11061840504407883
2697,26,0.02652190625667572
2698,26,0.019604777917265892
2699,26,0.1103002056479454
2700,26,0.0162142813205719
2701,26,0.011954233050346375
2702,26,0.020053347572684288
2703,26,0.01797972060739994
2704,26,0.019730526953935623
2705,26,0.016412515193223953
2706,26,0.019688023254275322
2707,26,0.021706081926822662
2708,26,0.021655939519405365
2709,26,0.013674736954271793
2710,26,0.028958791866898537
2711,26,0.01963319629430771
2712,26,0.01923682913184166
2713,26,0.10801342129707336
2714,26,0.021035533398389816
2715,26,0.01757800579071045
2716,26,0.02045740745961666
2717,26,0.017602238804101944
2718,26,0.018925299867987633
2719,26,0.02195255272090435
2720,26,0.014657135121524334
2721,26,0.017749100923538208
2722,26,0.018766900524497032
2723,26,0.09972322732210159
2724,26,0.024542585015296936
2725,26,0.10324021428823471
2726,26,0.010057169012725353
2727,26,0.019649656489491463
2728,26,0.021231994032859802
2729,26,0.014032036066055298
2730,26,0.09414783120155334
2731,26,0.02281911112368107
2732,26,0.09976621717214584
2733,26,0.0988517478108406
2734,26,0.024337725713849068
2735,26,0.09280958771705627
2736,26,0.09211648255586624
2737,26,0.02275368571281433
2738,26,0.019267739728093147
2739,26,0.011272828094661236
2740,26,0.01390992384403944
2741,26,0.023866847157478333
2742,26,0.09734069555997849
2743,26,0.01165880635380745
2744,26,0.018939517438411713
2745,26,0.016083458438515663
2746,27,0.014366231858730316
2747,27,0.02178400196135044
2748,27,0.025110386312007904
2749,27,0.014230812899768353
2750,27,0.016903597861528397
2751,27,0.10113280266523361
2752,27,0.07744316756725311
2753,27,0.15616579353809357
2754,27,0.04209725558757782
2755,27,0.06316109001636505
2756,27,0.07049339264631271
2757,27,0.05268551781773567
2758,27,0.040055543184280396
2759,27,0.0496753491461277
2760,27,0.034001994878053665
2761,27,0.032244544476270676
2762,27,0.04220148175954819
2763,27,0.04004286974668503
2764,27,0.043047163635492325
2765,27,0.056370075792074203
2766,27,0.13464140892028809
2767,27,0.027266787365078926
2768,27,0.03311098739504814
2769,28,0.10919257253408432
2770,28,0.09944867342710495
2771,28,0.048767559230327606
2772,28,0.03453691676259041
2773,28,0.027620380744338036
2774,28,0.03400837630033493
2775,28,0.018706772476434708
2776,28,0.02566291205585003
2777,28,0.11105939000844955
2778,28,0.019961312413215637
2779,28,0.02893085405230522
2780,28,0.01820211298763752
2781,28,0.03407556191086769
2782,28,0.026787633076310158
2783,28,0.024215569719672203
2784,28,0.02158203348517418
2785,28,0.021943144500255585
2786,28,0.020201804116368294
2787,28,0.2105465531349182
2788,28,0.01608545146882534
2789,28,0.02116447128355503
2790,28,0.09729184955358505
2791,28,0.030433783307671547
2792,28,0.11767040193080902
2793,28,0.03319483995437622
2794,28,0.018746662884950638
2795,28,0.022227413952350616
2796,28,0.026812588796019554
2797,28,0.12585097551345825
2798,28,0.023129770532250404
2799,28,0.02588362991809845
2800,28,0.043906550854444504
2801,28,0.025425974279642105
2802,28,0.014633961021900177
2803,28,0.09319991618394852
2804,28,0.021109435707330704
2805,28,0.03402120992541313
2806,28,0.039478205144405365
2807,28,0.03972553834319115
2808,28,0.021335823461413383
2809,28,0.035748668015003204
2810,28,0.016320187598466873
2811,28,0.018497353419661522
2812,28,0.10887517780065536
2813,28,0.01956791989505291
2814,28,0.025987593457102776
2815,28,0.024318598210811615
2816,28,0.1193520724773407
2817,28,0.027794845402240753
2818,28,0.01848156377673149
2819,28,0.03083421289920807
2820,28,0.034797366708517075
2821,28,0.02617022581398487
2822,28,0.030731208622455597
2823,28,0.17856785655021667
2824,28,0.10410243272781372
2825,28,0.02759595960378647
2826,28,0.10947968065738678
2827,28,0.019980909302830696
2828,28,0.029398368671536446
2829,28,0.023455992341041565
2830,28,0.03457404673099518
2831,28,0.021664412692189217
2832,28,0.02627680078148842
2833,28,0.028189226984977722
2834,28,0.02142704650759697
2835,28,0.035179659724235535
2836,28,0.03354518115520477
2837,28,0.020643316209316254
2838,28,0.02434612065553665
2839,28,0.013716982677578926
2840,28,0.015015175566077232
2841,28,0.024541333317756653
2842,28,0.008055318146944046
2843,28,0.014126962050795555
2844,28,0.10608931630849838
2845,28,0.01725131645798683
2846,28,0.02100350335240364
2847,28,0.014009549282491207
2848,28,0.022331805899739265
2849,28,0.023461341857910156
2850,28,0.013852786272764206
2851,28,0.02369183488190174
2852,28,0.1043928936123848
2853,28,0.028447825461626053
2854,28,0.024821054190397263
2855,28,0.01703527383506298
2856,28,0.03474022448062897
2857,28,0.013319048099219799
2858,28,0.016465509310364723
2859,28,0.013631347566843033
2860,28,0.06030962988734245
2861,29,0.1070355474948883
2862,29,0.014782562851905823
2863,29,0.0259566530585289
2864,29,0.11020063608884811
2865,29,0.03864702954888344
2866,29,0.11036790162324905
2867,29,0.10213122516870499
2868,29,0.023394150659441948
2869,29,0.01902081072330475
2870,29,0.03236640617251396
2871,29,0.012904678471386433
2872,29,0.0177083071321249
2873,29,0.013391833752393723
2874,29,0.035392411053180695
2875,29,0.021906625479459763
2876,29,0.016416339203715324
2877,29,0.01563112810254097
2878,29,0.021785197779536247
2879,29,0.025605924427509308
2880,29,0.013814879581332207
2881,29,0.029402196407318115
2882,29,0.0209378432482481
2883,29,0.032726265490055084
2884,29,0.02923247590661049
2885,29,0.02559015527367592
2886,29,0.023827556520700455
2887,29,0.042127251625061035
2888,29,0.03125419840216637
2889,29,0.022290799766778946
2890,29,0.03643245995044708
2891,29,0.11774183809757233
2892,29,0.01842234842479229
2893,29,0.022361667826771736
2894,29,0.025582825765013695
2895,29,0.016470912843942642
2896,29,0.021046994253993034
2897,29,0.18163089454174042
2898,29,0.014293735846877098
2899,29,0.022680431604385376
2900,29,0.03223139047622681
2901,29,0.027300536632537842
2902,29,0.02538979798555374
2903,29,0.015906834974884987
2904,29,0.09975484758615494
2905,29,0.020182382315397263
2906,29,0.11065852642059326
2907,29,0.02738456055521965
2908,29,0.09606912732124329
2909,29,0.11514642834663391
2910,29,0.01776229590177536
2911,29,0.11687301844358444
2912,29,0.03920694813132286
2913,29,0.0215015709400177
2914,29,0.018757086247205734
2915,29,0.03683648630976677
2916,29,0.02695377729833126
2917,29,0.11460818350315094
2918,29,0.023452622815966606
2919,29,0.012602578848600388
2920,29,0.020244374871253967
2921,29,0.030886104330420494
2922,29,0.029772698879241943
2923,29,0.032440949231386185
2924,29,0.021337633952498436
2925,29,0.026404619216918945
2926,29,0.018259098753333092
2927,29,0.03273382782936096
2928,29,0.011463982984423637
2929,29,0.02970314584672451
2930,29,0.10863228887319565
2931,29,0.026547327637672424
2932,29,0.03346085548400879
2933,29,0.01911746710538864
2934,29,0.015902522951364517
2935,29,0.02218121476471424
2936,29,0.03237118571996689
2937,29,0.01592174917459488
2938,29,0.035701051354408264
2939,29,0.03015090338885784
2940,29,0.036334674805402756
2941,29,0.025067513808608055
2942,29,0.020789315924048424
2943,29,0.028270790353417397
2944,29,0.011220443062484264
2945,29,0.006757915019989014
2946,29,0.01060578040778637
2947,29,0.019299376755952835
2948,29,0.014186807908117771
2949,29,0.03467182070016861
2950,29,0.023153316229581833
2951,29,0.015794096514582634
2952,29,0.01826917938888073
2953,30,0.027056172490119934
2954,30,0.023608937859535217
2955,30,0.014271036721765995
2956,30,0.03241593763232231
2957,30,0.028184808790683746
2958,30,0.019119100645184517
2959,30,0.04224050045013428
2960,30,0.09855110198259354
2961,30,0.02485937438905239
2962,30,0.025813976302742958
2963,30,0.11060882359743118
2964,30,0.025464404374361038
2965,30,0.022357594221830368
2966,30,0.039516277611255646
2967,30,0.01828598789870739
2968,30,0.026804519817233086
2969,30,0.026433497667312622
2970,30,0.042636651545763016
2971,30,0.013271873816847801
2972,30,0.01520527247339487
2973,30,0.028106458485126495
2974,30,0.013942376710474491
2975,30,0.021610073745250702
2976,30,0.02621833235025406
2977,31,0.012380208820104599
2978,31,0.10628141462802887
2979,31,0.020824678242206573
2980,31,0.040786806493997574
2981,31,0.016952471807599068
2982,31,0.019209127873182297
2983,31,0.12217708677053452
2984,31,0.016243813559412956
2985,32,0.014593180269002914
2986,32,0.03238184005022049
2987,32,0.016374889761209488
2988,32,0.12641160190105438
2989,32,0.018909785896539688
2990,32,0.08901717513799667
2991,32,0.1274581253528595
2992,32,0.13654427230358124
2993,32,0.020093295723199844
2994,32,0.10361415892839432
2995,32,0.018632732331752777
2996,32,0.0312846414744854
2997,32,0.014724805019795895
2998,32,0.018388766795396805
2999,32,0.01911209709942341
3000,32,0.10605083405971527
3001,32,0.07965550571680069
3002,32,0.08786502480506897
3003,32,0.23487776517868042
3004,32,0.05699555203318596
3005,32,0.030984237790107727
3006,32,0.12446343898773193
3007,32,0.07808173447847366
3008,32,0.0785609781742096
3009,32,0.03127149119973183
3010,32,0.0487431138753891
3011,32,0.06045912206172943
3012,32,0.09982910007238388
3013,32,0.046610277146101
3014,32,0.039973124861717224
3015,32,0.05138114094734192
3016,32,0.048071011900901794
3017,32,0.05093538388609886
3018,32,0.03666739538311958
3019,32,0.11413032561540604
3020,32,0.03841788321733475
3021,32,0.030606918036937714
3022,32,0.030732665210962296
3023,32,0.0469217412173748
3024,32,0.11779327690601349
3025,32,0.029929161071777344
3026,32,0.11891832202672958
3027,32,0.03582419082522392
3028,32,0.20183371007442474
3029,32,0.028152476996183395
3030,32,0.03760632872581482
3031,32,0.04728138446807861
3032,32,0.02859862893819809
3033,32,0.11394496262073517
3034,32,0.04200011119246483
3035,32,0.032025501132011414
3036,32,0.027162576094269753
3037,32,0.03011283092200756
3038,32,0.02968076802790165
3039,32,0.10266285389661789
3040,32,0.017783282324671745
3041,32,0.0351555198431015
3042,32,0.03520344942808151
3043,32,0.10100433975458145
3044,32,0.03417788818478584
3045,32,0.020767100155353546
3046,32,0.1196657344698906
3047,33,0.1133861318230629
3048,33,0.012520823627710342
3049,33,0.03341703861951828
3050,33,0.024511976167559624
3051,33,0.04577566683292389
3052,33,0.027959467843174934
3053,33,0.030607711523771286
3054,33,0.017570290714502335
3055,33,0.014245803467929363
3056,33,0.12102700769901276
3057,33,0.019719047471880913
3058,33,0.03461895138025284
3059,33,0.02410806342959404
3060,33,0.01330249011516571
3061,33,0.11295736581087112
3062,33,0.05120328441262245
3063,33,0.0920594334602356
3064,33,0.029686646535992622
3065,33,0.03119693323969841
3066,33,0.02371733821928501
3067,33,0.01481656450778246
3068,33,0.10374071449041367
3069,34,0.021947920322418213
3070,34,0.015105413272976875
3071,34,0.025141606107354164
3072,34,0.03078985959291458
3073,34,0.04420614242553711
3074,34,0.022090943530201912
3075,34,0.02574043907225132
3076,34,0.02157178334891796
3077,34,0.023826371878385544
3078,34,0.038214102387428284
3079,34,0.02416936121881008
3080,34,0.028605587780475616
3081,34,0.033899664878845215
3082,34,0.037858523428440094
3083,34,0.026545586064457893
3084,34,0.024409212172031403
3085,34,0.021281516179442406
3086,34,0.03554018959403038
3087,34,0.10270459204912186
3088,34,0.029248252511024475
3089,34,0.03658473864197731
3090,35,0.037146203219890594
3091,35,0.04446665942668915
3092,35,0.093864306807518
3093,35,0.02427714876830578
3094,35,0.03361761197447777
3095,35,0.03697093203663826
3096,35,0.022308554500341415
3097,35,0.02608535811305046
3098,35,0.025982143357396126
3099,35,0.04212673380970955
3100,35,0.022601593285799026
3101,35,0.034713778644800186
3102,35,0.030016843229532242
3103,35,0.02168928273022175
3104,35,0.041992612183094025
3105,35,0.12177007645368576
3106,35,0.02569866180419922
3107,35,0.20681346952915192
3108,35,0.04289691150188446
3109,35,0.03298380598425865
3110,35,0.031172186136245728
3111,35,0.035849906504154205
3112,35,0.11452896893024445
3113,35,0.11433025449514389
3114,35,0.12108104676008224
3115,35,0.021220657974481583
3116,35,0.022437095642089844
3117,35,0.020151887089014053
3118,35,0.01798146963119507
3119,35,0.032940573990345
3120,35,0.017397595569491386
3121,35,0.039694152772426605
3122,35,0.02981296181678772
3123,35,0.17699138820171356
3124,35,0.038133855909109116
3125,35,0.022836927324533463
3126,35,0.024085279554128647
3127,36,0.03298557177186012
3128,36,0.0463782362639904
3129,36,0.02637340873479843
3130,36,0.04418136179447174
3131,36,0.0225884597748518
3132,36,0.022680308669805527
3133,36,0.02822721004486084
3134,36,0.02251579426229
3135,36,0.10784140229225159
3136,36,0.03552906587719917
3137,36,0.04599449411034584
3138,36,0.04407332092523575
3139,36,0.023267125710844994
3140,36,0.11003056168556213
3141,36,0.1075427234172821
3142,36,0.034530896693468094
3143,36,0.027864785864949226
3144,36,0.03900531679391861
3145,36,0.024218164384365082
3146,36,0.01934448443353176
3147,36,0.029837483540177345
3148,36,0.028245393186807632
3149,36,0.028563128784298897
3150,36,0.024087395519018173
3151,36,0.03207644820213318
3152,36,0.0997677743434906
3153,37,0.03184323385357857
3154,37,0.02390652522444725
3155,37,0.03886104375123978
3156,37,0.039313457906246185
3157,37,0.10733214020729065
3158,37,0.11905975639820099
3159,37,0.018850764259696007
3160,37,0.023505738005042076
3161,37,0.10297561436891556
3162,37,0.02352527529001236
3163,37,0.08616471290588379
3164,37,0.020719854161143303
3165,37,0.11972276866436005
3166,37,0.01508153323084116
3167,37,0.10029139369726181
3168,37,0.026505030691623688
3169,37,0.10844054818153381
3170,37,0.021364396438002586
3171,37,0.12014278024435043
3172,37,0.025286315008997917
3173,37,0.027208471670746803
3174,37,0.17191818356513977
3175,37,0.03210407495498657
3176,37,0.020458191633224487
3177,37,0.10443885624408722
3178,37,0.03890710696578026
3179,37,0.023430511355400085
3180,37,0.030144963413476944
3181,37,0.11264355480670929
3182,37,0.10628814250230789
3183,37,0.028350528329610825
3184,37,0.02817114070057869
3185,37,0.09911725670099258
3186,37,0.017016783356666565
3187,37,0.01800341159105301
3188,37,0.026068689301609993
3189,37,0.017670143395662308
3190,37,0.021018238738179207
3191,37,0.029299799352884293
3192,37,0.03269315883517265
3193,37,0.10849069058895111
3194,37,0.02822270430624485
3195,37,0.11221089214086533
3196,37,0.03847063332796097
3197,37,0.031984880566596985
3198,37,0.11171209067106247
3199,37,0.030553622171282768
3200,37,0.025691354647278786
3201,37,0.028862200677394867
3202,37,0.026229821145534515
3203,37,0.03878336399793625
3204,37,0.033065225929021835
3205,37,0.10844968259334564
3206,37,0.03167865425348282
3207,37,0.0427737720310688
3208,37,0.023150242865085602
3209,37,0.03537809103727341
3210,37,0.10806272178888321
3211,37,0.030214376747608185
3212,37,0.11991584300994873
3213,37,0.030871093273162842
3214,37,0.02448110654950142
3215,37,0.01746971532702446
3216,37,0.0311345886439085
3217,37,0.02951049990952015
3218,37,0.09137189388275146
3219,37,0.029998820275068283
3220,37,0.019545266404747963
3221,37,0.04564812779426575
3222,37,0.11462274938821793
3223,37,0.023638492450118065
3224,37,0.02345164865255356
3225,37,0.10221017897129059
3226,37,0.029622886329889297
3227,37,0.019039569422602654
3228,37,0.10484182089567184
3229,37,0.17950405180454254
3230,37,0.01819240115582943
3231,37,0.026361405849456787
3232,37,0.10617221891880035
3233,37,0.02554081380367279
3234,37,0.017427874729037285
3235,37,0.02257424220442772
3236,37,0.03479465842247009
3237,37,0.02536137029528618
3238,37,0.023343108594417572
3239,37,0.013651999644935131
3240,37,0.02970304898917675
3241,37,0.020291514694690704
3242,37,0.026594793424010277
3243,37,0.0976572260260582
3244,37,0.025488033890724182
3245,37,0.17456039786338806
3246,37,0.01874510571360588
3247,37,0.09515552967786789
3248,37,0.018936384469270706
3249,37,0.11861292272806168
3250,38,0.03519479185342789
3251,38,0.05750077962875366
3252,38,0.09357929229736328
3253,38,0.06256408989429474
3254,38,0.1201111376285553
3255,38,0.13459068536758423
3256,38,0.05120726674795151
3257,38,0.048085376620292664
3258,38,0.04767436534166336
3259,38,0.05044133961200714
3260,38,0.03092004545032978
3261,38,0.04503404349088669
3262,38,0.04494927451014519
3263,38,0.09888530522584915
3264,38,0.04111223667860031
3265,38,0.04008527100086212
3266,38,0.10187862813472748
3267,38,0.1113922968506813
3268,38,0.10231484472751617
3269,38,0.028999662026762962
3270,38,0.033548541367053986
3271,38,0.02959246188402176
3272,38,0.0387951098382473
3273,38,0.03772200644016266
3274,38,0.03095092624425888
3275,38,0.025600522756576538
3276,38,0.043964192271232605
3277,38,0.03127428889274597
3278,38,0.03379477187991142
3279,38,0.0346120186150074
3280,38,0.04218620806932449
3281,38,0.05404287949204445
3282,38,0.04220941290259361
3283,38,0.03374791517853737
3284,38,0.022155161947011948
3285,38,0.030994616448879242
3286,38,0.04314469173550606
3287,38,0.09871471673250198
3288,38,0.03247443959116936
3289,38,0.026992863044142723
3290,38,0.030433647334575653
3291,39,0.025765258818864822
3292,39,0.11821448057889938
3293,39,0.050075992941856384
3294,39,0.10419506579637527
3295,39,0.10342705249786377
3296,39,0.26423561573028564
3297,39,0.10388756543397903
3298,39,0.036521364003419876
3299,39,0.023850254714488983
3300,39,0.043147556483745575
3301,39,0.03640750050544739
3302,39,0.03251129388809204
3303,39,0.0375642403960228
3304,39,0.019409026950597763
3305,39,0.028774386271834373
3306,39,0.023842820897698402
3307,39,0.038844458758831024
3308,39,0.12033049762248993
3309,39,0.034849703311920166
3310,39,0.045846983790397644
3311,39,0.03278348967432976
3312,40,0.04102415218949318
3313,40,0.11626698821783066
3314,40,0.03793621435761452
3315,40,0.020259642973542213
3316,40,0.02648530900478363
3317,40,0.02205166034400463
3318,40,0.015167980454862118
3319,40,0.020233945921063423
3320,40,0.03181970864534378
3321,40,0.044044025242328644
3322,40,0.04309088736772537
3323,40,0.09136047959327698
3324,40,0.052073754370212555
3325,40,0.10883306711912155
3326,40,0.03699933737516403
3327,40,0.02389719896018505
3328,40,0.02840217761695385
3329,40,0.08743941783905029
3330,40,0.0454309806227684
3331,40,0.04752776026725769
3332,40,0.027983367443084717
3333,40,0.050533633679151535
3334,40,0.10306130349636078
3335,40,0.0285552479326725
3336,40,0.028735807165503502
3337,40,0.17697520554065704
3338,40,0.02955315262079239
3339,40,0.09310304373502731
3340,40,0.08912952244281769
3341,40,0.0245678573846817
3342,40,0.034054141491651535
3343,40,0.04168146848678589
3344,40,0.04823708161711693
3345,40,0.03874383121728897
3346,40,0.02542559802532196
3347,40,0.049503810703754425
3348,40,0.041233599185943604
3349,40,0.030348652973771095
3350,40,0.04822154343128204
3351,40,0.03331697732210159
3352,40,0.016491970047354698
3353,40,0.02638336457312107
3354,40,0.031230639666318893
3355,40,0.09452331811189651
3356,40,0.03598993271589279
3357,40,0.02909236028790474
3358,40,0.10761994868516922
3359,40,0.036329757422208786
3360,40,0.09651439636945724
3361,40,0.03216223791241646
3362,40,0.044194240123033524
3363,40,0.022972945123910904
3364,40,0.03558628261089325
3365,40,0.10550040006637573
3366,40,0.11226330697536469
3367,40,0.05658722668886185
3368,40,0.026404809206724167
3369,40,0.10679014027118683
3370,40,0.033098749816417694
3371,40,0.03256037458777428
3372,40,0.03439589962363243
3373,40,0.030518852174282074
3374,40,0.024797610938549042
3375,40,0.02449829876422882
3376,40,0.040059201419353485
3377,40,0.03603360801935196
3378,40,0.026771431788802147
3379,40,0.02382577583193779
3380,40,0.027149111032485962
3381,40,0.04526663199067116
3382,40,0.038638144731521606
3383,40,0.02895924262702465
3384,40,0.04588247090578079
3385,40,0.10061153024435043
3386,40,0.0349559485912323
3387,40,0.09505731612443924
3388,40,0.12342502176761627
3389,40,0.03666864335536957
3390,40,0.02015572413802147
3391,40,0.039099980145692825
3392,40,0.014076678082346916
3393,40,0.033471085131168365
3394,40,0.08575157821178436
3395,40,0.10913577675819397
3396,40,0.02440711110830307
3397,40,0.039748575538396835
3398,40,0.024170788004994392
3399,40,0.048779550939798355
3400,41,0.037866633385419846
3401,41,0.03918493166565895
3402,41,0.10543911159038544
3403,41,0.04918958619236946
3404,41,0.04763586446642876
3405,41,0.024646909907460213
3406,41,0.028290674090385437
3407,41,0.04115041345357895
3408,41,0.02740732580423355
3409,41,0.09837310016155243
3410,41,0.0279480442404747
3411,41,0.03994844853878021
3412,41,0.10688284039497375
3413,41,0.038010478019714355
3414,41,0.020026955753564835
3415,41,0.0813198983669281
3416,41,0.1048412024974823
3417,41,0.027840113267302513
3418,41,0.015512624755501747
3419,41,0.026594089344143867
3420,41,0.08050701022148132
3421,41,0.02999206818640232
3422,41,0.02624434046447277
3423,41,0.024292707443237305
3424,41,0.11588884145021439
3425,41,0.02949296496808529
3426,41,0.0307758878916502
3427,41,0.1083364486694336
3428,41,0.03124982863664627
3429,41,0.044046156108379364
3430,41,0.11956356465816498
3431,41,0.021748553961515427
3432,41,0.0948997512459755
3433,41,0.04068728908896446
3434,41,0.025734981521964073
3435,41,0.09671473503112793
3436,41,0.04057621583342552
3437,41,0.11374527215957642
3438,41,0.02605687454342842
3439,41,0.032596733421087265
3440,41,0.026390718296170235
3441,41,0.09634581953287125
3442,41,0.023513639345765114
3443,41,0.02478623017668724
3444,41,0.022406699135899544
3445,41,0.033204659819602966
3446,41,0.023956872522830963
3447,41,0.02639893814921379
3448,41,0.08782655000686646
3449,41,0.017268970608711243
3450,41,0.09626864641904831
3451,41,0.02420908957719803
3452,41,0.09460747241973877
3453,42,0.027447164058685303
3454,42,0.0176184494048357
3455,42,0.02642218768596649
3456,42,0.038358401507139206
3457,42,0.08544868975877762
3458,42,0.03727804124355316
3459,42,0.029660195112228394
3460,42,0.025725454092025757
3461,42,0.03356990963220596
3462,42,0.03019268438220024
3463,42,0.025126053020358086
3464,42,0.025592338293790817
3465,42,0.09529859572649002
3466,42,0.09674578160047531
3467,42,0.024196868762373924
3468,42,0.019720647484064102
3469,42,0.023791169747710228
3470,42,0.11096629500389099
3471,42,0.09858096390962601
3472,42,0.03654059022665024
3473,42,0.018468739464879036
3474,42,0.0960724949836731
3475,42,0.16102512180805206
3476,43,0.02171926200389862
3477,43,0.02262791618704796
3478,43,0.03131736069917679
3479,43,0.1091546043753624
3480,43,0.03577975928783417
3481,43,0.031885776668787
3482,43,0.02459794655442238
3483,43,0.023846670985221863
3484,43,0.028929471969604492
3485,43,0.1110507920384407
3486,43,0.03280537202954292
3487,43,0.027595899999141693
3488,43,0.1274324655532837
3489,43,0.049785397946834564
3490,43,0.022861594334244728
3491,43,0.022938594222068787
3492,43,0.10075801610946655
3493,43,0.1863509714603424
3494,43,0.08902726322412491
3495,43,0.03196876496076584
3496,43,0.040754493325948715
3497,43,0.020679008215665817
3498,43,0.10996399819850922
3499,43,0.10850434005260468
3500,43,0.0870627909898758
3501,43,0.0680641308426857
3502,43,0.08212161064147949
3503,43,0.07046107947826385
3504,43,0.0531410314142704
3505,43,0.06819821894168854
3506,43,0.04006868973374367
3507,43,0.03541138768196106
3508,43,0.04677456244826317
3509,43,0.03457687050104141
3510,43,0.027409037575125694
3511,43,0.04648850858211517
3512,43,0.0514017716050148
3513,43,0.2826894223690033
3514,43,0.03422914072871208
3515,43,0.04225574806332588
3516,43,0.05581096187233925
3517,43,0.030888540670275688
3518,43,0.06067846342921257
3519,43,0.027865272015333176
3520,43,0.12580670416355133
3521,43,0.16633416712284088
3522,43,0.04070346802473068
3523,43,0.02774740755558014
3524,43,0.028814397752285004
3525,43,0.029814356938004494
3526,43,0.04278835654258728
3527,43,0.11927716434001923
3528,43,0.02326188236474991
3529,43,0.09856072813272476
3530,43,0.10039454698562622
3531,43,0.059554051607847214
3532,43,0.153387650847435
3533,43,0.029124677181243896
3534,43,0.0496310293674469
3535,43,0.09929810464382172
3536,43,0.03840123489499092
3537,43,0.10736208409070969
3538,43,0.04337848350405693
3539,43,0.09487440437078476
3540,43,0.0875302106142044
3541,43,0.02233945205807686
3542,43,0.1829604208469391
3543,43,0.02718934416770935
3544,43,0.09744849056005478
3545,43,0.028598567470908165
3546,43,0.04168209806084633
3547,43,0.09174776822328568
3548,43,0.11467722058296204
3549,43,0.02462787739932537
3550,43,0.10977181792259216
3551,43,0.06042991951107979
3552,43,0.08145742863416672
3553,43,0.042196694761514664
3554,43,0.041844919323921204
3555,43,0.03057209961116314
3556,43,0.03248393163084984
3557,43,0.04047291725873947
3558,43,0.11462879180908203
3559,43,0.034027229994535446
3560,43,0.09723333269357681
3561,43,0.028070669621229172
3562,43,0.032637689262628555
3563,43,0.11013119667768478
3564,43,0.038302380591630936
3565,43,0.10504821687936783
3566,43,0.012508080340921879
3567,43,0.023571396246552467
3568,43,0.22712448239326477
3569,43,0.10809914022684097
3570,43,0.04045883193612099
3571,43,0.08740145713090897
3572,43,0.02285035327076912
3573,43,0.046713776886463165
3574,43,0.035364046692848206
3575,43,0.023342115804553032
3576,43,0.028322719037532806
3577,43,0.03246826305985451
3578,43,0.08874623477458954
3579,43,0.03502502664923668
3580,43,0.030260730534791946
3581,43,0.03131294623017311
3582,43,0.16958467662334442
3583,43,0.11390676349401474
3584,43,0.10588011890649796
3585,43,0.03640512377023697
3586,43,0.042489271610975266
3587,43,0.0978316217660904
3588,43,0.03942085802555084
3589,43,0.03159136325120926
3590,43,0.03017653524875641
3591,43,0.020981786772608757
3592,43,0.02660849131643772
3593,43,0.09758219122886658
3594,43,0.045819468796253204
3595,43,0.0320618599653244
3596,43,0.039863672107458115
3597,43,0.16477960348129272
3598,43,0.03601478040218353
3599,43,0.12010043859481812
3600,43,0.10550375282764435
3601,43,0.03587234020233154
3602,43,0.09678436815738678
3603,43,0.11180092394351959
3604,43,0.04863765463232994
3605,43,0.04280215874314308
3606,43,0.03515506163239479
3607,43,0.02484416961669922
3608,43,0.04725663736462593
3609,43,0.1276952475309372
3610,43,0.012044563889503479
3611,43,0.11537183076143265
3612,43,0.0314461812376976
3613,43,0.015545032918453217
3614,43,0.054802872240543365
3615,43,0.019411196932196617
3616,43,0.059301041066646576
3617,43,0.033145785331726074
3618,43,0.023761270567774773
3619,43,0.022501353174448013
3620,43,0.0470522902905941
3621,43,0.014028281904757023
3622,43,0.020271895453333855
3623,43,0.03399723023176193
3624,43,0.04396843537688255
3625,43,0.17451007664203644
3626,44,0.030065126717090607
3627,44,0.044265784323215485
3628,44,0.12114238739013672
3629,44,0.03486252203583717
3630,44,0.028770191594958305
3631,44,0.024910666048526764
3632,44,0.10177476704120636
3633,44,0.03573497757315636
3634,44,0.018174249678850174
3635,44,0.09902840852737427
3636,44,0.026151888072490692
3637,44,0.029532110318541527
3638,44,0.09052705019712448
3639,44,0.02559075318276882
3640,44,0.0999954491853714
3641,44,0.2354145050048828
3642,44,0.09172575175762177
3643,44,0.02234426699578762
3644,44,0.08284024149179459
3645,45,0.03347592055797577
3646,45,0.08776213973760605
3647,45,0.04147068411111832
3648,45,0.10906385630369186
3649,45,0.15976566076278687
3650,45,0.02431577630341053
3651,45,0.09850887209177017
3652,45,0.10590243339538574
3653,45,0.03631588816642761
3654,45,0.0233719851821661
3655,45,0.03775714337825775
3656,45,0.04106881469488144
3657,46,0.02623215690255165
3658,46,0.09846183657646179
3659,46,0.0924612432718277
3660,46,0.03148825094103813
3661,46,0.03220144659280777
3662,46,0.03421209380030632
3663,46,0.08319184929132462
3664,46,0.034139484167099
3665,46,0.040980931371450424
3666,46,0.11277221143245697
3667,46,0.029084205627441406
3668,46,0.021279362961649895
3669,46,0.020436987280845642
3670,46,0.10077565908432007
3671,46,0.043801553547382355
3672,46,0.03510301932692528
3673,46,0.03254694864153862
3674,46,0.019614385440945625
3675,46,0.1017996072769165
3676,46,0.0842166468501091
3677,46,0.11852534860372543
3678,46,0.03673592582345009
3679,46,0.026792703196406364
3680,46,0.09630566835403442
3681,46,0.03785896673798561
3682,46,0.048536986112594604
3683,46,0.06620180606842041
3684,46,0.09118565171957016
3685,46,0.025971606373786926
3686,46,0.038036148995161057
3687,46,0.09664468467235565
3688,46,0.02596188709139824
3689,46,0.028568264096975327
3690,46,0.09244562685489655
3691,46,0.01941600814461708
3692,46,0.11053168028593063
3693,46,0.09980569034814835
3694,46,0.020445412024855614
3695,46,0.02528824657201767
3696,46,0.02735327184200287
3697,46,0.030488811433315277
3698,46,0.02811885066330433
3699,46,0.025867700576782227
3700,46,0.10526815056800842
3701,46,0.0970710813999176
3702,46,0.15068669617176056
3703,47,0.032470401376485825
3704,47,0.22331957519054413
3705,47,0.03961516171693802
3706,47,0.09595925360918045
3707,47,0.0352223664522171
3708,47,0.02808353304862976
3709,47,0.028117788955569267
3710,47,0.027096908539533615
3711,47,0.10159658640623093
3712,47,0.025477759540081024
3713,47,0.09172585606575012
3714,48,0.01724194921553135
3715,48,0.041258808225393295
3716,48,0.031118372455239296
3717,48,0.08807896077632904
3718,48,0.0351562537252903
3719,48,0.03048057109117508
3720,48,0.03594759851694107
3721,48,0.026050545275211334
3722,48,0.04472573846578598
3723,48,0.016669323667883873
3724,48,0.028473306447267532
3725,48,0.11096981167793274
3726,48,0.039093248546123505
3727,48,0.11033660173416138
3728,48,0.09816420823335648
3729,48,0.022562526166439056
3730,49,0.1091274544596672
3731,49,0.04253733158111572
3732,49,0.14435240626335144
3733,49,0.08207502216100693
3734,49,0.036949366331100464
3735,49,0.048634689301252365
3736,49,0.08729677647352219
3737,49,0.026626573875546455
3738,49,0.025150522589683533
3739,49,0.027412228286266327
3740,49,0.03680502995848656
3741,49,0.08970930427312851
3742,49,0.10452382266521454
3743,49,0.07843401283025742
3744,49,0.08441443741321564
3745,49,0.08694490790367126
3746,50,0.11124835908412933
3747,50,0.03463001921772957
3748,50,0.028853440657258034
3749,50,0.08788544684648514
3750,50,0.09719641506671906
3751,50,0.1444297432899475
3752,50,0.05048968642950058
3753,50,0.04731974005699158
3754,50,0.16560155153274536
3755,50,0.03525693342089653
3756,50,0.0421333909034729
3757,50,0.04302859678864479
3758,50,0.04463797062635422
3759,50,0.03490046411752701
3760,50,0.04315720871090889
3761,50,0.1152220070362091
3762,50,0.13240395486354828
3763,50,0.05484766885638237
3764,50,0.166073739528656
3765,50,0.0327630378305912
3766,50,0.03243563324213028
3767,50,0.11364643275737762
3768,50,0.03481953591108322
3769,50,0.09696464985609055
3770,50,0.03883322700858116
3771,50,0.026485005393624306
3772,50,0.047420185059309006
3773,50,0.059670835733413696
3774,50,0.029238836839795113
3775,50,0.04271732270717621
3776,50,0.040520790964365005
3777,50,0.036932699382305145
3778,50,0.11410350352525711
3779,51,0.1737895905971527
3780,51,0.038590021431446075
3781,51,0.17026999592781067
3782,51,0.11313484609127045
3783,51,0.12464749813079834
3784,51,0.023714115843176842
3785,51,0.041984811425209045
3786,51,0.035345643758773804
3787,51,0.11744706332683563
3788,51,0.03854789957404137
3789,51,0.03318462893366814
3790,51,0.023426366969943047
3791,51,0.0902041494846344
3792,51,0.046836454421281815
3793,51,0.14109747111797333
3794,51,0.031516071408987045
3795,51,0.1032487004995346
3796,51,0.036263685673475266
3797,51,0.12940283119678497
3798,51,0.037304092198610306
3799,51,0.023555878549814224
3800,51,0.1080789864063263
3801,51,0.053872477263212204
3802,51,0.03194147348403931
3803,51,0.10614488273859024
3804,51,0.030941151082515717
3805,51,0.03344717621803284
3806,52,0.02589268796145916
3807,52,0.023025868460536003
3808,52,0.03778507933020592
3809,52,0.09155964106321335
3810,52,0.02225937321782112
3811,52,0.09102700650691986
3812,52,0.027581533417105675
3813,52,0.08317149430513382
3814,52,0.08318204432725906
3815,52,0.028422629460692406
3816,52,0.03766166791319847
3817,52,0.12098818272352219
3818,52,0.03843739256262779
3819,52,0.0416736900806427
3820,52,0.028131240978837013
3821,52,0.10259967297315598
3822,52,0.03763558715581894
3823,52,0.09541559219360352
3824,52,0.07288183271884918
3825,52,0.04096006229519844
3826,52,0.08716373145580292
3827,52,0.02637059986591339
3828,52,0.04162254184484482
3829,52,0.038398873060941696
3830,52,0.02254468947649002
3831,52,0.02297464944422245
3832,52,0.09944028407335281
3833,52,0.10257858783006668
3834,52,0.09676728397607803
3835,52,0.03411705791950226
3836,52,0.03378211706876755
3837,52,0.031501490622758865
3838,52,0.031689178198575974
3839,52,0.08961507678031921
3840,52,0.044703755527734756
3841,52,0.08313339948654175
3842,53,0.09371589869260788
3843,53,0.10627774894237518
3844,53,0.02375125139951706
3845,53,0.041989147663116455
3846,53,0.03552455082535744
3847,53,0.10164687037467957
3848,53,0.018439119681715965
3849,53,0.1117820143699646
3850,53,0.03663269802927971
3851,53,0.03670545294880867
3852,53,0.032304491847753525
3853,53,0.03783949464559555
3854,53,0.03488822653889656
3855,53,0.032404959201812744
3856,53,0.04045875370502472
3857,53,0.02962653525173664
3858,53,0.03385954350233078
3859,53,0.10512688010931015
3860,53,0.0367460772395134
3861,53,0.03595950827002525
3862,53,0.10579186677932739
3863,53,0.043976571410894394
3864,53,0.03038840740919113
3865,53,0.02403760701417923
3866,53,0.033791251480579376
3867,54,0.09952761232852936
3868,54,0.08850966393947601
3869,54,0.0975654125213623
3870,54,0.11579138040542603
3871,54,0.10151337087154388
3872,54,0.04463162273168564
3873,54,0.029585901647806168
3874,54,0.02900187484920025
3875,54,0.03647274896502495
3876,54,0.09286323934793472
3877,54,0.043015677481889725
3878,54,0.10539020597934723
3879,54,0.05324035882949829
3880,54,0.10435381531715393
3881,54,0.05477664992213249
3882,54,0.16247257590293884
3883,54,0.07845664024353027
3884,54,0.03464696183800697
3885,54,0.028269831091165543
3886,55,0.09931058436632156
3887,55,0.02260684221982956
3888,55,0.031852837651968
3889,55,0.14207586646080017
3890,55,0.15137013792991638
3891,55,0.039258167147636414
3892,55,0.08047668635845184
3893,55,0.03842649608850479
3894,55,0.029310544952750206
3895,55,0.02956664003431797
3896,55,0.08319399505853653
3897,55,0.08985444903373718
3898,55,0.08716116845607758
3899,55,0.08858665078878403
3900,55,0.04856150597333908
3901,55,0.1116984412074089
3902,55,0.04879697412252426
3903,55,0.02424684725701809
3904,55,0.09807711839675903
3905,55,0.10296843945980072
3906,55,0.10524829477071762
3907,55,0.03183232620358467
3908,55,0.10982955247163773
3909,55,0.08488532155752182
3910,55,0.1303732693195343
3911,55,0.030771955847740173
3912,55,0.11790701001882553
3913,55,0.08097606897354126
3914,55,0.02453181892633438
3915,55,0.08397158980369568
3916,55,0.03199254348874092
3917,55,0.03328254446387291
3918,55,0.029268033802509308
3919,55,0.02968636527657509
3920,55,0.020194383338093758
3921,55,0.09068924933671951
3922,55,0.029963266104459763
3923,55,0.04339732602238655
3924,55,0.018268568441271782
3925,55,0.025412246584892273
3926,55,0.036470167338848114
3927,55,0.07419528812170029
3928,55,0.03443897143006325
3929,55,0.02620350942015648
3930,55,0.02277221716940403
3931,56,0.030129307880997658
3932,56,0.07736258953809738
3933,56,0.09084343165159225
3934,56,0.02461225911974907
3935,56,0.02155347540974617
3936,56,0.06722436100244522
3937,56,0.08042331039905548
3938,56,0.07694856822490692
3939,56,0.04882402345538139
3940,56,0.10601699352264404
3941,56,0.03449355065822601
3942,56,0.09063005447387695
3943,56,0.1112925335764885
3944,56,0.10040710866451263
3945,56,0.026686985045671463
3946,56,0.021763961762189865
3947,56,0.03274918720126152
3948,56,0.08965591341257095
3949,56,0.1618770956993103
3950,56,0.10891888290643692
3951,56,0.024285798892378807
3952,56,0.02958379127085209
3953,56,0.0287683866918087
3954,56,0.034895919263362885
3955,56,0.022341249510645866
3956,56,0.09616893529891968
3957,56,0.025119179859757423
3958,56,0.09828740358352661
3959,56,0.0364474318921566
3960,56,0.0236838199198246
3961,57,0.05202972888946533
3962,57,0.02021641470491886
3963,57,0.13876484334468842
3964,57,0.1772172749042511
3965,57,0.03344832733273506
3966,57,0.02617359533905983
3967,57,0.0830923393368721
3968,57,0.11026528477668762
3969,58,0.022845186293125153
3970,58,0.09416798502206802
3971,58,0.08900821954011917
3972,58,0.08963291347026825
3973,58,0.021000884473323822
3974,58,0.03193357214331627
3975,58,0.14413532614707947
3976,58,0.09767350554466248
3977,58,0.08820547163486481
3978,58,0.07445395737886429
3979,58,0.14435715973377228
3980,58,0.030250879004597664
3981,58,0.02652137540280819
3982,58,0.09964953362941742
3983,58,0.027453117072582245
3984,58,0.17690876126289368
3985,58,0.18076232075691223
3986,58,0.11675075441598892
3987,58,0.028095953166484833
3988,58,0.03696395084261894
3989,58,0.09706339985132217
3990,58,0.09142763167619705
3991,58,0.034103672951459885
3992,58,0.15738464891910553
3993,58,0.03555535152554512
3994,58,0.08185873180627823
3995,58,0.023259475827217102
3996,58,0.0853423997759819
3997,58,0.03287523612380028
3998,58,0.10734980553388596
3999,58,0.030860474333167076
4000,58,0.03487846627831459
4001,58,0.05663521960377693
4002,58,0.15725909173488617
4003,58,0.05031219869852066
4004,59,0.05496643856167793
4005,59,0.11606146395206451
4006,59,0.059203557670116425
4007,59,0.03797559440135956
4008,59,0.05950106307864189
4009,59,0.16301923990249634
4010,59,0.0517912358045578
4011,59,0.10717180371284485
4012,59,0.03912973776459694
4013,59,0.08594294637441635
4014,59,0.0540558323264122
4015,59,0.04843612015247345
4016,59,0.10792470723390579
4017,59,0.03257855027914047
4018,59,0.03969439119100571
4019,59,0.03753451257944107
4020,59,0.05118921399116516
4021,59,0.035706065595149994
4022,59,0.05469798669219017
4023,59,0.15654762089252472
4024,59,0.08911550790071487
4025,59,0.08163923025131226
4026,59,0.03367866948246956
4027,59,0.03193538635969162
4028,59,0.26329270005226135
4029,59,0.03985424339771271
4030,60,0.19645485281944275
4031,60,0.17951422929763794
4032,60,0.08453118801116943
4033,60,0.03206641599535942
4034,60,0.032219868153333664
4035,60,0.08105719089508057
4036,60,0.046051349490880966
4037,60,0.026479490101337433
4038,60,0.09140022844076157
4039,60,0.09188254177570343
4040,60,0.051191139966249466
4041,60,0.03859151527285576
4042,60,0.07277384400367737
4043,60,0.048879947513341904
4044,60,0.09050054848194122
4045,60,0.04326971620321274
4046,60,0.03406904637813568
4047,60,0.16233570873737335
4048,60,0.0723409429192543
4049,60,0.0439763218164444
4050,60,0.10118275880813599
4051,60,0.030554134398698807
4052,60,0.03425370156764984
4053,60,0.031216595321893692
4054,60,0.05813298374414444
4055,61,0.1719340831041336
4056,61,0.0916258841753006
4057,61,0.12476132065057755
4058,61,0.034001242369413376
4059,61,0.08384475111961365
4060,61,0.03979112207889557
4061,61,0.03980700299143791
4062,61,0.1295495629310608
4063,61,0.0624898262321949
4064,61,0.19523285329341888
4065,61,0.15228039026260376
4066,61,0.13270099461078644
4067,61,0.05035305395722389
4068,61,0.04175560176372528
4069,61,0.0381699874997139
4070,62,0.22809690237045288
4071,62,0.03428647667169571
4072,62,0.04314437508583069
4073,62,0.02984340861439705
4074,62,0.038361042737960815
4075,62,0.021008722484111786
4076,62,0.04227462038397789
4077,62,0.086515873670578
4078,62,0.018799584358930588
4079,62,0.08173198997974396
4080,62,0.07884848117828369
4081,62,0.07727919518947601
4082,62,0.07903885096311569
4083,62,0.09155064821243286
4084,62,0.11883541941642761
4085,62,0.030070949345827103
4086,62,0.04031629487872124
4087,62,0.027351977303624153
4088,62,0.09423588216304779
4089,62,0.02873801253736019
4090,62,0.08344507217407227
4091,62,0.07261527329683304
4092,62,0.049581222236156464
4093,62,0.027911603450775146
4094,62,0.03792063519358635
4095,62,0.14548704028129578
4096,62,0.04134881868958473
4097,62,0.01808941923081875
4098,62,0.04906537011265755
4099,62,0.04095006734132767
4100,62,0.048011668026447296
4101,62,0.025306837633252144
4102,62,0.09073995798826218
4103,62,0.030346311628818512
4104,62,0.029188325628638268
4105,62,0.08701720088720322
4106,62,0.033318862318992615
4107,62,0.02864702418446541
4108,62,0.03526363894343376
4109,62,0.06161079183220863
4110,62,0.08335530012845993
4111,62,0.0279375109821558
4112,62,0.04990987479686737
4113,63,0.0930861085653305
4114,63,0.05204569548368454
4115,63,0.10186128318309784
4116,63,0.03565523773431778
4117,63,0.059786222875118256
4118,63,0.11179053783416748
4119,63,0.08619023114442825
4120,63,0.18936750292778015
4121,63,0.11315304040908813
4122,63,0.06205979734659195
4123,63,0.04308198019862175
4124,63,0.041934046894311905
4125,63,0.13228875398635864
4126,63,0.0386916808784008
4127,63,0.04244342818856239
4128,63,0.038402069360017776
4129,63,0.09765513241291046
4130,63,0.11376828700304031
4131,63,0.10074923187494278
4132,63,0.03261464834213257
4133,63,0.05804886296391487
4134,63,0.02456461265683174
4135,63,0.040259744971990585
4136,63,0.09601160138845444
4137,63,0.03784383088350296
4138,63,0.041653234511613846
4139,63,0.07451917976140976
4140,63,0.039114102721214294
4141,63,0.14224521815776825
4142,64,0.07467667758464813
4143,64,0.02605583891272545
4144,64,0.023933861404657364
4145,64,0.07734733074903488
4146,64,0.09656807780265808
4147,64,0.027390720322728157
4148,64,0.03329901024699211
4149,64,0.01717967912554741
4150,64,0.07495883107185364
4151,64,0.08125519007444382
4152,64,0.0685339868068695
4153,64,0.14577853679656982
4154,64,0.03592821955680847
4155,64,0.08293350040912628
4156,64,0.03406566008925438
4157,64,0.09011725336313248
4158,64,0.10316313803195953
4159,64,0.04354123771190643
4160,64,0.15996761620044708
4161,64,0.04240083321928978
4162,64,0.028408154845237732
4163,64,0.14956258237361908
4164,64,0.0874643325805664
4165,64,0.20326191186904907
4166,64,0.1431044042110443
4167,64,0.023508688434958458
4168,64,0.026826348155736923
4169,64,0.08633309602737427
4170,64,0.06789609789848328
4171,64,0.023342853412032127
4172,64,0.016794824972748756
4173,64,0.03666098043322563
4174,64,0.0953914076089859
4175,64,0.08237460255622864
4176,65,0.03462817147374153
4177,65,0.0966804176568985
4178,65,0.1398232877254486
4179,65,0.039569154381752014
4180,65,0.09253636002540588
4181,65,0.028511101379990578
4182,65,0.028840161859989166
4183,65,0.07588422298431396
4184,65,0.06339551508426666
4185,65,0.03209821134805679
4186,65,0.13408154249191284
4187,65,0.022625219076871872
4188,65,0.05624628812074661
4189,65,0.09118612855672836
4190,65,0.169847771525383
4191,66,0.04910816624760628
4192,66,0.09362098574638367
4193,66,0.040827542543411255
4194,66,0.07622392475605011
4195,66,0.026791702955961227
4196,66,0.07991047203540802
4197,66,0.04544651135802269
4198,66,0.07198680937290192
4199,66,0.036657728254795074
4200,66,0.030245475471019745
4201,66,0.025473065674304962
4202,66,0.025868486613035202
4203,66,0.08459015935659409
4204,66,0.08873689919710159
4205,66,0.07211173325777054
4206,66,0.03380768001079559
4207,66,0.03493040055036545
4208,66,0.08316361904144287
4209,66,0.030659355223178864
4210,66,0.02483365312218666
4211,66,0.024109186604619026
4212,66,0.0867176279425621
4213,66,0.02299209125339985
4214,66,0.08098552376031876
4215,66,0.02548273652791977
4216,66,0.07863415032625198
4217,66,0.039905376732349396
4218,66,0.029222147539258003
4219,66,0.028505202382802963
4220,66,0.0271884985268116
4221,66,0.06496088206768036
4222,67,0.12846647202968597
4223,67,0.19803225994110107
4224,67,0.09097327291965485
4225,67,0.10611093044281006
4226,67,0.02180173248052597
4227,67,0.09918123483657837
4228,67,0.12003496289253235
4229,67,0.025834981352090836
4230,67,0.027148552238941193
4231,67,0.03185450658202171
4232,68,0.07837724685668945
4233,68,0.032116860151290894
4234,68,0.017300384119153023
4235,68,0.08785081654787064
4236,68,0.03174318000674248
4237,68,0.133118137717247
4238,68,0.1363678276538849
4239,68,0.14002829790115356
4240,68,0.09145119786262512
4241,68,0.024386128410696983
4242,68,0.034145109355449677
4243,68,0.038922157138586044
4244,68,0.03498312085866928
4245,68,0.030811211094260216
4246,68,0.10157787054777145
4247,68,0.03922060504555702
4248,68,0.07795978337526321
4249,68,0.08798824995756149
4250,68,0.08009251952171326
4251,68,0.08506401628255844
4252,68,0.09321848303079605
4253,68,0.09929928183555603
4254,68,0.04667879641056061
4255,68,0.04124978184700012
4256,68,0.05085698515176773
4257,69,0.05056643486022949
4258,69,0.05961368605494499
4259,69,0.1348276287317276
4260,69,0.04525943845510483
4261,69,0.03575723618268967
4262,69,0.07499897480010986
4263,69,0.14610986411571503
4264,69,0.1043652817606926
4265,69,0.10984530299901962
4266,69,0.0814015120267868
4267,69,0.02840466983616352
4268,69,0.09002913534641266
4269,69,0.09625742584466934
4270,69,0.130757138133049
4271,69,0.1979638636112213
4272,69,0.050973840057849884
4273,69,0.1034976989030838
4274,69,0.1013667955994606
4275,69,0.04750214144587517
4276,69,0.09479447454214096
4277,70,0.048932965844869614
4278,70,0.02595217153429985
4279,70,0.14136716723442078
4280,70,0.144569993019104
4281,70,0.03311625495553017
4282,70,0.05487027391791344
4283,70,0.1421034038066864
4284,70,0.04156172648072243
4285,70,0.050837550312280655
4286,70,0.09556755423545837
4287,70,0.09227936714887619
4288,70,0.018408596515655518
4289,70,0.09162762761116028
4290,70,0.04660055786371231
4291,70,0.075719453394413
4292,70,0.11841937154531479
4293,70,0.044623758643865585
4294,70,0.03702697902917862
4295,70,0.053023602813482285
4296,70,0.05074439197778702
4297,70,0.07593140751123428
4298,70,0.030876290053129196
4299,71,0.07700415700674057
4300,71,0.0768958032131195
4301,71,0.03274873271584511
4302,71,0.043921105563640594
4303,71,0.09230467677116394
4304,71,0.08449443429708481
4305,71,0.15812912583351135
4306,71,0.06993430107831955
4307,71,0.13430531322956085
4308,71,0.1201513335108757
4309,71,0.13995805382728577
4310,71,0.09685373306274414
4311,71,0.16730757057666779
4312,71,0.07634291797876358
4313,71,0.07720932364463806
4314,71,0.10195069760084152
4315,71,0.04540453851222992
4316,71,0.043349966406822205
4317,71,0.0802823156118393
4318,71,0.036592356860637665
4319,71,0.09828810393810272
4320,71,0.12995758652687073
4321,71,0.10840979963541031
4322,71,0.04512036591768265
4323,71,0.02542336843907833
4324,71,0.042336978018283844
4325,71,0.0477767176926136
4326,71,0.03204543516039848
4327,71,0.03442727029323578
4328,71,0.11687066406011581
4329,71,0.07865358889102936
4330,71,0.04420747607946396
4331,71,0.11974412947893143
4332,71,0.04962689056992531
4333,71,0.09127333760261536
4334,71,0.1341552883386612
4335,71,0.1360282599925995
4336,71,0.025929873809218407
4337,71,0.03732473775744438
4338,71,0.15739037096500397
4339,71,0.06640677899122238
4340,72,0.080655038356781
4341,72,0.03711326792836189
4342,72,0.04353160038590431
4343,72,0.1653105616569519
4344,72,0.09549719840288162
4345,72,0.06853464990854263
4346,72,0.042456284165382385
4347,72,0.03166603669524193
4348,72,0.07724414765834808
4349,72,0.03033749759197235
4350,72,0.06870348751544952
4351,72,0.028963694348931313
4352,72,0.08130478113889694
4353,72,0.04492143169045448
4354,72,0.06782457232475281
4355,72,0.07836505025625229
4356,72,0.13125230371952057
4357,72,0.02375415712594986
4358,72,0.050852078944444656
4359,72,0.02949514426290989
4360,72,0.027695849537849426
4361,72,0.12320254743099213
4362,73,0.03181746229529381
4363,73,0.023686058819293976
4364,73,0.02956581860780716
4365,73,0.06277313828468323
4366,73,0.02756231091916561
4367,73,0.0185619555413723
4368,73,0.03319145739078522
4369,73,0.09959607571363449
4370,73,0.052501242607831955
4371,73,0.025636399164795876
4372,73,0.11727532744407654
4373,73,0.10213124752044678
4374,73,0.07541890442371368
4375,73,0.07941201329231262
4376,73,0.037940945476293564
4377,73,0.03060828149318695
4378,73,0.14894938468933105
4379,74,0.030688118189573288
4380,74,0.21533825993537903
4381,74,0.024760954082012177
4382,74,0.0796159878373146
4383,74,0.05891616269946098
4384,74,0.06612442433834076
4385,74,0.14915205538272858
4386,74,0.07877127826213837
4387,74,0.08518695831298828
4388,74,0.04162408784031868
4389,74,0.1391860842704773
4390,74,0.02629556879401207
4391,74,0.04148421064019203
4392,74,0.1366562396287918
4393,74,0.043438639491796494
4394,74,0.08659999072551727
4395,74,0.07188009470701218
4396,74,0.06621728837490082
4397,74,0.15190951526165009
4398,75,0.2579255700111389
4399,75,0.14789815247058868
4400,75,0.10031876713037491
4401,75,0.0475054606795311
4402,75,0.038078371435403824
4403,75,0.02619817852973938
4404,75,0.230607807636261
4405,75,0.03856104239821434
4406,75,0.09989720582962036
4407,75,0.1503858119249344
4408,75,0.05563816428184509
4409,75,0.030030030757188797
4410,75,0.07498607039451599
4411,75,0.0466487854719162
4412,75,0.16332530975341797
4413,75,0.09366538375616074
4414,75,0.03517846763134003
4415,75,0.0316171795129776
4416,75,0.03141918405890465
4417,75,0.1932721883058548
4418,75,0.12567654252052307
4419,75,0.060108527541160583
4420,75,0.05124376714229584
4421,75,0.07700357586145401
4422,75,0.023672422394156456
4423,76,0.03302574157714844
4424,76,0.029204554855823517
4425,76,0.07302936911582947
4426,76,0.0705031231045723
4427,76,0.10247334837913513
4428,76,0.030768167227506638
4429,76,0.031161535531282425
4430,76,0.030463743954896927
4431,76,0.051533445715904236
4432,76,0.07074493914842606
4433,76,0.03471999242901802
4434,76,0.0525045208632946
4435,76,0.06717861443758011
4436,76,0.0668129175901413
4437,76,0.1115989238023758
4438,76,0.0676005631685257
4439,76,0.04535743594169617
4440,76,0.05941716581583023
4441,76,0.028413277119398117
4442,76,0.07287713140249252
4443,76,0.06645424664020538
4444,76,0.044053271412849426
4445,76,0.042584098875522614
4446,76,0.08382415026426315
4447,76,0.02681036666035652
4448,76,0.08228336274623871
4449,76,0.08405502885580063
4450,76,0.03685589134693146
4451,76,0.07122581452131271
4452,76,0.03638666123151779
4453,76,0.13785000145435333
4454,76,0.07059813290834427
4455,77,0.023101788014173508
4456,77,0.01756865531206131
4457,77,0.02812592126429081
4458,77,0.028053175657987595
4459,77,0.04641333222389221
4460,77,0.04199199005961418
4461,77,0.06899943202733994
4462,77,0.13158079981803894
4463,77,0.06019691377878189
4464,77,0.04183081164956093
4465,77,0.2015020102262497
4466,77,0.06274907290935516
4467,77,0.10168291628360748
4468,77,0.11437807232141495
4469,77,0.12147272378206253
4470,77,0.03473452851176262
4471,77,0.153874009847641
4472,77,0.09764988720417023
4473,77,0.03317578509449959
4474,77,0.07419830560684204
4475,77,0.03125303238630295
4476,77,0.1329035609960556
4477,77,0.09181887656450272
4478,77,0.13166967034339905
4479,77,0.0878676101565361
4480,78,0.03757297247648239
4481,78,0.03589985892176628
4482,78,0.02336273528635502
4483,78,0.033146828413009644
4484,78,0.07018828392028809
4485,78,0.0834372490644455
4486,78,0.07828613370656967
4487,78,0.0902700275182724
4488,78,0.08856455981731415
4489,78,0.03253941982984543
4490,78,0.030971787869930267
4491,78,0.07896865904331207
4492,78,0.016787011176347733
4493,78,0.06739220023155212
4494,78,0.03753065690398216
4495,78,0.07633062452077866
4496,78,0.03202541172504425
4497,78,0.03127196803689003
4498,78,0.03061801753938198
4499,78,0.04264840856194496
4500,78,0.02579624205827713
4501,78,0.05547649785876274
4502,78,0.07008632272481918
4503,78,0.06842244416475296
4504,78,0.06344736367464066
4505,78,0.09943941235542297
4506,78,0.0946938693523407
4507,78,0.10216321051120758
4508,78,0.0483858585357666
4509,78,0.13799886405467987
4510,78,0.07421891391277313
4511,78,0.033941593021154404
4512,79,0.08487267047166824
4513,79,0.05608317255973816
4514,79,0.05751744657754898
4515,79,0.03955015540122986
4516,79,0.07504235208034515
4517,79,0.05223482474684715
4518,79,0.20400451123714447
4519,79,0.12807823717594147
4520,79,0.03615361079573631
4521,79,0.14166301488876343
4522,79,0.05770721286535263
4523,79,0.10858882963657379
4524,79,0.09975209832191467
4525,79,0.06165697053074837
4526,79,0.10378456860780716
4527,79,0.07879593968391418
4528,80,0.08013243973255157
4529,80,0.060533393174409866
4530,80,0.035913921892642975
4531,80,0.10095334053039551
4532,80,0.11778684705495834
4533,80,0.0401492640376091
4534,80,0.1419471651315689
4535,80,0.0630519837141037
4536,80,0.07454504072666168
4537,80,0.11145108938217163
4538,80,0.07562476396560669
4539,80,0.0829935297369957
4540,80,0.09336936473846436
4541,80,0.07982838153839111
4542,80,0.06017981469631195
4543,80,0.06848666816949844
4544,80,0.0885426253080368
4545,80,0.04492386057972908
4546,80,0.11577894538640976
4547,80,0.14067794382572174
4548,80,0.03889000043272972
4549,80,0.04473230987787247
4550,80,0.10515427589416504
4551,81,0.02385745383799076
4552,81,0.07507692277431488
4553,81,0.056544117629528046
4554,81,0.12925291061401367
4555,81,0.04962485656142235
4556,81,0.1426050215959549
4557,81,0.030018769204616547
4558,81,0.03378891944885254
4559,81,0.05676588416099548
4560,81,0.04394849017262459
4561,81,0.06963744014501572
4562,81,0.043170489370822906
4563,81,0.05148865282535553
4564,81,0.04175599664449692
4565,81,0.1647075116634369
4566,81,0.08243381977081299
4567,81,0.06225660443305969
4568,81,0.07540144771337509
4569,81,0.0674586221575737
4570,81,0.02645566500723362
4571,81,0.03785761073231697
4572,81,0.030917562544345856
4573,81,0.07123316824436188
4574,82,0.14687839150428772
4575,82,0.07305275648832321
4576,82,0.07190965861082077
4577,82,0.054116107523441315
4578,82,0.08936634659767151
4579,82,0.028075821697711945
4580,82,0.03016769140958786
4581,82,0.03585123270750046
4582,82,0.06588078290224075
4583,82,0.030353499576449394
4584,82,0.051885537803173065
4585,82,0.03068988025188446
4586,82,0.09227699041366577
4587,82,0.04090023413300514
4588,82,0.03828279301524162
4589,82,0.029494449496269226
4590,82,0.03612661361694336
4591,82,0.24523738026618958
4592,82,0.05435698479413986
4593,82,0.05210619419813156
4594,83,0.03216969221830368
4595,83,0.07512269169092178
4596,83,0.03305888548493385
4597,83,0.07483338564634323
4598,83,0.05693775415420532
4599,83,0.030878277495503426
4600,83,0.12231675535440445
4601,83,0.046140074729919434
4602,83,0.04408751428127289
4603,83,0.04230751469731331
4604,83,0.06177492067217827
4605,83,0.03490003943443298
4606,83,0.028122492134571075
4607,83,0.08684154599905014
4608,83,0.028754055500030518
4609,83,0.08074425160884857
4610,83,0.032970599830150604
4611,83,0.09669680893421173
4612,83,0.07908473163843155
4613,83,0.16920630633831024
4614,83,0.04662758484482765
4615,83,0.05618743970990181
4616,83,0.051225271075963974
4617,83,0.037595413625240326
4618,83,0.07316362857818604
4619,84,0.0500054694712162
4620,84,0.05022713169455528
4621,84,0.08761213719844818
4622,84,0.03482672572135925
4623,84,0.0732780322432518
4624,84,0.08511422574520111
4625,84,0.09432937949895859
4626,84,0.02476050890982151
4627,84,0.06458549946546555
4628,84,0.05749574303627014
4629,84,0.041083209216594696
4630,84,0.02830471657216549
4631,84,0.06741195172071457
4632,84,0.03599977493286133
4633,84,0.10972091555595398
4634,84,0.07296901941299438
4635,84,0.03244033828377724
4636,84,0.08476561307907104
4637,84,0.029516370967030525
4638,84,0.061455197632312775
4639,84,0.1427570879459381
4640,84,0.06198360025882721
4641,84,0.03442727401852608
4642,84,0.1316365748643875
4643,84,0.05851053446531296
4644,84,0.06190378591418266
4645,84,0.10325899720191956
4646,84,0.05696084350347519
4647,84,0.03184136748313904
4648,84,0.09631204605102539
4649,84,0.02657124772667885
4650,85,0.034680843353271484
4651,85,0.049273207783699036
4652,85,0.07539773732423782
4653,85,0.08602039515972137
4654,85,0.033018067479133606
4655,85,0.02200782485306263
4656,85,0.08879506587982178
4657,85,0.0874364897608757
4658,85,0.09843035787343979
4659,85,0.04551545903086662
4660,85,0.0617348812520504
4661,85,0.04107116162776947
4662,85,0.029850095510482788
4663,85,0.1085386723279953
4664,85,0.06159122660756111
4665,85,0.01406352873891592
4666,85,0.05778851360082626
4667,85,0.06453957408666611
4668,85,0.049701888114213943
4669,85,0.03893742710351944
4670,85,0.09292559325695038
4671,85,0.029836326837539673
4672,85,0.08824385702610016
4673,85,0.05051563307642937
4674,85,0.11688844859600067
4675,85,0.06884228438138962
4676,85,0.03292876109480858
4677,85,0.09044083207845688
4678,85,0.06155240535736084
4679,85,0.09117641299962997
4680,85,0.08060707896947861
4681,85,0.04349164292216301
4682,85,0.061293259263038635
4683,85,0.08188604563474655
4684,85,0.0878170058131218
4685,85,0.07962160557508469
4686,86,0.07355815917253494
4687,86,0.030483826994895935
4688,86,0.1468888372182846
4689,86,0.11369607597589493
4690,86,0.07846222817897797
4691,86,0.025965964421629906
4692,86,0.035720329731702805
4693,86,0.04574964940547943
4694,86,0.04590371996164322
4695,86,0.12843196094036102
4696,86,0.04183989763259888
4697,86,0.06844627857208252
4698,86,0.08118251711130142
4699,86,0.11450544744729996
4700,86,0.025545991957187653
4701,86,0.030246825888752937
4702,86,0.028012404218316078
4703,87,0.03477751463651657
4704,87,0.08502684533596039
4705,87,0.07298807054758072
4706,87,0.036839742213487625
4707,87,0.03980529308319092
4708,87,0.0670640766620636
4709,87,0.039811499416828156
4710,87,0.029444025829434395
4711,87,0.023987270891666412
4712,87,0.03325708582997322
4713,87,0.021909289062023163
4714,87,0.07302948832511902
4715,87,0.027254890650510788
4716,87,0.05796511471271515
4717,87,0.08054417371749878
4718,87,0.0902341976761818
4719,87,0.037534113973379135
4720,87,0.023237651214003563
4721,87,0.13767045736312866
4722,87,0.02655446156859398
4723,87,0.049851469695568085
4724,87,0.1264815628528595
4725,87,0.1088380366563797
4726,87,0.024510037153959274
4727,87,0.03235397860407829
4728,87,0.044280413538217545
4729,87,0.03161647543311119
4730,87,0.0584108792245388
4731,87,0.02038426324725151
4732,87,0.04559507966041565
4733,87,0.05633561313152313
4734,87,0.08926554024219513
4735,87,0.07554545253515244
4736,87,0.037956878542900085
4737,87,0.06876608729362488
4738,87,0.17788910865783691
4739,87,0.048189714550971985
4740,87,0.04052991047501564
4741,87,0.02035076543688774
4742,87,0.027681417763233185
4743,87,0.11445207893848419
4744,87,0.07762458920478821
4745,87,0.06312500685453415
4746,87,0.15630221366882324
4747,87,0.06753601878881454
4748,87,0.04938961938023567
4749,87,0.08326128870248795
4750,87,0.08062636107206345
4751,87,0.1495174765586853
4752,87,0.08846376091241837
4753,87,0.07717417180538177
4754,87,0.059181973338127136
4755,87,0.09089688956737518
4756,87,0.048884790390729904
4757,87,0.056946661323308945
4758,87,0.03371303901076317
4759,87,0.07109249383211136
4760,87,0.06449230015277863
4761,87,0.057589247822761536
4762,87,0.04392193630337715
4763,87,0.05000841245055199
4764,87,0.08532200753688812
4765,87,0.15674535930156708
4766,87,0.11416861414909363
4767,87,0.10467272996902466
4768,87,0.04804447293281555
4769,87,0.031507354229688644
4770,87,0.05968589335680008
4771,87,0.03009534627199173
4772,87,0.04770119488239288
4773,87,0.06987384706735611
4774,87,0.09665190428495407
4775,87,0.07322296500205994
4776,87,0.06718931347131729
4777,87,0.11852659285068512
4778,87,0.0717397928237915
4779,87,0.10204006731510162
4780,87,0.041671570390462875
4781,87,0.044752687215805054
4782,87,0.13424432277679443
4783,87,0.06861576437950134
4784,87,0.059775032103061676
4785,87,0.11358180642127991
4786,87,0.10935001075267792
4787,87,0.053074199706315994
4788,87,0.03930364549160004
4789,87,0.03789066895842552
4790,87,0.06324192136526108
4791,88,0.09222345799207687
4792,88,0.03537220135331154
4793,88,0.033526577055454254
4794,88,0.07689961045980453
4795,88,0.02910197712481022
4796,88,0.06522863358259201
4797,88,0.0373501181602478
4798,88,0.03777072951197624
4799,88,0.06181725114583969
4800,88,0.10433568060398102
4801,88,0.09327179193496704
4802,88,0.09314216673374176
4803,89,0.033448826521635056
4804,89,0.08908455818891525
4805,89,0.07797952741384506
4806,89,0.10291403532028198
4807,89,0.03928646445274353
4808,89,0.07072162628173828
4809,89,0.09408105909824371
4810,89,0.03512737900018692
4811,89,0.019867928698658943
4812,89,0.025212714448571205
4813,89,0.03152811899781227
4814,89,0.0603645034134388
4815,89,0.10366225987672806
4816,89,0.09879644215106964
4817,89,0.030019670724868774
4818,90,0.03156455233693123
4819,90,0.09339030832052231
4820,90,0.08207258582115173
4821,90,0.062208279967308044
4822,90,0.08353152871131897
4823,90,0.046534858644008636
4824,90,0.016724219545722008
4825,90,0.047121044248342514
4826,90,0.0711064338684082
4827,90,0.04526737332344055
4828,90,0.03218352794647217
4829,90,0.04584725946187973
4830,90,0.06641410291194916
4831,90,0.04934988543391228
4832,90,0.06467431783676147
4833,90,0.07902000844478607
4834,90,0.041779909282922745
4835,90,0.03469080477952957
4836,90,0.07470595836639404
4837,90,0.03001447394490242
4838,90,0.22380945086479187
4839,90,0.04221466928720474
4840,90,0.03212898224592209
4841,90,0.09830541163682938
4842,90,0.056157395243644714
4843,90,0.04794320464134216
4844,90,0.030315745621919632
4845,91,0.06959233433008194
4846,91,0.06434574723243713
4847,91,0.07815093547105789
4848,91,0.038315560668706894
4849,91,0.11392560601234436
4850,91,0.08359070122241974
4851,91,0.04990798607468605
4852,91,0.12116917222738266
4853,91,0.08083761483430862
4854,91,0.08112902194261551
4855,91,0.06636697053909302
4856,91,0.11391184478998184
4857,91,0.02803915925323963
4858,91,0.1032610684633255
4859,91,0.056733839213848114
4860,91,0.056833960115909576
4861,91,0.0850992500782013
4862,91,0.08702704310417175
4863,91,0.03973788022994995
4864,91,0.09493902325630188
4865,91,0.04248768463730812
4866,91,0.04752499982714653
4867,91,0.06165198236703873
4868,91,0.14519551396369934
4869,91,0.04366379976272583
4870,91,0.08635758608579636
4871,91,0.07574781030416489
4872,91,0.07768586277961731
4873,91,0.10079289972782135
4874,91,0.04035022109746933
4875,92,0.12157067656517029
4876,92,0.022505534812808037
4877,92,0.053528085350990295
4878,92,0.032573483884334564
4879,92,0.06010059267282486
4880,92,0.035994503647089005
4881,92,0.09679599851369858
4882,92,0.032036058604717255
4883,92,0.0614301934838295
4884,92,0.057709187269210815
4885,92,0.04639321565628052
4886,92,0.030361320823431015
4887,92,0.07104391604661942
4888,92,0.059415437281131744
4889,92,0.05201729014515877
4890,92,0.027266021817922592
4891,92,0.10012771934270859
4892,92,0.0497051402926445
4893,92,0.022891739383339882
4894,92,0.01860872097313404
4895,92,0.037489600479602814
4896,92,0.056175682693719864
4897,92,0.10316601395606995
4898,92,0.02535785548388958
4899,93,0.11631026864051819
4900,93,0.02343931794166565
4901,93,0.027862776070833206
4902,93,0.07274454087018967
4903,93,0.03781037777662277
4904,93,0.06598740816116333
4905,93,0.03705788031220436
4906,93,0.052239980548620224
4907,93,0.06822255998849869
4908,93,0.029375143349170685
4909,93,0.0964454635977745
4910,93,0.049597401171922684
4911,93,0.07748159021139145
4912,93,0.04355015233159065
4913,93,0.05299200862646103
4914,93,0.03489302843809128
4915,94,0.08018498867750168
4916,94,0.0317937508225441
4917,94,0.06519389897584915
4918,94,0.02841649018228054
4919,94,0.037285469472408295
4920,94,0.020304115489125252
4921,94,0.02101796492934227
4922,94,0.08289988338947296
4923,94,0.04389910027384758
4924,94,0.05304815247654915
4925,94,0.03973003476858139
4926,94,0.18535107374191284
4927,94,0.04479414224624634
4928,94,0.03461822122335434
4929,94,0.08331125974655151
4930,94,0.0527275986969471
4931,94,0.033283185213804245
4932,94,0.09634099900722504
4933,94,0.059345539659261703
4934,94,0.01975157856941223
4935,94,0.0580756776034832
4936,94,0.09555447846651077
4937,94,0.06260166317224503
4938,95,0.09281784296035767
4939,95,0.03473358601331711
4940,95,0.04025675356388092
4941,95,0.028159894049167633
4942,95,0.05192958563566208
4943,95,0.04995224252343178
4944,95,0.03300083428621292
4945,95,0.03332331031560898
4946,95,0.06445008516311646
4947,95,0.06054055318236351
4948,95,0.06062047556042671
4949,95,0.08902595192193985
4950,95,0.03531332686543465
4951,95,0.12172441184520721
4952,95,0.09121151268482208
4953,95,0.0464286170899868
4954,95,0.055867698043584824
4955,95,0.023160569369792938
4956,95,0.1208934411406517
4957,95,0.0868276059627533
4958,95,0.16305413842201233
4959,96,0.0782134160399437
4960,96,0.08687926828861237
4961,96,0.03164024278521538
4962,96,0.05292022228240967
4963,96,0.10688133537769318
4964,96,0.04666586220264435
4965,96,0.036533404141664505
4966,96,0.1012750118970871
4967,96,0.1367228627204895
4968,96,0.055461421608924866
4969,96,0.07903335988521576
4970,96,0.04765128716826439
4971,96,0.04319032281637192
4972,96,0.07795419543981552
4973,96,0.08581822365522385
4974,96,0.05587555468082428
4975,96,0.11394652724266052
4976,96,0.09657744318246841
4977,97,0.12838245928287506
4978,97,0.022567929700016975
4979,97,0.031201113015413284
4980,97,0.10981108248233795
4981,97,0.08082626014947891
4982,97,0.08849644660949707
4983,97,0.020007137209177017
4984,97,0.1369062066078186
4985,97,0.07718773186206818
4986,97,0.05773337930440903
4987,97,0.02217596396803856
4988,97,0.07425203174352646
4989,97,0.12913182377815247
4990,98,0.039852067828178406
4991,98,0.07267889380455017
4992,98,0.12548597157001495
4993,98,0.060720328241586685
4994,98,0.03456598147749901
4995,98,0.018847256898880005
4996,98,0.05384654924273491
4997,98,0.03441089391708374
4998,98,0.03446068614721298
4999,98,0.1967025250196457
5000,98,0.08569551259279251
5001,98,0.07643955945968628
5002,98,0.0902910977602005
5003,98,0.12222027033567429
5004,98,0.04410354793071747
5005,98,0.06115790456533432
5006,99,0.05928454548120499
5007,99,0.04567214474081993
5008,99,0.04749826714396477
5009,99,0.06969984620809555
5010,99,0.07049529999494553
5011,99,0.06706930696964264
5012,99,0.11857424676418304
5013,99,0.07530894875526428
5014,99,0.08605030179023743
5015,99,0.03284342214465141
5016,99,0.08315795660018921
5017,99,0.03868858516216278
5018,99,0.07467305660247803
5019,99,0.07137317210435867
5020,99,0.0810810849070549
5021,99,0.0889919176697731
5022,99,0.08448413014411926
5023,99,0.1156453862786293
5024,99,0.09253957122564316
5025,99,0.09066399931907654
5026,100,0.03179305046796799
5027,100,0.041618723422288895
5028,100,0.041548170149326324
5029,100,0.1047879159450531
5030,100,0.04735477268695831
5031,100,0.061848025768995285
5032,100,0.09697258472442627
5033,100,0.049369826912879944
5034,100,0.03232276067137718
5035,100,0.04460059851408005
5036,100,0.03315293788909912
5037,100,0.03331614285707474
5038,100,0.13711246848106384
5039,100,0.07054869830608368
5040,100,0.047528225928545
5041,100,0.050685279071331024
5042,100,0.05723961815237999
5043,100,0.07739624381065369
5044,100,0.06671226024627686
5045,100,0.12679579854011536
5046,100,0.0448853000998497
5047,100,0.06447459757328033
5048,100,0.05926089733839035
5049,100,0.03489885851740837
5050,100,0.03665424883365631
5051,100,0.061179269105196
5052,100,0.05872521176934242
5053,100,0.04894433170557022
5054,100,0.03404499217867851
5055,100,0.04309239238500595
5056,100,0.0873313769698143
5057,100,0.06530626863241196
5058,100,0.08324181288480759
5059,100,0.047917746007442474
5060,100,0.03122858516871929
5061,100,0.03251154348254204
5062,101,0.09879887849092484
5063,101,0.05810030922293663
5064,101,0.052571121603250504
5065,101,0.02281622774899006
5066,101,0.0647076666355133
5067,101,0.13461489975452423
5068,101,0.03817332163453102
5069,101,0.05479481443762779
5070,101,0.05574341118335724
5071,101,0.05323591083288193
5072,101,0.060552820563316345
5073,101,0.03757084906101227
5074,101,0.06353604048490524
5075,101,0.0691872090101242
5076,102,0.04385030269622803
5077,102,0.04480278491973877
5078,102,0.039117053151130676
5079,102,0.09624426811933517
5080,102,0.0630195289850235
5081,102,0.03253784403204918
5082,102,0.040010299533605576
5083,102,0.03331471234560013
5084,102,0.06545892357826233
5085,102,0.07752605527639389
5086,102,0.03952888026833534
5087,102,0.0413380041718483
5088,102,0.05618860572576523
5089,102,0.10441114753484726
5090,102,0.056350693106651306
5091,102,0.061136044561862946
5092,102,0.026170765981078148
5093,102,0.03404218703508377
5094,103,0.04658101871609688
5095,103,0.07480054348707199
5096,103,0.04733652621507645
5097,103,0.05778265371918678
5098,103,0.053134735673666
5099,103,0.055645499378442764
5100,103,0.07440533488988876
5101,103,0.06867077946662903
5102,103,0.03154414892196655
5103,103,0.033050522208213806
5104,103,0.05812547728419304
5105,103,0.08192923665046692
5106,104,0.08463043719530106
5107,104,0.06389099359512329
5108,104,0.07528334856033325
5109,104,0.04709211364388466
5110,104,0.0350041426718235
5111,104,0.11562040448188782
5112,104,0.08588727563619614
5113,104,0.05849607288837433
5114,104,0.07504554092884064
5115,104,0.039059218019247055
5116,104,0.03153317794203758
5117,104,0.06646126508712769
5118,104,0.023215558379888535
5119,104,0.022038696333765984
5120,104,0.08254288136959076
5121,104,0.03182121738791466
5122,104,0.14645561575889587
5123,104,0.06771446764469147
5124,105,0.11529950797557831
5125,105,0.05862630158662796
5126,105,0.0650424212217331
5127,105,0.04924672469496727
5128,105,0.043927185237407684
5129,105,0.037159278988838196
5130,105,0.04441156983375549
5131,105,0.034567683935165405
5132,105,0.06596727669239044
5133,105,0.05299633741378784
5134,105,0.03255185857415199
5135,105,0.03738477826118469
5136,105,0.03205906227231026
5137,105,0.0750909075140953
5138,105,0.025072814896702766
5139,105,0.04071522504091263
5140,105,0.07002248615026474
5141,105,0.08567264676094055
5142,105,0.11997528374195099
5143,105,0.049503546208143234
5144,105,0.02981710247695446
5145,105,0.09338929504156113
5146,105,0.06029694527387619
5147,105,0.051753778010606766
5148,106,0.04059256240725517
5149,106,0.04451783746480942
5150,106,0.05986521393060684
5151,106,0.03351867198944092
5152,106,0.041627392172813416
5153,106,0.07509376108646393
5154,106,0.03038034588098526
5155,106,0.029423724859952927
5156,106,0.053191978484392166
5157,106,0.052528832107782364
5158,106,0.044062815606594086
5159,106,0.049691177904605865
5160,106,0.026942875236272812
5161,106,0.06651373952627182
5162,106,0.09888859838247299
5163,106,0.05289335548877716
5164,106,0.04200015217065811
5165,106,0.03392978012561798
5166,107,0.04979195073246956
5167,107,0.09128637611865997
5168,107,0.04353225976228714
5169,107,0.06670637428760529
5170,107,0.0639592781662941
5171,107,0.03569391369819641
5172,107,0.06188380718231201
5173,107,0.052342966198921204
5174,107,0.04743786156177521
5175,107,0.045569151639938354
5176,107,0.04746830090880394
5177,107,0.07603053748607635
5178,107,0.11143219470977783
5179,107,0.08819043636322021
5180,107,0.027229417115449905
5181,107,0.03696827217936516
5182,107,0.03418920934200287
5183,107,0.07230119407176971
5184,107,0.04775223135948181
5185,107,0.1134386658668518
5186,107,0.07069241255521774
5187,107,0.03900570049881935
5188,107,0.04691890627145767
5189,108,0.054122328758239746
5190,108,0.06779826432466507
5191,108,0.06884992867708206
5192,108,0.02934754639863968
5193,108,0.06198153644800186
5194,108,0.03349124640226364
5195,108,0.11725326627492905
5196,108,0.03361225500702858
5197,108,0.03373732417821884
5198,108,0.0829407274723053
5199,108,0.07803916931152344
5200,108,0.02374854125082493
5201,108,0.039540283381938934
5202,108,0.04183339327573776
5203,108,0.07857871055603027
5204,108,0.04524403065443039
5205,108,0.04679625481367111
5206,108,0.06260951608419418
5207,108,0.04443788900971413
5208,108,0.027037853375077248
5209,108,0.06591817736625671
5210,108,0.02111039310693741
5211,108,0.10638905316591263
5212,109,0.05038183927536011
5213,109,0.11024503409862518
5214,109,0.08922044932842255
5215,109,0.03416572883725166
5216,109,0.04718387871980667
5217,109,0.05317450687289238
5218,109,0.02702040784060955
5219,109,0.04344834387302399
5220,110,0.09670764952898026
5221,110,0.06541591882705688
5222,110,0.033696360886096954
5223,110,0.0402272492647171
5224,110,0.11928515881299973
5225,110,0.04006926342844963
5226,110,0.03241362422704697
5227,110,0.04408423602581024
5228,110,0.0928884819149971
5229,110,0.0965883806347847
5230,110,0.050862278789281845
5231,110,0.0856080874800682
5232,110,0.031139036640524864
5233,110,0.04588593170046806
5234,110,0.05368424952030182
5235,110,0.049938496202230453
5236,110,0.037224628031253815
5237,110,0.051933880895376205
5238,110,0.03689960017800331
5239,111,0.052693042904138565
5240,111,0.06116383522748947
5241,111,0.08361334353685379
5242,111,0.05905625596642494
5243,111,0.037991251796483994
5244,111,0.04674484580755234
5245,111,0.03449707105755806
5246,111,0.07814137637615204
5247,111,0.07639509439468384
5248,111,0.052894316613674164
5249,111,0.08790026605129242
5250,111,0.08539284020662308
5251,111,0.1534324288368225
5252,111,0.09262124449014664
5253,111,0.08513941615819931
5254,111,0.1113642081618309
5255,111,0.07043838500976562
5256,111,0.08166410028934479
5257,111,0.044870950281620026
5258,111,0.03935874253511429
5259,111,0.07378728687763214
5260,111,0.05390655994415283
5261,111,0.10822530835866928
5262,112,0.058720871806144714
5263,112,0.052931174635887146
5264,112,0.07611822336912155
5265,112,0.10003549605607986
5266,112,0.0639941394329071
5267,112,0.06824512034654617
5268,112,0.03534405305981636
5269,112,0.04683712124824524
5270,112,0.041679516434669495
5271,112,0.1379358172416687
5272,112,0.10055915266275406
5273,112,0.06319218873977661
5274,113,0.04137323424220085
5275,113,0.06304534524679184
5276,113,0.07358969748020172
5277,113,0.05513513833284378
5278,113,0.04602912440896034
5279,113,0.08928924053907394
5280,113,0.081477090716362
5281,113,0.04399166256189346
5282,113,0.030908163636922836
5283,113,0.09399175643920898
5284,113,0.0874195545911789
5285,113,0.0895201787352562
5286,113,0.06763667613267899
5287,113,0.029538586735725403
5288,113,0.04594464227557182
5289,113,0.05516583099961281
5290,113,0.06724296510219574
5291,113,0.0682915449142456
5292,113,0.0198645181953907
5293,114,0.08657120168209076
5294,114,0.0430329404771328
5295,114,0.08273731917142868
5296,114,0.032639045268297195
5297,114,0.04570120573043823
5298,114,0.057365771383047104
5299,114,0.060141973197460175
5300,114,0.07747937738895416
5301,114,0.07962522655725479
5302,114,0.05242624506354332
5303,114,0.053164903074502945
5304,114,0.034713566303253174
5305,114,0.06578396260738373
5306,114,0.06120357662439346
5307,114,0.053644537925720215
5308,114,0.06498010456562042
5309,114,0.03937586396932602
5310,114,0.0359293632209301
5311,114,0.04711994528770447
5312,114,0.03099660575389862
5313,114,0.09315928816795349
5314,115,0.044515132904052734
5315,115,0.027437079697847366
5316,115,0.03305024653673172
5317,115,0.03287743404507637
5318,115,0.08915095776319504
5319,115,0.05433066189289093
5320,115,0.06478846818208694
5321,115,0.035522520542144775
5322,115,0.040301740169525146
5323,115,0.07929480075836182
5324,115,0.040320537984371185
5325,115,0.0780700147151947
5326,115,0.04077177494764328
5327,115,0.044865239411592484
5328,115,0.02975860983133316
5329,115,0.06099177151918411
5330,115,0.043787769973278046
5331,115,0.05536661297082901
5332,116,0.06563262641429901
5333,116,0.0415722019970417
5334,116,0.05376335233449936
5335,116,0.07129108905792236
5336,116,0.041272204369306564
5337,116,0.05162501707673073
5338,116,0.037399470806121826
5339,116,0.0429704375565052
5340,116,0.03297456353902817
5341,116,0.060150932520627975
5342,116,0.05549948662519455
5343,116,0.037406161427497864
5344,116,0.044287972152233124
5345,116,0.05043967813253403
5346,116,0.03038603812456131
5347,116,0.07043198496103287
5348,116,0.05747004598379135
5349,116,0.0520092248916626
5350,116,0.044587619602680206
5351,116,0.03559403121471405
5352,116,0.04327571392059326
5353,116,0.035506218671798706
5354,116,0.09469679743051529
5355,116,0.10278352349996567
5356,116,0.04299848899245262
5357,116,0.07782059907913208
5358,116,0.05092809721827507
5359,117,0.030406398698687553
5360,117,0.03726468235254288
5361,117,0.0767945647239685
5362,117,0.03704215586185455
5363,117,0.04889439791440964
5364,117,0.05493342876434326
5365,117,0.05981782451272011
5366,117,0.06409680843353271
5367,117,0.04407477751374245
5368,117,0.0280531607568264
5369,117,0.029976079240441322
5370,117,0.04443050175905228
5371,117,0.03230372071266174
5372,117,0.04062264412641525
5373,117,0.06271073967218399
5374,117,0.05434268340468407
5375,117,0.040061209350824356
5376,117,0.03551429137587547
5377,118,0.059635311365127563
5378,118,0.04459075257182121
5379,118,0.0551222488284111
5380,118,0.04006781056523323
5381,118,0.03600268438458443
5382,118,0.03407945856451988
5383,118,0.08348113298416138
5384,118,0.08091576397418976
5385,118,0.03784908354282379
5386,118,0.0732225552201271
5387,119,0.07676800340414047
5388,119,0.06623659282922745
5389,119,0.02907548099756241
5390,119,0.041480064392089844
5391,119,0.06331366300582886
5392,119,0.0398271270096302
5393,119,0.029438721016049385
5394,119,0.05469370633363724
5395,119,0.04917382821440697
5396,120,0.08097709715366364
5397,120,0.04040857404470444
5398,120,0.05701572820544243
5399,120,0.03403056040406227
5400,120,0.028699593618512154
5401,120,0.07609602808952332
5402,120,0.0691683366894722
5403,120,0.037853240966796875
5404,120,0.05600908771157265
5405,120,0.05411097779870033
5406,120,0.042487647384405136
5407,120,0.03564043343067169
5408,120,0.055056381970644
5409,120,0.03671690821647644
5410,120,0.034528329968452454
5411,120,0.04929770529270172
5412,120,0.043387994170188904
5413,120,0.042765695601701736
5414,120,0.07365383207798004
5415,120,0.04292428866028786
5416,120,0.05622738599777222
5417,120,0.04042835533618927
5418,120,0.06685759127140045
5419,121,0.05336707830429077
5420,121,0.03942805156111717
5421,121,0.0839276984333992
5422,121,0.054953936487436295
5423,121,0.02722284384071827
5424,121,0.036312274634838104
5425,121,0.04080410674214363
5426,121,0.03747447580099106
5427,121,0.05988005921244621
5428,121,0.08604833483695984
5429,121,0.035841166973114014
5430,121,0.09497064352035522
5431,121,0.0597657673060894
5432,121,0.04134368523955345
5433,121,0.04798383265733719
5434,121,0.07716435194015503
5435,121,0.018445651978254318
5436,121,0.05802542343735695
5437,121,0.039077598601579666
5438,122,0.0538274422287941
5439,122,0.03268204256892204
5440,122,0.018850278109312057
5441,122,0.05552961677312851
5442,122,0.07505359500646591
5443,122,0.039980266243219376
5444,122,0.06968247890472412
5445,122,0.045854952186346054
5446,122,0.043673932552337646
5447,122,0.04034646227955818
5448,122,0.07637087255716324
5449,122,0.030418213456869125
5450,122,0.05264443904161453
5451,122,0.040901001542806625
5452,122,0.036255575716495514
5453,122,0.0413607582449913
5454,122,0.052270080894231796
5455,122,0.0385085828602314
5456,122,0.04110896214842796
5457,122,0.12110009789466858
5458,123,0.06413444876670837
5459,123,0.03156253695487976
5460,123,0.03802323713898659
5461,123,0.03948739543557167
5462,123,0.07299771904945374
5463,123,0.02550172433257103
5464,123,0.025123825296759605
5465,123,0.04283447191119194
5466,123,0.06210457906126976
5467,124,0.04965413361787796
5468,124,0.08816361427307129
5469,124,0.028298648074269295
5470,124,0.036424171179533005
5471,124,0.1072009950876236
5472,124,0.03226957470178604
5473,124,0.039758168160915375
5474,124,0.05163687840104103
5475,124,0.036832548677921295
5476,124,0.1035783439874649
5477,124,0.07791555672883987
5478,124,0.04731384292244911
5479,124,0.030395060777664185
5480,124,0.05142790824174881
5481,124,0.05773979797959328
5482,124,0.0295378640294075
5483,124,0.06417353451251984
5484,124,0.04469079524278641
5485,124,0.0309445858001709
5486,124,0.028272686526179314
5487,125,0.028393035754561424
5488,125,0.06940038502216339
5489,125,0.039460018277168274
5490,125,0.04203648865222931
5491,125,0.041681621223688126
5492,125,0.03509540483355522
5493,125,0.035959336906671524
5494,125,0.034606967121362686
5495,125,0.035606298595666885
5496,125,0.06780745834112167
5497,125,0.0699026957154274
5498,125,0.02921084314584732
5499,125,0.09047338366508484
5500,125,0.03606846183538437
5501,125,0.07058748602867126
5502,125,0.08702919632196426
5503,125,0.07856830954551697
5504,125,0.11408468335866928
5505,125,0.09295734018087387
5506,125,0.05884784460067749
5507,126,0.09052348881959915
5508,126,0.0818030908703804
5509,126,0.09381994605064392
5510,126,0.06807304918766022
5511,126,0.06423016637563705
5512,126,0.08337733894586563
5513,126,0.07471765577793121
5514,126,0.04938370734453201
5515,126,0.05266392230987549
5516,126,0.04178875684738159
5517,126,0.04622357711195946
5518,126,0.039681632071733475
5519,126,0.03972660005092621
5520,126,0.06419776380062103
5521,126,0.0517919659614563
5522,126,0.03405144065618515
5523,127,0.03982054069638252
5524,127,0.06423623114824295
5525,127,0.04174433648586273
5526,127,0.04503516107797623
5527,127,0.04175601527094841
5528,127,0.07616179436445236
5529,127,0.061828840523958206
5530,127,0.03284640237689018
5531,128,0.042207203805446625
5532,128,0.05554595962166786
5533,128,0.05508631095290184
5534,128,0.051565561443567276
5535,128,0.05704681575298309
5536,128,0.042944684624671936
5537,128,0.06976668536663055
5538,128,0.02690497413277626
5539,128,0.030544131994247437
5540,128,0.05392071604728699
5541,128,0.025736374780535698
5542,128,0.035271115601062775
5543,128,0.03828422352671623
5544,128,0.06305235624313354
5545,128,0.026286501437425613
5546,128,0.036883171647787094
5547,128,0.02471567504107952
5548,129,0.022529641166329384
5549,129,0.03154795244336128
5550,129,0.028462059795856476
5551,129,0.04694122076034546
5552,129,0.038249190896749496
5553,129,0.04653943330049515
5554,129,0.029668111354112625
5555,129,0.04869654402136803
5556,129,0.028775488957762718
5557,129,0.08532080054283142
5558,129,0.05376073345541954
5559,129,0.0386018306016922
5560,129,0.04191157966852188
5561,129,0.03864867240190506
5562,129,0.054383814334869385
5563,129,0.038694318383932114
5564,129,0.03197503834962845
5565,129,0.028382476419210434
5566,129,0.03354615345597267
5567,129,0.035710178315639496
5568,130,0.046036314219236374
5569,130,0.033119626343250275
5570,130,0.044286999851465225
5571,130,0.032724134624004364
5572,130,0.05088809132575989
5573,130,0.03790995106101036
5574,130,0.08568357676267624
5575,130,0.043841514736413956
5576,130,0.03578644245862961
5577,130,0.028890017420053482
5578,130,0.06118857488036156
5579,130,0.04767562821507454
5580,130,0.02507733181118965
5581,130,0.024020645767450333
5582,130,0.027450265362858772
5583,130,0.02742641605436802
5584,130,0.03339765965938568
5585,130,0.041798144578933716
5586,130,0.02651306241750717
5587,131,0.032679736614227295
5588,131,0.032551780343055725
5589,131,0.035641301423311234
5590,131,0.033087875694036484
5591,131,0.028549298644065857
5592,131,0.037528540939092636
5593,131,0.031399644911289215
5594,131,0.03866669163107872
5595,131,0.021588467061519623
5596,131,0.030636297538876534
5597,131,0.05926794558763504
5598,131,0.0568401962518692
5599,131,0.02277894876897335
5600,131,0.0282523725181818
5601,131,0.03151476010680199
5602,131,0.07222060114145279
5603,131,0.06757321953773499
5604,131,0.057024870067834854
5605,131,0.045242488384246826
5606,131,0.04117383062839508
5607,131,0.02371254190802574
5608,131,0.03851974382996559
5609,132,0.06403015553951263
5610,132,0.03813157603144646
5611,132,0.038576558232307434
5612,132,0.023293644189834595
5613,132,0.03716963157057762
5614,132,0.04960230365395546
5615,132,0.058179691433906555
5616,132,0.057904645800590515
5617,132,0.027776064351201057
5618,132,0.03452387452125549
5619,132,0.05436118319630623
5620,132,0.05447562783956528
5621,132,0.030828239396214485
5622,132,0.0435146689414978
5623,132,0.024117160588502884
5624,132,0.04343589022755623
5625,132,0.045683253556489944
5626,132,0.03446048125624657
5627,132,0.04757809638977051
5628,132,0.040729820728302
5629,132,0.06341954320669174
5630,132,0.07021097093820572
5631,132,0.06351696699857712
5632,132,0.032539002597332
5633,132,0.04387759789824486
5634,132,0.04170537367463112
5635,132,0.031413350254297256
5636,133,0.04263513162732124
5637,133,0.03181075677275658
5638,133,0.09903350472450256
5639,133,0.0433211587369442
5640,133,0.030542626976966858
5641,133,0.06273210793733597
5642,133,0.024243563413619995
5643,133,0.03764244541525841
5644,133,0.03376014530658722
5645,133,0.030706200748682022
5646,133,0.04619917646050453
5647,133,0.03191564232110977
5648,134,0.03506127744913101
5649,134,0.05361751466989517
5650,134,0.02525864727795124
5651,134,0.03798086941242218
5652,134,0.041979413479566574
5653,134,0.044582948088645935
5654,134,0.04484233260154724
5655,134,0.04142050817608833
5656,134,0.023993268609046936
5657,134,0.04872564226388931
5658,134,0.056207749992609024
5659,134,0.030650174245238304
5660,134,0.04784182831645012
5661,134,0.01739313080906868
5662,134,0.04165840893983841
5663,134,0.03739732876420021
5664,134,0.02282913774251938
5665,134,0.040347859263420105
5666,134,0.05476394295692444
5667,134,0.04717529937624931
5668,135,0.0211736261844635
5669,135,0.058478858321905136
5670,135,0.026255406439304352
5671,135,0.048092424869537354
5672,135,0.0322846882045269
5673,135,0.03654859587550163
5674,135,0.036481909453868866
5675,135,0.0690508633852005
5676,136,0.04030023515224457
5677,136,0.021549535915255547
5678,136,0.03417620062828064
5679,136,0.03553423658013344
5680,136,0.04707809165120125
5681,136,0.04816041886806488
5682,136,0.04472299665212631
5683,136,0.03231756016612053
5684,136,0.02398509904742241
5685,136,0.0322844460606575
5686,136,0.02765120193362236
5687,136,0.04076665639877319
5688,136,0.034790366888046265
5689,136,0.04643954336643219
5690,136,0.028460945934057236
5691,136,0.04255170002579689
5692,136,0.08321209996938705
5693,137,0.026969028636813164
5694,137,0.039538487792015076
5695,137,0.033187542110681534
5696,137,0.034115780144929886
5697,137,0.0353519544005394
5698,137,0.0354391448199749
5699,137,0.057350531220436096
5700,137,0.04484092816710472
5701,137,0.032168734818696976
5702,137,0.04448360204696655
5703,137,0.025776788592338562
5704,137,0.037935443222522736
5705,137,0.03578656166791916
5706,137,0.03501399606466293
5707,137,0.02744024246931076
5708,137,0.07738608121871948
5709,137,0.03307287395000458
5710,137,0.017383109778165817
5711,137,0.03294067084789276
5712,137,0.024817705154418945
5713,137,0.02184925600886345
5714,137,0.02719847485423088
5715,137,0.03293841332197189
5716,138,0.025773238390684128
5717,138,0.049842700362205505
5718,138,0.0369725339114666
5719,138,0.03345519304275513
5720,138,0.04411563277244568
5721,138,0.035974226891994476
5722,138,0.052270300686359406
5723,138,0.02991759032011032
5724,138,0.02738996595144272
5725,138,0.03552749380469322
5726,138,0.028988368809223175
5727,138,0.028506478294730186
5728,138,0.07352094352245331
5729,138,0.0670785903930664
5730,139,0.03668976575136185
5731,139,0.054732631891965866
5732,139,0.049803685396909714
5733,139,0.03303114324808121
5734,139,0.02726583182811737
5735,139,0.03860991820693016
5736,139,0.037387192249298096
5737,139,0.028852056711912155
5738,139,0.05030003935098648
5739,139,0.054181456565856934
5740,139,0.04227805882692337
5741,139,0.052199095487594604
5742,139,0.04622736573219299
5743,139,0.0351748988032341
5744,139,0.04635528475046158
5745,139,0.06826688349246979
5746,139,0.02517792582511902
5747,139,0.06521724164485931
5748,139,0.026550332084298134
5749,139,0.02252807654440403
5750,140,0.06597698479890823
5751,140,0.09429134428501129
5752,140,0.0584820918738842
5753,140,0.049483392387628555
5754,140,0.06874977052211761
5755,140,0.0808909609913826
5756,140,0.03752930089831352
5757,140,0.045769818127155304
5758,140,0.04683544486761093
5759,140,0.08177760988473892
5760,140,0.047803644090890884
5761,140,0.03898945823311806
5762,140,0.06337496638298035
5763,140,0.04511276260018349
5764,140,0.0543302483856678
5765,140,0.06849939376115799
5766,140,0.07013211399316788
5767,140,0.04949014633893967
5768,140,0.04099300503730774
5769,141,0.051239777356386185
5770,141,0.035147469490766525
5771,141,0.051542505621910095
5772,141,0.058308303356170654
5773,141,0.062407128512859344
5774,141,0.04648399353027344
5775,141,0.031767405569553375
5776,141,0.05403691530227661
5777,141,0.02774222195148468
5778,141,0.04109851270914078
5779,141,0.05171457305550575
5780,141,0.04459252208471298
5781,141,0.057767320424318314
5782,141,0.05630432069301605
5783,141,0.04837614297866821
5784,141,0.047845758497714996
5785,141,0.050355035811662674
5786,141,0.06379253417253494
5787,141,0.06732290983200073
5788,141,0.06443402171134949
5789,141,0.04673807695508003
5790,141,0.055068399757146835
5791,142,0.030554281547665596
5792,142,0.037620797753334045
5793,142,0.025806399062275887
5794,142,0.0361233614385128
5795,142,0.041228532791137695
5796,142,0.06723678857088089
5797,142,0.02705017663538456
5798,142,0.03672368451952934
5799,142,0.035566218197345734
5800,142,0.03473474457859993
5801,142,0.09438885748386383
5802,142,0.03068479150533676
5803,142,0.031697556376457214
5804,142,0.030391329899430275
5805,142,0.02847778983414173
5806,142,0.0368133969604969
5807,142,0.045127756893634796
5808,142,0.039405789226293564
5809,142,0.040354736149311066
5810,142,0.028146537020802498
5811,142,0.048236049711704254
5812,142,0.03058447502553463
5813,143,0.027418747544288635
5814,143,0.03363494947552681
5815,143,0.034130893647670746
5816,143,0.0519014410674572
5817,143,0.05216078832745552
5818,143,0.035452619194984436
5819,143,0.02332828938961029
5820,143,0.03149273991584778
5821,143,0.05609378591179848
5822,143,0.03342228755354881
5823,143,0.041769471019506454
5824,143,0.03237943351268768
5825,143,0.05404143035411835
5826,143,0.04530368000268936
5827,143,0.034506794065237045
5828,143,0.031691163778305054
5829,143,0.030529722571372986
5830,143,0.03712053224444389
5831,143,0.03519280627369881
5832,144,0.04882621020078659
5833,144,0.02264586091041565
5834,144,0.04613909125328064
5835,144,0.019596951082348824
5836,144,0.03583710268139839
5837,144,0.02400943636894226
5838,144,0.030423691496253014
5839,144,0.02954786829650402
5840,144,0.03171113505959511
5841,144,0.030139576643705368
5842,144,0.03405258432030678
5843,144,0.026211220771074295
5844,145,0.045934103429317474
5845,145,0.028308549895882607
5846,145,0.036018434911966324
5847,145,0.06352737545967102
5848,145,0.03043835423886776
5849,145,0.05551690608263016
5850,145,0.04751730337738991
5851,145,0.027885286137461662
5852,145,0.03807170316576958
5853,145,0.03885414078831673
5854,145,0.030741654336452484
5855,145,0.04076605290174484
5856,145,0.036426130682229996
5857,145,0.03183581680059433
5858,145,0.028193987905979156
5859,145,0.02406146377325058
5860,145,0.029902853071689606
5861,145,0.021792737767100334
5862,146,0.0447637140750885
5863,146,0.03612455353140831
5864,146,0.037692584097385406
5865,146,0.049013011157512665
5866,146,0.02330072969198227
5867,146,0.028000520542263985
5868,146,0.04033505171537399
5869,146,0.04546976089477539
5870,146,0.03436025232076645
5871,146,0.021107755601406097
5872,146,0.025461366400122643
5873,146,0.018735632300376892
5874,146,0.024360818788409233
5875,146,0.036592863500118256
5876,146,0.037441447377204895
5877,146,0.0319252572953701
5878,146,0.03463474661111832
5879,146,0.023276109248399734
5880,146,0.04727289453148842
5881,146,0.020989470183849335
5882,147,0.017986711114645004
5883,147,0.031605593860149384
5884,147,0.030281836166977882
5885,147,0.04560722038149834
5886,147,0.04572303965687752
5887,147,0.02787969261407852
5888,147,0.034170083701610565
5889,147,0.044635772705078125
5890,148,0.024623921141028404
5891,148,0.04260715842247009
5892,148,0.02813752368092537
5893,148,0.037859778851270676
5894,148,0.034660086035728455
5895,148,0.028320297598838806
5896,148,0.019420867785811424
5897,148,0.03139021620154381
5898,148,0.0436563715338707
5899,149,0.041861552745103836
5900,149,0.05235552042722702
5901,149,0.06345755606889725
5902,149,0.024042710661888123
5903,149,0.031850580126047134
5904,149,0.02134714089334011
5905,149,0.06039171665906906
5906,149,0.022068852558732033
5907,149,0.026155533269047737
5908,149,0.02486014924943447
5909,149,0.027483616024255753
5910,149,0.025717897340655327
5911,149,0.039766572415828705
5912,149,0.058450281620025635
5913,149,0.024889079853892326
5914,149,0.030331820249557495
5915,149,0.04041606932878494
5916,149,0.03239009901881218
5917,149,0.024912189692258835
5918,149,0.05942858010530472
5919,149,0.035089388489723206
5920,149,0.03901759535074234
5921,149,0.022152094170451164
5922,149,0.04092151299118996
5923,150,0.019795410335063934
5924,150,0.05348866060376167
5925,150,0.03943759948015213
5926,150,0.042555976659059525
5927,150,0.02541886642575264
5928,150,0.0328105129301548
5929,150,0.031414665281772614
5930,150,0.06209386885166168
5931,150,0.03937225788831711
5932,150,0.029632925987243652
5933,150,0.03489138185977936
5934,150,0.04118657112121582
5935,150,0.03450904041528702
5936,150,0.037005357444286346
5937,150,0.03603927791118622
5938,151,0.03904002904891968
5939,151,0.03063093312084675
5940,151,0.04384467005729675
5941,151,0.02507445029914379
5942,151,0.03915206342935562
5943,151,0.038992881774902344
5944,151,0.04530220478773117
5945,151,0.04869269207119942
5946,152,0.015886196866631508
5947,152,0.06473003327846527
5948,152,0.05499676614999771
5949,152,0.050419580191373825
5950,152,0.02549106627702713
5951,152,0.05355232581496239
5952,152,0.045724932104349136
5953,152,0.03405528888106346
5954,152,0.035731375217437744
5955,152,0.025819741189479828
5956,152,0.03492513671517372
5957,152,0.03292049840092659
5958,152,0.019507067278027534
5959,152,0.039789047092199326
5960,152,0.0729714184999466
5961,152,0.03572239726781845
5962,152,0.019308270886540413
5963,152,0.02561976946890354
5964,152,0.03544118255376816
5965,152,0.03532645106315613
5966,152,0.05529981106519699
5967,152,0.02916964516043663
5968,153,0.05451640859246254
5969,153,0.06216026097536087
5970,153,0.020494122058153152
5971,153,0.04578608646988869
5972,153,0.03166472911834717
5973,153,0.03254565969109535
5974,153,0.0353563018143177
5975,153,0.039254460483789444
5976,153,0.04460408538579941
5977,153,0.0208963043987751
5978,153,0.031039122492074966
5979,153,0.02755630947649479
5980,153,0.03188101202249527
5981,153,0.05170946568250656
5982,153,0.031813155859708786
5983,153,0.03271747753024101
5984,153,0.03775301203131676
5985,153,0.04223722964525223
5986,153,0.028036128729581833
5987,153,0.054004646837711334
5988,153,0.028550438582897186
5989,153,0.05532538890838623
5990,154,0.03256691247224808
5991,154,0.04177456721663475
5992,154,0.026733314618468285
5993,154,0.046988341957330704
5994,154,0.04759683087468147
5995,154,0.05964808911085129
5996,154,0.029283881187438965
5997,154,0.023242153227329254
5998,154,0.02624957635998726
5999,154,0.035670869052410126
6000,154,0.033309709280729294
6001,154,0.09490559995174408
6002,154,0.0640786737203598
6003,154,0.05679437518119812
6004,154,0.08246560394763947
6005,154,0.05299223214387894
6006,154,0.0633692741394043
6007,154,0.05248643457889557
6008,154,0.06460308283567429
6009,154,0.05370711535215378
6010,155,0.06138210371136665
6011,155,0.04746924713253975
6012,155,0.026297423988580704
6013,155,0.029329540207982063
6014,155,0.040694527328014374
6015,155,0.044749826192855835
6016,155,0.050982289016246796
6017,155,0.04841858521103859
6018,155,0.038622453808784485
6019,155,0.033132489770650864
6020,155,0.050176575779914856
6021,155,0.03400125727057457
6022,155,0.038054514676332474
6023,155,0.049470625817775726
6024,155,0.03470737859606743
6025,155,0.03091420978307724
6026,155,0.04191213473677635
6027,155,0.026451919227838516
6028,155,0.036005012691020966
6029,155,0.02977650612592697
6030,155,0.03240932151675224
6031,155,0.04755299165844917
6032,155,0.02887139469385147
6033,156,0.024009283632040024
6034,156,0.018803369253873825
6035,156,0.04147380217909813
6036,156,0.04319087043404579
6037,156,0.0353219173848629
6038,156,0.045397453010082245
6039,156,0.03142808377742767
6040,156,0.028619816526770592
6041,156,0.02891490049660206
6042,156,0.03726983070373535
6043,156,0.032378438860177994
6044,156,0.04141366109251976
6045,156,0.034478943794965744
6046,156,0.029271205887198448
6047,156,0.028776826336979866
6048,156,0.030835270881652832
6049,156,0.027942892163991928
6050,156,0.04185675457119942
6051,157,0.041318200528621674
6052,157,0.042975738644599915
6053,157,0.04455961659550667
6054,157,0.037582237273454666
6055,157,0.027045177295804024
6056,157,0.04178239777684212
6057,157,0.02748202532529831
6058,157,0.028666000813245773
6059,157,0.027647025883197784
6060,157,0.03783431276679039
6061,157,0.031837400048971176
6062,157,0.03138375282287598
6063,157,0.051952436566352844
6064,157,0.032936207950115204
6065,157,0.05355941504240036
6066,158,0.06158195808529854
6067,158,0.024408932775259018
6068,158,0.0608578696846962
6069,158,0.028508439660072327
6070,158,0.028971901163458824
6071,158,0.03465737774968147
6072,158,0.01891367882490158
6073,158,0.03507329523563385
6074,158,0.0526120588183403
6075,158,0.042761821299791336
6076,158,0.04433684051036835
6077,158,0.03231475129723549
6078,158,0.06434667855501175
6079,158,0.044092483818531036
6080,158,0.03665241226553917
6081,159,0.026694489642977715
6082,159,0.04396320879459381
6083,159,0.0403122752904892
6084,159,0.043351661413908005
6085,159,0.03994474932551384
6086,159,0.03951577842235565
6087,159,0.04057007655501366
6088,159,0.016778459772467613
6089,159,0.04997298866510391
6090,159,0.04374273866415024
6091,159,0.032646048814058304
6092,159,0.04047456756234169
6093,159,0.043441351503133774
6094,159,0.029533546417951584
6095,159,0.02064690738916397
6096,159,0.04246600717306137
6097,159,0.04668441414833069
6098,159,0.04120149463415146
6099,159,0.03720521554350853
6100,159,0.034016262739896774
6101,159,0.034034885466098785
6102,159,0.036486200988292694
6103,159,0.021964719519019127
6104,159,0.020808257162570953
6105,159,0.04730409383773804
6106,160,0.03977224975824356
6107,160,0.05583013594150543
6108,160,0.031491540372371674
6109,160,0.01995750516653061
6110,160,0.04810943081974983
6111,160,0.049302056431770325
6112,160,0.019909419119358063
6113,160,0.03448043018579483
6114,160,0.03350631520152092
6115,160,0.03974328935146332
6116,160,0.0338488332927227
6117,160,0.019870398566126823
6118,160,0.03267780318856239
6119,160,0.03643081337213516
6120,160,0.03321506828069687
6121,160,0.04618927463889122
6122,161,0.03321024030447006
6123,161,0.036613933742046356
6124,161,0.03477666154503822
6125,161,0.034283436834812164
6126,161,0.044974178075790405
6127,161,0.03281276300549507
6128,161,0.028910556808114052
6129,161,0.024255288764834404
6130,161,0.017830394208431244
6131,161,0.03517407178878784
6132,161,0.035209041088819504
6133,161,0.05611536279320717
6134,161,0.034317150712013245
6135,161,0.03729542717337608
6136,161,0.025489943102002144
6137,161,0.031241128221154213
6138,161,0.03281444311141968
6139,161,0.02613370306789875
6140,161,0.02499714307487011
6141,162,0.02643660269677639
6142,162,0.03345833718776703
6143,162,0.026433436200022697
6144,162,0.02610642835497856
6145,162,0.058311913162469864
6146,162,0.02761373296380043
6147,162,0.05028481036424637
6148,162,0.02065270021557808
6149,162,0.022942684590816498
6150,163,0.039911072701215744
6151,163,0.030178196728229523
6152,163,0.02590181492269039
6153,163,0.026395879685878754
6154,163,0.024972593411803246
6155,163,0.040318116545677185
6156,163,0.029242653399705887
6157,163,0.03047662414610386
6158,163,0.029774105176329613
6159,163,0.037832409143447876
6160,163,0.032368484884500504
6161,163,0.0455164909362793
6162,163,0.05176522210240364
6163,163,0.035523105412721634
6164,163,0.03696315363049507
6165,163,0.027504032477736473
6166,163,0.03788626939058304
6167,163,0.05021244287490845
6168,163,0.042318399995565414
6169,163,0.03395520895719528
6170,163,0.0332612618803978
6171,163,0.03275639936327934
6172,164,0.03826209530234337
6173,164,0.03611932694911957
6174,164,0.056358885020017624
6175,164,0.043004490435123444
6176,164,0.04632385075092316
6177,164,0.02480918914079666
6178,164,0.03436994180083275
6179,164,0.02184702828526497
6180,164,0.054039061069488525
6181,164,0.050680942833423615
6182,164,0.027926547452807426
6183,164,0.03231999650597572
6184,164,0.04104124754667282
6185,164,0.030920635908842087
6186,164,0.041681136935949326
6187,164,0.022625794634222984
6188,164,0.024996180087327957
6189,164,0.03311391919851303
6190,164,0.04750433936715126
6191,164,0.04937244951725006
6192,164,0.03603517264127731
6193,164,0.05023465305566788
6194,164,0.035672545433044434
6195,165,0.04089418798685074
6196,165,0.04777533560991287
6197,165,0.03606051206588745
6198,165,0.04100837931036949
6199,165,0.04787887632846832
6200,165,0.031054655089974403
6201,165,0.03345856815576553
6202,165,0.041594021022319794
6203,165,0.057833585888147354
6204,165,0.031527601182460785
6205,165,0.055025264620780945
6206,165,0.04399504140019417
6207,165,0.03273908421397209
6208,165,0.034526433795690536
6209,165,0.024555539712309837
6210,165,0.033517975360155106
6211,165,0.04737439006567001
6212,165,0.02980542555451393
6213,166,0.053901489824056625
6214,166,0.03323175758123398
6215,166,0.04160452261567116
6216,166,0.021047024056315422
6217,166,0.024720637127757072
6218,166,0.051558367908000946
6219,166,0.03750123083591461
6220,166,0.03615759685635567
6221,166,0.03643686696887016
6222,166,0.02289896458387375
6223,166,0.031152687966823578
6224,166,0.03751928731799126
6225,166,0.04176754504442215
6226,166,0.0330086387693882
6227,166,0.037838101387023926
6228,166,0.023951221257448196
6229,166,0.04442267492413521
6230,166,0.03737606853246689
6231,166,0.02623610384762287
6232,166,0.0443059578537941
6233,166,0.01949460804462433
6234,166,0.02643396519124508
6235,166,0.030604727566242218
6236,167,0.019449623301625252
6237,167,0.03775670379400253
6238,167,0.03678883612155914
6239,167,0.036139898002147675
6240,167,0.03286390006542206
6241,167,0.02068805880844593
6242,167,0.03793063387274742
6243,167,0.03317633271217346
6244,167,0.02973843365907669
6245,167,0.04622741416096687
6246,167,0.03276520594954491
6247,167,0.02832651697099209
6248,167,0.03473096340894699
6249,167,0.03340405970811844
6250,167,0.042832452803850174
6251,167,0.12436356395483017
6252,167,0.07072030007839203
6253,168,0.05119645223021507
6254,168,0.05072959139943123
6255,168,0.08909113705158234
6256,168,0.05910443514585495
6257,168,0.055755652487277985
6258,168,0.034358106553554535
6259,168,0.07636044919490814
6260,168,0.06370081752538681
6261,168,0.05088597536087036
6262,168,0.043002985417842865
6263,168,0.062217406928539276
6264,168,0.0472840778529644
6265,168,0.03736281767487526
6266,168,0.05982362478971481
6267,168,0.0706089586019516
6268,168,0.04280182719230652
6269,168,0.05237378552556038
6270,169,0.04369072616100311
6271,169,0.04214847832918167
6272,169,0.07858546823263168
6273,169,0.03945361450314522
6274,169,0.04910704493522644
6275,169,0.04615920037031174
6276,169,0.06750933080911636
6277,169,0.03167577087879181
6278,169,0.05966478958725929
6279,169,0.042773451656103134
6280,170,0.04629994556307793
6281,170,0.04443756490945816
6282,170,0.047810979187488556
6283,170,0.03709865361452103
6284,170,0.04537799209356308
6285,170,0.04077473282814026
6286,170,0.03718627244234085
6287,170,0.060082439333200455
6288,170,0.03448805212974548
6289,170,0.056304819881916046
6290,170,0.03858856111764908
6291,170,0.03674404323101044
6292,170,0.046944573521614075
6293,171,0.035153914242982864
6294,171,0.050391435623168945
6295,171,0.0510408878326416
6296,171,0.029877565801143646
6297,171,0.04453634098172188
6298,171,0.03118155524134636
6299,171,0.020892078056931496
6300,171,0.03926565498113632
6301,171,0.03300345316529274
6302,171,0.038770683109760284
6303,171,0.03320851922035217
6304,171,0.03789250925183296
6305,171,0.05211789160966873
6306,171,0.044057898223400116
6307,172,0.04635367915034294
6308,172,0.05481608957052231
6309,172,0.04976693540811539
6310,172,0.026714520528912544
6311,172,0.037203025072813034
6312,172,0.03299851715564728
6313,172,0.035495005548000336
6314,172,0.05087035894393921
6315,172,0.04281751811504364
6316,172,0.028726348653435707
6317,172,0.04615762457251549
6318,172,0.039961300790309906
6319,172,0.05981333926320076
6320,172,0.03642057254910469
6321,172,0.04232576861977577
6322,172,0.04817664623260498
6323,172,0.03361242264509201
6324,172,0.04867766797542572
6325,172,0.030479056760668755
6326,172,0.034902267158031464
6327,172,0.04764100909233093
6328,172,0.04517044499516487
6329,172,0.048321597278118134
6330,173,0.043095871806144714
6331,173,0.03964268043637276
6332,173,0.04092990234494209
6333,173,0.028706595301628113
6334,173,0.03023330308496952
6335,173,0.044191665947437286
6336,173,0.04255501925945282
6337,173,0.05684271454811096
6338,173,0.053930673748254776
6339,173,0.025815241038799286
6340,173,0.0406951904296875
6341,173,0.03408176451921463
6342,173,0.03009754978120327
6343,173,0.057135824114084244
6344,173,0.04082941636443138
6345,173,0.0285362359136343
6346,173,0.02802281454205513
6347,173,0.02233424037694931
6348,173,0.05469202995300293
6349,173,0.06257185339927673
6350,173,0.03443145751953125
6351,173,0.043010082095861435
6352,173,0.03925754874944687
6353,174,0.04247718304395676
6354,174,0.03324294090270996
6355,174,0.02595602534711361
6356,174,0.03910168632864952
6357,174,0.07319530844688416
6358,174,0.03107532486319542
6359,174,0.045124687254428864
6360,174,0.03276367112994194
6361,174,0.02697385847568512
6362,174,0.03331639617681503
6363,174,0.035493023693561554
6364,174,0.03681655600667
6365,174,0.06502677500247955
6366,174,0.04263122379779816
6367,174,0.031927529722452164
6368,174,0.045685142278671265
6369,174,0.03622535616159439
6370,174,0.04933065176010132
6371,174,0.04533529281616211
6372,174,0.04141063243150711
6373,174,0.043702054768800735
6374,175,0.03425763174891472
6375,175,0.037588946521282196
6376,175,0.04781656712293625
6377,175,0.060404881834983826
6378,175,0.042214535176754
6379,175,0.030733779072761536
6380,175,0.04104676842689514
6381,175,0.029246769845485687
6382,175,0.03864024206995964
6383,175,0.04097321629524231
6384,175,0.06189907342195511
6385,175,0.022395338863134384
6386,175,0.03204020857810974
6387,175,0.02707972377538681
6388,175,0.03520527482032776
6389,175,0.03486067056655884
6390,175,0.045805372297763824
6391,175,0.026325248181819916
6392,175,0.06902658194303513
6393,175,0.052155137062072754
6394,175,0.04082793742418289
6395,176,0.0457458570599556
6396,176,0.04361576959490776
6397,176,0.04007536917924881
6398,176,0.07032917439937592
6399,176,0.07796919345855713
6400,176,0.04916987195611
6401,176,0.048613641411066055
6402,176,0.04811412841081619
6403,176,0.03207556903362274
6404,176,0.023340974003076553
6405,176,0.04623911529779434
6406,176,0.039178427308797836
6407,176,0.043861355632543564
6408,176,0.05681329593062401
6409,176,0.03645860031247139
6410,176,0.023869188502430916
6411,176,0.03881188854575157
6412,176,0.03842677175998688
6413,176,0.05369280278682709
6414,176,0.08253450691699982
6415,176,0.04933992773294449
6416,176,0.04568740352988243
6417,176,0.038238752633333206
6418,176,0.04306948184967041
6419,177,0.046745140105485916
6420,177,0.0232438575476408
6421,177,0.031889088451862335
6422,177,0.041022516787052155
6423,177,0.042240288108587265
6424,177,0.04183370620012283
6425,177,0.03637860715389252
6426,177,0.03744455799460411
6427,177,0.059140462428331375
6428,177,0.0544714480638504
6429,177,0.04575920104980469
6430,177,0.0327250212430954
6431,177,0.06635777652263641
6432,177,0.034219782799482346
6433,177,0.030550578609108925
6434,178,0.04177189618349075
6435,178,0.033934593200683594
6436,178,0.03511765971779823
6437,178,0.04415689408779144
6438,178,0.035204727202653885
6439,178,0.04696611315011978
6440,178,0.055984750390052795
6441,178,0.02901131473481655
6442,178,0.03607344627380371
6443,178,0.027699992060661316
6444,178,0.04390047490596771
6445,178,0.023260463029146194
6446,178,0.03443388640880585
6447,178,0.04788191244006157
6448,178,0.030450575053691864
6449,178,0.02740098536014557
6450,178,0.05411997437477112
6451,178,0.02076096460223198
6452,178,0.019301319494843483
6453,178,0.03478197380900383
6454,178,0.028019458055496216
6455,179,0.026734229177236557
6456,179,0.04475736990571022
6457,179,0.039073169231414795
6458,179,0.01579408161342144
6459,179,0.030176270753145218
6460,179,0.022578664124011993
6461,179,0.033823028206825256
6462,179,0.05522817373275757
6463,179,0.03186590597033501
6464,179,0.03611418604850769
6465,180,0.03036903776228428
6466,180,0.06079564988613129
6467,180,0.024350754916667938
6468,180,0.024218304082751274
6469,180,0.03875822573900223
6470,180,0.05695302411913872
6471,180,0.046412594616413116
6472,180,0.019506892189383507
6473,180,0.026494469493627548
6474,180,0.02743445709347725
6475,180,0.03717159479856491
6476,180,0.04113790765404701
6477,180,0.03660028055310249
6478,180,0.029916856437921524
6479,181,0.05472502112388611
6480,181,0.04819328710436821
6481,181,0.04277729615569115
6482,181,0.04539268836379051
6483,181,0.042560163885354996
6484,181,0.04730353504419327
6485,181,0.031171059235930443
6486,181,0.05061705410480499
6487,181,0.04936468228697777
6488,181,0.022740211337804794
6489,181,0.03772958368062973
6490,181,0.023239603266119957
6491,181,0.050444044172763824
6492,181,0.05289922282099724
6493,181,0.04150380194187164
6494,181,0.04130832105875015
6495,181,0.03884035348892212
6496,181,0.048610709607601166
6497,181,0.04043527692556381
6498,181,0.026322228834033012
6499,181,0.030943812802433968
6500,182,0.03645019605755806
6501,182,0.11852675676345825
6502,182,0.06645884364843369
6503,182,0.05739451199769974
6504,182,0.07375730574131012
6505,182,0.11878456175327301
6506,182,0.08290698379278183
6507,182,0.05019254982471466
6508,182,0.08979041874408722
6509,182,0.07739086449146271
6510,182,0.0741836279630661
6511,183,0.047231972217559814
6512,183,0.048643991351127625
6513,183,0.10713531821966171
6514,183,0.05344361439347267
6515,183,0.053652454167604446
6516,183,0.04486258327960968
6517,183,0.055674999952316284
6518,183,0.07384279370307922
6519,183,0.05765558406710625
6520,183,0.06585080176591873
6521,183,0.03724106401205063
6522,183,0.07300913333892822
6523,183,0.09734393656253815
6524,184,0.0402497872710228
6525,184,0.0590987354516983
6526,184,0.05779609829187393
6527,184,0.0424920879304409
6528,184,0.04383382573723793
6529,184,0.033146847039461136
6530,184,0.028892511501908302
6531,184,0.024874625727534294
6532,184,0.06954008340835571
6533,184,0.06470205634832382
6534,184,0.049175042659044266
6535,184,0.026505058631300926
6536,184,0.06863197684288025
6537,184,0.035217199474573135
6538,184,0.04695269092917442
6539,185,0.07704652100801468
6540,185,0.03596976399421692
6541,185,0.040233101695775986
6542,185,0.04651849716901779
6543,185,0.05207451805472374
6544,185,0.08639448136091232
6545,185,0.053169574588537216
6546,185,0.06024974212050438
6547,186,0.05781666189432144
6548,186,0.06163269653916359
6549,186,0.06676167249679565
6550,186,0.0625704824924469
6551,186,0.10697990655899048
6552,186,0.09381700307130814
6553,186,0.03485928475856781
6554,186,0.04529425874352455
6555,186,0.05924953520298004
6556,186,0.031608663499355316
6557,186,0.040074799209833145
6558,186,0.043523721396923065
6559,186,0.06395501643419266
6560,186,0.04190929979085922
6561,186,0.044433362782001495
6562,187,0.04790332540869713
6563,187,0.05643989518284798
6564,187,0.03400752320885658
6565,187,0.06624297797679901
6566,187,0.047020040452480316
6567,187,0.0536702424287796
6568,187,0.07841289043426514
6569,187,0.05635011941194534
6570,187,0.04663612321019173
6571,187,0.05868368223309517
6572,187,0.05302833393216133
6573,187,0.06919413805007935
6574,187,0.051382217556238174
6575,187,0.06891705840826035
6576,187,0.05003603547811508
6577,187,0.041200075298547745
6578,187,0.07228775322437286
6579,187,0.05821070820093155
6580,187,0.02359722927212715
6581,187,0.038965221494436264
6582,188,0.04171764850616455
6583,188,0.05695273354649544
6584,188,0.07613202929496765
6585,188,0.05743788555264473
6586,188,0.044615305960178375
6587,188,0.027317363768815994
6588,188,0.025966646149754524
6589,188,0.04384925216436386
6590,188,0.04388953745365143
6591,188,0.036615826189517975
6592,188,0.042796436697244644
6593,188,0.04056449979543686
6594,188,0.0338662751019001
6595,188,0.027214625850319862
6596,188,0.041933149099349976
6597,188,0.06445088237524033
6598,188,0.0445391871035099
6599,188,0.04393830895423889
6600,188,0.04408153519034386
6601,188,0.03972741961479187
6602,188,0.04854101315140724
6603,188,0.038046859204769135
6604,188,0.04180610179901123
6605,189,0.05479849874973297
6606,189,0.04858241230249405
6607,189,0.06635048985481262
6608,189,0.0320371650159359
6609,189,0.054176997393369675
6610,189,0.07179467380046844
6611,189,0.06611423939466476
6612,189,0.04546733200550079
6613,189,0.07999900728464127
6614,189,0.04693851247429848
6615,190,0.061929188668727875
6616,190,0.050102025270462036
6617,190,0.036247823387384415
6618,190,0.05855405330657959
6619,190,0.05413565784692764
6620,190,0.02915959432721138
6621,190,0.05179115757346153
6622,190,0.04742191359400749
6623,190,0.04850237816572189
6624,190,0.0721147209405899
6625,190,0.04389354959130287
6626,190,0.028711121529340744
6627,191,0.054138775914907455
6628,191,0.05529281124472618
6629,191,0.0347352959215641
6630,191,0.057900361716747284
6631,191,0.037889011204242706
6632,191,0.04281279072165489
6633,191,0.05254988372325897
6634,191,0.05220119655132294
6635,191,0.03861119598150253
6636,191,0.06678204983472824
6637,191,0.032258570194244385
6638,191,0.06730873882770538
6639,191,0.05632338300347328
6640,191,0.04308517277240753
6641,191,0.062290653586387634
6642,191,0.028771711513400078
6643,191,0.04765461012721062
6644,191,0.0499730259180069
6645,191,0.05455104261636734
6646,191,0.07026980817317963
6647,191,0.040022462606430054
6648,192,0.02986174449324608
6649,192,0.04936181753873825
6650,192,0.06013564392924309
6651,192,0.06750284135341644
6652,192,0.03534470871090889
6653,192,0.025611354038119316
6654,192,0.05228452757000923
6655,192,0.040766824036836624
6656,192,0.047660477459430695
6657,192,0.06867826730012894
6658,192,0.06965335458517075
6659,192,0.034947384148836136
6660,192,0.08515480905771255
6661,192,0.04670033976435661
6662,192,0.05877077206969261
6663,192,0.037030745297670364
6664,192,0.029601458460092545
6665,192,0.03612242639064789
6666,192,0.02191774919629097
6667,192,0.06157827004790306
6668,192,0.03617222234606743
6669,193,0.07165251672267914
6670,193,0.04999002069234848
6671,193,0.03636961057782173
6672,193,0.03553367778658867
6673,193,0.048681799322366714
6674,193,0.04611670598387718
6675,193,0.05755021050572395
6676,193,0.0602971613407135
6677,194,0.03990430384874344
6678,194,0.028891809284687042
6679,194,0.032008882611989975
6680,194,0.05953612178564072
6681,194,0.035055551677942276
6682,194,0.0787171870470047
6683,194,0.056927189230918884
6684,194,0.04445233196020126
6685,194,0.04457937926054001
6686,194,0.02769346907734871
6687,194,0.03894779458642006
6688,194,0.045189086347818375
6689,194,0.04228098690509796
6690,194,0.030747849494218826
6691,194,0.04772377014160156
6692,194,0.06118099391460419
6693,194,0.039061710238456726
6694,194,0.04171328619122505
6695,194,0.037876375019550323
6696,194,0.04673762619495392
6697,194,0.048722412437200546
6698,195,0.03481811657547951
6699,195,0.03376366198062897
6700,195,0.058376163244247437
6701,195,0.030361974611878395
6702,195,0.07514810562133789
6703,195,0.022154470905661583
6704,195,0.0286568570882082
6705,195,0.06687252223491669
6706,196,0.033221371471881866
6707,196,0.02980841137468815
6708,196,0.026291538029909134
6709,196,0.04919665306806564
6710,196,0.03927534446120262
6711,196,0.05136749520897865
6712,196,0.037537526339292526
6713,196,0.058334849774837494
6714,196,0.0565091073513031
6715,196,0.03513358160853386
6716,196,0.035296741873025894
6717,196,0.04640794172883034
6718,197,0.05521949753165245
6719,197,0.03333762288093567
6720,197,0.06233870983123779
6721,197,0.04135671630501747
6722,197,0.04760662093758583
6723,197,0.049075450748205185
6724,197,0.03245847299695015
6725,197,0.02640664577484131
6726,197,0.038046982139348984
6727,197,0.042371951043605804
6728,197,0.045121531933546066
6729,197,0.03777836263179779
6730,197,0.049545302987098694
6731,197,0.06822173297405243
6732,197,0.0384664312005043
6733,197,0.0770978257060051
6734,197,0.05973977968096733
6735,197,0.029200302436947823
6736,197,0.028506282716989517
6737,197,0.05820685997605324
6738,197,0.042728882282972336
6739,197,0.04702242091298103
6740,198,0.023178504779934883
6741,198,0.04366590827703476
6742,198,0.037872787564992905
6743,198,0.033794105052948
6744,198,0.044607385993003845
6745,198,0.06741797924041748
6746,198,0.046515293419361115
6747,198,0.049682557582855225
6748,198,0.05352048575878143
6749,198,0.06108860298991203
6750,198,0.024638034403324127
6751,198,0.11178543418645859
6752,198,0.06445596367120743
6753,198,0.05785762518644333
6754,199,0.052099719643592834
6755,199,0.14913354814052582
6756,199,0.05737137049436569
6757,199,0.04236152023077011
6758,199,0.06890767812728882
6759,199,0.08024605363607407
6760,199,0.0795845240354538
6761,199,0.07272965461015701
6762,199,0.04341838136315346
6763,199,0.0701918974518776
6764,199,0.06566247344017029
6765,199,0.054607756435871124
6766,199,0.05117250978946686
6767,199,0.08228033035993576
6768,199,0.04718063399195671
6769,199,0.0833088606595993
6770,199,0.06716949492692947
6771,199,0.05438987910747528
6772,200,0.07213499397039413
6773,200,0.029193248599767685
6774,200,0.07976533472537994
6775,200,0.05379101261496544
6776,200,0.038198333233594894
6777,200,0.04819374158978462
6778,200,0.040196243673563004
6779,200,0.047501884400844574
6780,200,0.04428696632385254
6781,200,0.05343010276556015
6782,200,0.04120529815554619
6783,200,0.050790779292583466
6784,200,0.07057884335517883
6785,200,0.0470491461455822
6786,200,0.04614422097802162
6787,200,0.045492418110370636
6788,200,0.05216672644019127
6789,200,0.04766793176531792
6790,200,0.03620591014623642
6791,200,0.05058524012565613
6792,201,0.0783575028181076
6793,201,0.08596379309892654
6794,201,0.036360133439302444
6795,201,0.03698354959487915
6796,201,0.03140101954340935
6797,201,0.05890687182545662
6798,201,0.05337664112448692
6799,201,0.0342738963663578
6800,201,0.06608198583126068
6801,202,0.04908636212348938
6802,202,0.053578682243824005
6803,202,0.07967523485422134
6804,202,0.0395120270550251
6805,202,0.05378994345664978
6806,202,0.05140412226319313
6807,202,0.04442601650953293
6808,202,0.040738221257925034
6809,202,0.04941631853580475
6810,202,0.05959242582321167
6811,202,0.05582529306411743
6812,202,0.05379084125161171
6813,202,0.06960370391607285
6814,202,0.056610558182001114
6815,202,0.061532486230134964
6816,202,0.042747363448143005
6817,202,0.05472021549940109
6818,202,0.08880947530269623
6819,202,0.0478598028421402
6820,202,0.04045740142464638
6821,202,0.03922208771109581
6822,203,0.037373658269643784
6823,203,0.052657969295978546
6824,203,0.06042185425758362
6825,203,0.08804179728031158
6826,203,0.08683601766824722
6827,203,0.043366171419620514
6828,203,0.03692661598324776
6829,203,0.05649246647953987
6830,203,0.047645531594753265
6831,203,0.04240565001964569
6832,203,0.06414960324764252
6833,203,0.06356219947338104
6834,204,0.052377406507730484
6835,204,0.06593477725982666
6836,204,0.03258707374334335
6837,204,0.03619406372308731
6838,204,0.03983832895755768
6839,204,0.08114491403102875
6840,204,0.040118440985679626
6841,204,0.09034180641174316
6842,204,0.0452926903963089
6843,204,0.04253172129392624
6844,204,0.07597391307353973
6845,204,0.0422300361096859
6846,204,0.06040880084037781
6847,204,0.05442936718463898
6848,204,0.048741549253463745
6849,204,0.024234313517808914
6850,204,0.031989507377147675
6851,204,0.03395416960120201
6852,204,0.03354169800877571
6853,205,0.07026152312755585
6854,205,0.051122669130563736
6855,205,0.046292565762996674
6856,205,0.08031708002090454
6857,205,0.060196708887815475
6858,205,0.0430867075920105
6859,205,0.03897792473435402
6860,205,0.10280558466911316
6861,205,0.08344579488039017
6862,205,0.06623619794845581
6863,205,0.08117155730724335
6864,205,0.07445526123046875
6865,205,0.044803887605667114
6866,205,0.048688292503356934
6867,205,0.08005330711603165
6868,205,0.06482711434364319
6869,205,0.07341328263282776
6870,205,0.04803173616528511
6871,206,0.04024570435285568
6872,206,0.06691288948059082
6873,206,0.06549125164747238
6874,206,0.07191547006368637
6875,206,0.03550170361995697
6876,206,0.07086241245269775
6877,206,0.04838284105062485
6878,206,0.06884381175041199
6879,206,0.04670653119683266
6880,206,0.036714211106300354
6881,206,0.10600385069847107
6882,206,0.024682309478521347
6883,206,0.033995695412158966
6884,206,0.03460808843374252
6885,207,0.03884890675544739
6886,207,0.02537672035396099
6887,207,0.060142941772937775
6888,207,0.06133511662483215
6889,207,0.04065994918346405
6890,207,0.05165659263730049
6891,207,0.04806866496801376
6892,207,0.05193805694580078
6893,207,0.05684584006667137
6894,207,0.03453902155160904
6895,207,0.05396806448698044
6896,207,0.05108165740966797
6897,207,0.043007515370845795
6898,207,0.03384014219045639
6899,207,0.05659991875290871
6900,207,0.051396794617176056
6901,207,0.08698544651269913
6902,207,0.07895837724208832
6903,207,0.05381467565894127
6904,207,0.057576149702072144
6905,207,0.108572818338871
6906,207,0.0383179634809494
6907,207,0.06666554510593414
6908,208,0.03179172798991203
6909,208,0.0478351004421711
6910,208,0.0586058534681797
6911,208,0.06621239334344864
6912,208,0.08042985200881958
6913,208,0.044040463864803314
6914,208,0.05586155503988266
6915,208,0.05890966206789017
6916,208,0.048727910965681076
6917,208,0.05223194882273674
6918,208,0.0389222614467144
6919,208,0.03329508379101753
6920,208,0.05981776863336563
6921,208,0.06212294474244118
6922,208,0.04833083227276802
6923,208,0.06548190861940384
6924,208,0.04096665978431702
6925,208,0.035837434232234955
6926,209,0.022585073485970497
6927,209,0.02136913686990738
6928,209,0.04294407367706299
6929,209,0.10702779144048691
6930,209,0.04539071023464203
6931,209,0.09060148894786835
6932,209,0.021111901849508286
6933,209,0.07260549813508987
6934,209,0.05207643657922745
6935,209,0.07541786134243011
6936,210,0.06110928952693939
6937,210,0.05985470861196518
6938,210,0.035984184592962265
6939,210,0.04808327555656433
6940,210,0.05389561504125595
6941,210,0.08247193694114685
6942,210,0.06657873094081879
6943,210,0.0320904403924942
6944,210,0.05985814705491066
6945,210,0.046303000301122665
6946,210,0.09494869410991669
6947,211,0.05792441591620445
6948,211,0.031887803226709366
6949,211,0.033436354249715805
6950,211,0.05309145152568817
6951,211,0.04626759514212608
6952,211,0.11268234252929688
6953,211,0.06546612083911896
6954,211,0.055556848645210266
6955,211,0.043603405356407166
6956,211,0.06978953629732132
6957,211,0.07658941298723221
6958,211,0.06415783613920212
6959,211,0.031321875751018524
6960,211,0.07866977155208588
6961,211,0.041984330862760544
6962,211,0.05133415758609772
6963,211,0.03585777431726456
6964,211,0.05403674766421318
6965,212,0.050767362117767334
6966,212,0.0428726002573967
6967,212,0.04956909269094467
6968,212,0.06312617659568787
6969,212,0.07227522134780884
6970,212,0.053514450788497925
6971,212,0.055549122393131256
6972,212,0.07318002730607986
6973,212,0.06508491933345795
6974,212,0.0645790696144104
6975,213,0.04029982164502144
6976,213,0.022792618721723557
6977,213,0.051896579563617706
6978,213,0.04316031560301781
6979,213,0.08202386647462845
6980,213,0.04006638377904892
6981,213,0.057458698749542236
6982,213,0.03948766738176346
6983,213,0.06285043060779572
6984,213,0.0680142417550087
6985,213,0.05241328105330467
6986,213,0.05291465297341347
6987,213,0.030181389302015305
6988,213,0.040384359657764435
6989,213,0.037983719259500504
6990,213,0.040852632373571396
6991,213,0.0883321687579155
6992,213,0.04851477965712547
6993,213,0.08219344913959503
6994,213,0.07738417387008667
6995,214,0.035020921379327774
6996,214,0.028295224532485008
6997,214,0.07967068254947662
6998,214,0.04059547185897827
6999,214,0.04778657108545303
7000,214,0.07358290255069733
7001,214,0.12195096909999847
7002,214,0.0835423395037651
7003,214,0.06881493330001831
7004,214,0.15689119696617126
7005,214,0.05349056422710419
7006,214,0.049804069101810455
7007,214,0.09771032631397247
7008,214,0.0665636956691742
7009,214,0.08574946969747543
7010,214,0.07397253811359406
7011,215,0.08858232200145721
7012,215,0.06588499248027802
7013,215,0.07454447448253632
7014,215,0.09430964291095734
7015,215,0.03279648721218109
7016,215,0.050630901008844376
7017,215,0.03917814791202545
7018,215,0.09184227883815765
7019,215,0.05021878704428673
7020,215,0.046352751553058624
7021,215,0.04154551401734352
7022,215,0.042810384184122086
7023,215,0.049858443439006805
7024,215,0.056733015924692154
7025,215,0.06019245460629463
7026,215,0.0318763367831707
7027,215,0.07082124054431915
7028,215,0.0670856386423111
7029,216,0.03121430054306984
7030,216,0.0932270884513855
7031,216,0.046068720519542694
7032,216,0.06259720027446747
7033,216,0.06297075748443604
7034,216,0.04448527842760086
7035,216,0.06142802536487579
7036,216,0.025635061785578728
7037,216,0.0815393328666687
7038,216,0.04320085048675537
7039,216,0.04798603057861328
7040,216,0.05005229264497757
7041,216,0.05543607473373413
7042,216,0.057961102575063705
7043,217,0.07064016908407211
7044,217,0.06041062995791435
7045,217,0.03685321286320686
7046,217,0.07313593477010727
7047,217,0.0470130480825901
7048,217,0.10001520812511444
7049,217,0.024200579151511192
7050,217,0.042714692652225494
7051,217,0.06275427341461182
7052,217,0.043357349932193756
7053,217,0.065769262611866
7054,217,0.06644733995199203
7055,217,0.05696064606308937
7056,218,0.0379033088684082
7057,218,0.028905874118208885
7058,218,0.04446633905172348
7059,218,0.0529012493789196
7060,218,0.03400614112615585
7061,218,0.034309133887290955
7062,218,0.06132505089044571
7063,218,0.10896770656108856
7064,218,0.07163121551275253
7065,218,0.07766898721456528
7066,218,0.021250944584608078
7067,218,0.052869703620672226
7068,218,0.029076049104332924
7069,218,0.02430252730846405
7070,218,0.05202494561672211
7071,218,0.03234788030385971
7072,218,0.04851417616009712
7073,218,0.06464820355176926
7074,218,0.030977830290794373
7075,218,0.0454704649746418
7076,218,0.07296530157327652
7077,218,0.0567762590944767
7078,219,0.059746913611888885
7079,219,0.01895117573440075
7080,219,0.0410834476351738
7081,219,0.04264666140079498
7082,219,0.03911074995994568
7083,219,0.03341246396303177
7084,219,0.06122872978448868
7085,219,0.050326038151979446
7086,219,0.061213236302137375
7087,219,0.056987691670656204
7088,219,0.03529608994722366
7089,219,0.1216144859790802
7090,219,0.0535171777009964
7091,219,0.02391301654279232
7092,219,0.08732879161834717
7093,220,0.03389344364404678
7094,220,0.06954242289066315
7095,220,0.06457560509443283
7096,220,0.041536398231983185
7097,220,0.05909750983119011
7098,220,0.057505153119564056
7099,220,0.05331575870513916
7100,220,0.047494832426309586
7101,220,0.051562272012233734
7102,220,0.03745214641094208
7103,220,0.017971763387322426
7104,220,0.06214626133441925
7105,220,0.03971681743860245
7106,220,0.09096328914165497
7107,220,0.038167111575603485
7108,220,0.05335437133908272
7109,220,0.07293352484703064
7110,220,0.033636271953582764
7111,220,0.0465632788836956
7112,220,0.033155735582113266
7113,221,0.06611645966768265
7114,221,0.05143040791153908
7115,221,0.026019668206572533
7116,221,0.07384413480758667
7117,221,0.06996629387140274
7118,221,0.04393454268574715
7119,221,0.07294566929340363
7120,221,0.03757455572485924
7121,221,0.05395740643143654
7122,221,0.07281249761581421
7123,221,0.03554869443178177
7124,221,0.027137547731399536
7125,221,0.0530603751540184
7126,221,0.0627497211098671
7127,221,0.07961816340684891
7128,221,0.04355531185865402
7129,222,0.051966067403554916
7130,222,0.07827581465244293
7131,222,0.07972882688045502
7132,222,0.057307999581098557
7133,222,0.039476171135902405
7134,222,0.09593378007411957
7135,222,0.06888062506914139
7136,222,0.06798776984214783
7137,222,0.04836251586675644
7138,222,0.02044670097529888
7139,222,0.039843253791332245
7140,222,0.06801078468561172
7141,222,0.058570265769958496
7142,222,0.04388488829135895
7143,223,0.03585435822606087
7144,223,0.07009150832891464
7145,223,0.03181653097271919
7146,223,0.06314827501773834
7147,223,0.07060708850622177
7148,223,0.05187613517045975
7149,223,0.03545401990413666
7150,223,0.04322587698698044
7151,223,0.09970328211784363
7152,223,0.12117300927639008
7153,223,0.06206245720386505
7154,223,0.030186671763658524
7155,223,0.048168014734983444
7156,223,0.022272951900959015
7157,223,0.055054083466529846
7158,224,0.05415508896112442
7159,224,0.060564927756786346
7160,224,0.030116528272628784
7161,224,0.07838494330644608
7162,224,0.04711440950632095
7163,224,0.04264210909605026
7164,224,0.07817642390727997
7165,224,0.05893441662192345
7166,224,0.06452582776546478
7167,224,0.06829454004764557
7168,224,0.10895468294620514
7169,224,0.06939644366502762
7170,224,0.05879244953393936
7171,224,0.057610802352428436
7172,224,0.049029357731342316
7173,224,0.06626097857952118
7174,224,0.04641760140657425
7175,224,0.0334765687584877
7176,224,0.06675466150045395
7177,225,0.046203192323446274
7178,225,0.10883596539497375
7179,225,0.047149866819381714
7180,225,0.07626482099294662
7181,225,0.06032276898622513
7182,225,0.0844985693693161
7183,225,0.0763174444437027
7184,225,0.09086569398641586
7185,225,0.07197310030460358
7186,225,0.05783074349164963
7187,225,0.03552131727337837
7188,225,0.08443135768175125
7189,226,0.09040720760822296
7190,226,0.0699242576956749
7191,226,0.08582189679145813
7192,226,0.07900799810886383
7193,226,0.04277818650007248
7194,226,0.08386088907718658
7195,226,0.06376007199287415
7196,226,0.06084352731704712
7197,226,0.11148424446582794
7198,226,0.02426682785153389
7199,226,0.04341382905840874
7200,226,0.05726796016097069
7201,226,0.058718059211969376
7202,226,0.05452122911810875
7203,226,0.032266825437545776
7204,226,0.06928946822881699
7205,226,0.04600517451763153
7206,226,0.05164460465312004
7207,226,0.08973203599452972
7208,226,0.05779777467250824
7209,226,0.04258788749575615
7210,226,0.03140261396765709
7211,226,0.04310821741819382
7212,227,0.04504796862602234
7213,227,0.02880558930337429
7214,227,0.06454665213823318
7215,227,0.04136766865849495
7216,227,0.03634214773774147
7217,227,0.06904550641775131
7218,227,0.03749554976820946
7219,227,0.07472574710845947
7220,227,0.03528061881661415
7221,227,0.07326442748308182
7222,227,0.040597010403871536
7223,227,0.032190799713134766
7224,227,0.045381683856248856
7225,227,0.02919452078640461
7226,227,0.06332565099000931
7227,227,0.05363136902451515
7228,228,0.025991519913077354
7229,228,0.06921247392892838
7230,228,0.08490373939275742
7231,228,0.08680646121501923
7232,228,0.05978105962276459
7233,228,0.06001200154423714
7234,228,0.09912367910146713
7235,228,0.08719401061534882
7236,228,0.059377800673246384
7237,228,0.04544315114617348
7238,228,0.07936135679483414
7239,228,0.0396697074174881
7240,228,0.06035730242729187
7241,229,0.10259900242090225
7242,229,0.048195429146289825
7243,229,0.06032562255859375
7244,229,0.12089835852384567
7245,229,0.03830026090145111
7246,229,0.036439284682273865
7247,229,0.0365670882165432
7248,229,0.028335625305771828
7249,229,0.03554270789027214
7250,229,0.0786910280585289
7251,229,0.11930787563323975
7252,229,0.10934911668300629
7253,229,0.08574625104665756
7254,229,0.07375898212194443
7255,229,0.08071928471326828
7256,229,0.07411447167396545
7257,229,0.06424509733915329
7258,229,0.12954118847846985
7259,230,0.0729140192270279
7260,230,0.05929848551750183
7261,230,0.08011611551046371
7262,230,0.0901680737733841
7263,230,0.05396198481321335
7264,230,0.12059970200061798
7265,230,0.046155206859111786
7266,230,0.09017162770032883
7267,230,0.13432613015174866
7268,230,0.1027946025133133
7269,230,0.05676481872797012
7270,231,0.10908346623182297
7271,231,0.046495188027620316
7272,231,0.07018574327230453
7273,231,0.04979258030653
7274,231,0.034475576132535934
7275,231,0.1054692268371582
7276,231,0.03349600359797478
7277,231,0.08277761936187744
7278,231,0.11100967228412628
7279,231,0.06321385502815247
7280,231,0.05795983970165253
7281,231,0.0790771096944809
7282,231,0.06836175173521042
7283,231,0.0647701621055603
7284,231,0.030225960537791252
7285,231,0.05618637055158615
7286,231,0.049626365303993225
7287,231,0.05111229419708252
7288,231,0.07440115511417389
7289,232,0.06540574133396149
7290,232,0.06723277270793915
7291,232,0.0562579520046711
7292,232,0.07934395968914032
7293,232,0.046325910836458206
7294,232,0.021860867738723755
7295,232,0.0358930267393589
7296,232,0.04472842812538147
7297,232,0.07930387556552887
7298,232,0.056280188262462616
7299,232,0.056715335696935654
7300,232,0.06653311103582382
7301,232,0.05725656449794769
7302,232,0.061738934367895126
7303,232,0.04078839719295502
7304,232,0.0507170744240284
7305,232,0.09232828766107559
7306,232,0.07016309350728989
7307,232,0.0724174752831459
7308,232,0.08085928112268448
7309,232,0.06930701434612274
7310,232,0.024333085864782333
7311,233,0.020329821854829788
7312,233,0.10370609909296036
7313,233,0.10060491412878036
7314,233,0.06189673766493797
7315,233,0.07921964675188065
7316,233,0.03349951654672623
7317,233,0.08113384991884232
7318,233,0.04937652498483658
7319,233,0.0493379682302475
7320,233,0.08369217067956924
7321,233,0.07403910905122757
7322,233,0.020104100927710533
7323,233,0.05635521560907364
7324,233,0.07132735848426819
7325,233,0.05068398639559746
7326,233,0.03239801526069641
7327,233,0.05481589213013649
7328,233,0.13643379509449005
7329,233,0.06313778460025787
7330,233,0.05676793307065964
7331,233,0.02643272653222084
7332,233,0.10303139686584473
7333,233,0.13342057168483734
7334,234,0.054684773087501526
7335,234,0.050534769892692566
7336,234,0.03873983398079872
7337,234,0.11525211483240128
7338,234,0.10316125303506851
7339,234,0.0802876353263855
7340,234,0.042820170521736145
7341,234,0.11608491837978363
7342,234,0.06945809721946716
7343,234,0.05495980381965637
7344,234,0.13239699602127075
7345,234,0.07437562942504883
7346,234,0.039404161274433136
7347,234,0.06248714029788971
7348,234,0.09410016983747482
7349,234,0.04758524149656296
7350,234,0.0691075325012207
7351,234,0.09271831810474396
7352,234,0.05334438011050224
7353,234,0.0673469826579094
7354,235,0.09024126082658768
7355,235,0.02658708207309246
7356,235,0.12274707853794098
7357,235,0.09693767130374908
7358,235,0.06887920945882797
7359,235,0.059751592576503754
7360,235,0.031572118401527405
7361,235,0.07859481126070023
7362,236,0.1472449004650116
7363,236,0.07432390749454498
7364,236,0.027907703071832657
7365,236,0.06788746267557144
7366,236,0.14126160740852356
7367,236,0.08660883456468582
7368,236,0.04718776419758797
7369,236,0.08548165112733841
7370,236,0.08395284414291382
7371,236,0.02457430586218834
7372,236,0.07653747498989105
7373,236,0.04373962804675102
7374,236,0.051735736429691315
7375,236,0.10138872265815735
7376,236,0.033551402390003204
7377,236,0.1073077991604805
7378,237,0.058335233479738235
7379,237,0.08612200617790222
7380,237,0.06174449250102043
7381,237,0.021485473960638046
7382,237,0.055193036794662476
7383,237,0.050019919872283936
7384,237,0.05262861028313637
7385,237,0.08455133438110352
7386,237,0.08044325560331345
7387,237,0.07668974995613098
7388,237,0.06476901471614838
7389,237,0.08655951917171478
7390,237,0.03176214545965195
7391,237,0.06779725104570389
7392,237,0.06274828314781189
7393,237,0.1096154972910881
7394,237,0.05762875825166702
7395,237,0.07678784430027008
7396,237,0.035871244966983795
7397,237,0.09054157882928848
7398,237,0.08123880624771118
7399,237,0.05857767164707184
7400,237,0.07090765982866287
7401,237,0.06545065343379974
7402,237,0.06350795179605484
7403,238,0.0626787319779396
7404,238,0.059695690870285034
7405,238,0.11814871430397034
7406,238,0.045557618141174316
7407,238,0.10904361307621002
7408,238,0.0621223971247673
7409,238,0.029965754598379135
7410,238,0.059063076972961426
7411,238,0.08392760157585144
7412,238,0.0793161392211914
7413,238,0.08973339945077896
7414,238,0.09639407694339752
7415,238,0.0595521405339241
7416,238,0.054145194590091705
7417,238,0.07559151202440262
7418,238,0.05045699700713158
7419,238,0.09454649686813354
7420,238,0.06867838650941849
7421,238,0.0992976725101471
7422,238,0.11857835948467255
7423,238,0.07436556369066238
7424,238,0.11684423685073853
7425,238,0.06676027178764343
7426,238,0.12486181408166885
7427,238,0.033669620752334595
7428,239,0.03513967618346214
7429,239,0.09104949980974197
7430,239,0.07314164936542511
7431,239,0.061148177832365036
7432,239,0.03243928402662277
7433,239,0.07768011093139648
7434,239,0.044584304094314575
7435,239,0.06291680037975311
7436,239,0.12160942703485489
7437,239,0.08167075365781784
7438,240,0.10494017601013184
7439,240,0.10701742768287659
7440,240,0.04507540538907051
7441,240,0.09502778947353363
7442,240,0.08369694650173187
7443,240,0.10506076365709305
7444,240,0.11877086013555527
7445,240,0.0781472772359848
7446,240,0.04761068522930145
7447,240,0.11829853057861328
7448,240,0.1631450653076172
7449,240,0.025265732780098915
7450,240,0.02829768881201744
7451,240,0.06557200103998184
7452,240,0.063841812312603
7453,240,0.05058295652270317
7454,240,0.046920910477638245
7455,240,0.13208968937397003
7456,240,0.10013214498758316
7457,241,0.07639167457818985
7458,241,0.060827385634183884
7459,241,0.04552021622657776
7460,241,0.08808235824108124
7461,241,0.05721939727663994
7462,241,0.05139031633734703
7463,241,0.030751928687095642
7464,241,0.059043943881988525
7465,241,0.03602562099695206
7466,241,0.054892800748348236
7467,241,0.07141775637865067
7468,241,0.036468151956796646
7469,241,0.045956119894981384
7470,241,0.06952693313360214
7471,241,0.03539479523897171
7472,241,0.04431396350264549
7473,242,0.12055106461048126
7474,242,0.03271790221333504
7475,242,0.06528017669916153
7476,242,0.08444498479366302
7477,242,0.06605163216590881
7478,242,0.05601776763796806
7479,242,0.043541498482227325
7480,242,0.09709193557500839
7481,242,0.05073120817542076
7482,242,0.09054427593946457
7483,242,0.07466260343790054
7484,242,0.0983603373169899
7485,242,0.10769996792078018
7486,242,0.03227236866950989
7487,243,0.07976845651865005
7488,243,0.12430623918771744
7489,243,0.1366792470216751
7490,243,0.058335140347480774
7491,243,0.05444243177771568
7492,243,0.05312801152467728
7493,243,0.03893451765179634
7494,243,0.0853075236082077
7495,243,0.09112239629030228
7496,243,0.0570547878742218
7497,243,0.044636860489845276
7498,243,0.09243666380643845
7499,243,0.09163976460695267
7500,243,0.04243619740009308
7501,243,0.09347067773342133
7502,243,0.13819827139377594
7503,243,0.05166665464639664
7504,243,0.14887143671512604
7505,243,0.08798040449619293
7506,243,0.13609565794467926
7507,243,0.11225342750549316
7508,244,0.08908988535404205
7509,244,0.053831350058317184
7510,244,0.02752096578478813
7511,244,0.07754243910312653
7512,244,0.10975518077611923
7513,244,0.06988516449928284
7514,244,0.05761268734931946
7515,244,0.10904713720083237
7516,244,0.04552094638347626
7517,244,0.0888453796505928
7518,244,0.05329803377389908
7519,244,0.08912385255098343
7520,245,0.03412856534123421
7521,245,0.11546194553375244
7522,245,0.06052954122424126
7523,245,0.034729115664958954
7524,245,0.11606629937887192
7525,245,0.11952508240938187
7526,245,0.08339118957519531
7527,245,0.12165939807891846
7528,245,0.05487123131752014
7529,245,0.10789979249238968
7530,245,0.08040118217468262
7531,245,0.12142231315374374
7532,245,0.0367588996887207
7533,245,0.05056511238217354
7534,245,0.05653407797217369
7535,245,0.05932074785232544
7536,245,0.03930259495973587
7537,245,0.05433890223503113
7538,245,0.05748060345649719
7539,245,0.1327553242444992
7540,245,0.10208749771118164
7541,246,0.13421040773391724
7542,246,0.06056082993745804
7543,246,0.03796389326453209
7544,246,0.11203081905841827
7545,246,0.1425885558128357
7546,246,0.05566369369626045
7547,246,0.08323490619659424
7548,246,0.0453379824757576
7549,246,0.12405306100845337
7550,246,0.1179935485124588
7551,246,0.061548467725515366
7552,246,0.0639948919415474
7553,246,0.07936444133520126
7554,246,0.14305634796619415
7555,246,0.06348831951618195
7556,246,0.052031636238098145
7557,247,0.11063007265329361
7558,247,0.059835296124219894
7559,247,0.04102032631635666
7560,247,0.0716666653752327
7561,247,0.09540518373250961
7562,247,0.029005717486143112
7563,247,0.08753830194473267
7564,247,0.06663785874843597
7565,247,0.049204640090465546
7566,247,0.04679583013057709
7567,247,0.1031503826379776
7568,247,0.06184564158320427
7569,247,0.05272502824664116
7570,247,0.0927339568734169
7571,247,0.07321187853813171
7572,247,0.10272546857595444
7573,247,0.058543670922517776
7574,247,0.12460064142942429
7575,247,0.09213526546955109
7576,247,0.046384070068597794
7577,248,0.061438653618097305
7578,248,0.10278266668319702
7579,248,0.0477900505065918
7580,248,0.0588906891644001
7581,248,0.07243414223194122
7582,248,0.0669112503528595
7583,248,0.03694567829370499
7584,248,0.03577572479844093
7585,248,0.05360054224729538
7586,248,0.07792628556489944
7587,248,0.07868482172489166
7588,248,0.16420167684555054
7589,248,0.03650965914130211
7590,248,0.0670914351940155
7591,249,0.07282096147537231
7592,249,0.0838986411690712
7593,249,0.0904925987124443
7594,249,0.027211423963308334
7595,249,0.0590369775891304
7596,249,0.08164030313491821
7597,249,0.06851160526275635
7598,249,0.07008692622184753
7599,249,0.04471296817064285
7600,249,0.05714832991361618
7601,249,0.03957294672727585
7602,249,0.05329035967588425
7603,249,0.0659690648317337
7604,249,0.045122843235731125
7605,249,0.11406435072422028
7606,249,0.059195637702941895
7607,249,0.03939719870686531
7608,249,0.12291408330202103
7609,249,0.05440695583820343
7610,250,0.08752455562353134
7611,250,0.06444384902715683
7612,250,0.05691254511475563
7613,250,0.06279229372739792
7614,250,0.07698895037174225
7615,250,0.04935341700911522
7616,250,0.11827193200588226
7617,250,0.12950095534324646
7618,250,0.0976293534040451
7619,250,0.02493925951421261
7620,250,0.027173403650522232
7621,250,0.05965117737650871
7622,250,0.04951120913028717
7623,250,0.13171207904815674
7624,250,0.08257056027650833
7625,250,0.05391601100564003
7626,250,0.06252802908420563
7627,251,0.031205512583255768
7628,251,0.07806265354156494
7629,251,0.026780834421515465
7630,251,0.07221727818250656
7631,251,0.03841602802276611
7632,251,0.05936523899435997
7633,251,0.06001448258757591
7634,251,0.06759428232908249
7635,251,0.03542013838887215
7636,251,0.09070323407649994
7637,251,0.10027516633272171
7638,251,0.08897680789232254
7639,251,0.07865946739912033
7640,251,0.07350678741931915
7641,251,0.0772647112607956
7642,252,0.0986294075846672
7643,252,0.02567053772509098
7644,252,0.12205927073955536
7645,252,0.035685084760189056
7646,252,0.03166336566209793
7647,252,0.07821831107139587
7648,252,0.10905661433935165
7649,252,0.06028823181986809
7650,252,0.07681228965520859
7651,252,0.0818668082356453
7652,252,0.064308762550354
7653,252,0.023036491125822067
7654,252,0.10729936510324478
7655,252,0.05680171400308609
7656,253,0.06535216420888901
7657,253,0.07612702250480652
7658,253,0.04902711138129234
7659,253,0.10048961639404297
7660,253,0.06579577922821045
7661,253,0.031936097890138626
7662,253,0.11999723315238953
7663,253,0.047297243028879166
7664,253,0.05925261974334717
7665,253,0.08456268906593323
7666,253,0.06474969536066055
7667,253,0.054833997040987015
7668,253,0.02554350532591343
7669,253,0.08148340880870819
7670,253,0.0424664169549942
7671,253,0.0879979208111763
7672,253,0.05656468868255615
7673,253,0.0709608644247055
7674,253,0.0662837103009224
7675,254,0.055573657155036926
7676,254,0.08353638648986816
7677,254,0.058852046728134155
7678,254,0.106344074010849
7679,254,0.03447532653808594
7680,254,0.055061716586351395
7681,254,0.059548359364271164
7682,254,0.10883143544197083
7683,254,0.04118341580033302
7684,254,0.05975068360567093
7685,254,0.09112653881311417
7686,254,0.12275275588035583
7687,254,0.056521691381931305
7688,254,0.04098086804151535
7689,254,0.059188488870859146
7690,255,0.05480995029211044
7691,255,0.059348445385694504
7692,255,0.06451500207185745
7693,255,0.11523188650608063
7694,255,0.06603013724088669
7695,255,0.06851235032081604
7696,255,0.04946308210492134
7697,255,0.05292626470327377
7698,255,0.1360660195350647
7699,255,0.057302895933389664
7700,255,0.04945395141839981
7701,255,0.04312111437320709
7702,255,0.09617471694946289
7703,255,0.0788969174027443
7704,255,0.09796969592571259
7705,255,0.11748731136322021
7706,255,0.045946165919303894
7707,255,0.07837904989719391
7708,255,0.06428288668394089
7709,255,0.11424534022808075
7710,255,0.032984983175992966
7711,256,0.024796679615974426
7712,256,0.03363645449280739
7713,256,0.07490376383066177
7714,256,0.025324176996946335
7715,256,0.11512237787246704
7716,256,0.027910208329558372
7717,256,0.046682897955179214
7718,256,0.031015606597065926
7719,257,0.06621815264225006
7720,257,0.11591602861881256
7721,257,0.08048511296510696
7722,257,0.05766618251800537
7723,257,0.06559579074382782
7724,257,0.056061264127492905
7725,257,0.08342667669057846
7726,257,0.03815954923629761
7727,257,0.038671016693115234
7728,257,0.13707901537418365
7729,257,0.0930103212594986
7730,257,0.04069245234131813
7731,257,0.07376423478126526
7732,257,0.09814907610416412
7733,257,0.05233389511704445
7734,257,0.048727333545684814
7735,258,0.11767688393592834
7736,258,0.09961999207735062
7737,258,0.03725041449069977
7738,258,0.028598476201295853
7739,258,0.0757380798459053
7740,258,0.13853418827056885
7741,258,0.03595081716775894
7742,258,0.05112096294760704
7743,258,0.0533442497253418
7744,258,0.1220964640378952
7745,258,0.0869341641664505
7746,258,0.1616138219833374
7747,258,0.03179343044757843
7748,258,0.0526428185403347
7749,258,0.06329534202814102
7750,259,0.05873267352581024
7751,259,0.14550456404685974
7752,259,0.09323402494192123
7753,259,0.10155335068702698
7754,259,0.12856683135032654
7755,259,0.07946184277534485
7756,259,0.08856849372386932
7757,259,0.06920322775840759
7758,259,0.06401550769805908
7759,259,0.10034742951393127
7760,259,0.10307541489601135
7761,259,0.18198701739311218
7762,260,0.18408864736557007
7763,260,0.08105338364839554
7764,260,0.1031208485364914
7765,260,0.11911064386367798
7766,260,0.11124081164598465
7767,260,0.05883701145648956
7768,260,0.06734034419059753
7769,260,0.08198387920856476
7770,260,0.1243903636932373
7771,260,0.031579550355672836
7772,260,0.08528231829404831
7773,260,0.053493477404117584
7774,260,0.12056505680084229
7775,260,0.13043934106826782
7776,260,0.026660578325390816
7777,260,0.09233972430229187
7778,260,0.05102258175611496
7779,261,0.12073840200901031
7780,261,0.16003915667533875
7781,261,0.11067894101142883
7782,261,0.11305907368659973
7783,261,0.04585183039307594
7784,261,0.0553269200026989
7785,261,0.06499297171831131
7786,261,0.07119278609752655
7787,261,0.08523865044116974
7788,261,0.07778335362672806
7789,261,0.06769689172506332
7790,261,0.09935562312602997
7791,261,0.05768410861492157
7792,261,0.07144273817539215
7793,261,0.12333701550960541
7794,261,0.13978619873523712
7795,261,0.10473915934562683
7796,261,0.0940292552113533
7797,261,0.11350519955158234
7798,261,0.16322845220565796
7799,261,0.11034534126520157
7800,261,0.08685529977083206
7801,262,0.046601686626672745
7802,262,0.07423085719347
7803,262,0.02964317612349987
7804,262,0.14230790734291077
7805,262,0.052185267210006714
7806,262,0.06789733469486237
7807,262,0.07216695696115494
7808,262,0.0645449310541153
7809,262,0.09490248560905457
7810,262,0.11544939875602722
7811,262,0.1487581431865692
7812,263,0.028703749179840088
7813,263,0.06238122284412384
7814,263,0.04419576749205589
7815,263,0.06391879171133041
7816,263,0.03429088369011879
7817,263,0.0446060448884964
7818,263,0.09266912937164307
7819,263,0.09941713511943817
7820,263,0.09712406992912292
7821,263,0.06447072327136993
7822,263,0.0982113927602768
7823,263,0.10981143265962601
7824,263,0.12052224576473236
7825,263,0.16097570955753326
7826,263,0.09598717093467712
7827,263,0.10774163156747818
7828,264,0.11200283467769623
7829,264,0.10080516338348389
7830,264,0.09334751218557358
7831,264,0.10936234891414642
7832,264,0.05863809213042259
7833,264,0.06692034751176834
7834,264,0.10849124938249588
7835,264,0.08932952582836151
7836,264,0.06721211969852448
7837,264,0.09279435127973557
7838,264,0.10116754472255707
7839,264,0.03358321636915207
7840,264,0.06044698506593704
7841,264,0.1385607123374939
7842,264,0.05378801375627518
7843,264,0.046554651111364365
7844,264,0.07844807952642441
7845,264,0.06534692645072937
7846,264,0.1620272994041443
7847,264,0.09969331324100494
7848,264,0.06232009455561638
7849,265,0.03631894290447235
7850,265,0.06447967141866684
7851,265,0.049161508679389954
7852,265,0.13118262588977814
7853,265,0.12790754437446594
7854,265,0.055019985884428024
7855,265,0.04429243877530098
7856,265,0.06720096617937088
7857,265,0.12552686035633087
7858,265,0.04032440111041069
7859,265,0.1485893428325653
7860,265,0.056373968720436096
7861,265,0.05205918848514557
7862,265,0.15396754443645477
7863,265,0.07718183100223541
7864,266,0.041043661534786224
7865,266,0.12096793204545975
7866,266,0.06895903497934341
7867,266,0.029335282742977142
7868,266,0.06885850429534912
7869,266,0.09323688596487045
7870,266,0.11963702738285065
7871,266,0.03010374680161476
7872,266,0.14702346920967102
7873,266,0.06909216195344925
7874,266,0.05440225824713707
7875,266,0.08434421569108963
7876,266,0.02884616330265999
7877,266,0.08239316940307617
7878,266,0.07472068816423416
7879,266,0.08084362745285034
7880,266,0.056032098829746246
7881,267,0.15964971482753754
7882,267,0.11249429732561111
7883,267,0.10391359776258469
7884,267,0.0708332508802414
7885,267,0.1242636889219284
7886,267,0.07109414041042328
7887,267,0.08644727617502213
7888,267,0.048318762332201004
7889,267,0.04363474249839783
7890,267,0.10648246854543686
7891,267,0.0781446099281311
7892,267,0.04703386127948761
7893,267,0.05000065267086029
7894,267,0.0834437757730484
7895,267,0.052161019295454025
7896,267,0.047890521585941315
7897,267,0.06453940272331238
7898,267,0.057532042264938354
7899,268,0.09040068089962006
7900,268,0.09939420223236084
7901,268,0.05232011899352074
7902,268,0.11626628041267395
7903,268,0.052859432995319366
7904,268,0.06782802939414978
7905,268,0.06020672619342804
7906,268,0.08033906668424606
7907,269,0.0742078423500061
7908,269,0.11189848929643631
7909,269,0.11278458684682846
7910,269,0.08576630800962448
7911,269,0.06204893812537193
7912,269,0.09785974770784378
7913,269,0.06371952593326569
7914,269,0.06262129545211792
7915,269,0.11626530438661575
7916,269,0.03335785120725632
7917,269,0.0938507467508316
7918,269,0.11990075558423996
7919,269,0.13147643208503723
7920,269,0.105094775557518
7921,269,0.15841856598854065
7922,269,0.11082674562931061
7923,269,0.1081979051232338
7924,269,0.052066370844841
7925,269,0.0844455435872078
7926,269,0.11805211007595062
7927,270,0.13168562948703766
7928,270,0.06108653545379639
7929,270,0.12679409980773926
7930,270,0.14726920425891876
7931,270,0.08838863670825958
7932,270,0.06215088814496994
7933,270,0.07732502371072769
7934,270,0.06092720851302147
7935,270,0.056562162935733795
7936,270,0.09480617940425873
7937,271,0.09397819638252258
7938,271,0.09483233839273453
7939,271,0.09249324351549149
7940,271,0.08032853156328201
7941,271,0.07459880411624908
7942,271,0.11880175769329071
7943,271,0.08525308966636658
7944,271,0.07613925635814667
7945,271,0.06266884505748749
7946,271,0.04786965250968933
7947,271,0.05706188455224037
7948,271,0.07132835686206818
7949,271,0.06952548772096634
7950,271,0.05457164719700813
7951,272,0.10095413774251938
7952,272,0.06461931765079498
7953,272,0.025660671293735504
7954,272,0.08386245369911194
7955,272,0.14681218564510345
7956,272,0.028945783153176308
7957,272,0.07439277321100235
7958,272,0.06076750159263611
7959,272,0.08682283759117126
7960,272,0.10371319204568863
7961,272,0.09916915744543076
7962,272,0.06766220182180405
7963,272,0.027677370235323906
7964,272,0.07214431464672089
7965,272,0.03223118931055069
7966,272,0.10394588112831116
7967,272,0.10931749641895294
7968,272,0.017698807641863823
7969,272,0.08096815645694733
7970,272,0.0813114270567894
7971,272,0.05809886381030083
7972,273,0.06861862540245056
7973,273,0.07009667903184891
7974,273,0.04216251149773598
7975,273,0.05211322382092476
7976,273,0.06612326204776764
7977,273,0.06114659830927849
7978,273,0.122205451130867
7979,273,0.10103300958871841
7980,273,0.07189411669969559
7981,273,0.09757407754659653
7982,273,0.12926752865314484
7983,273,0.042091794312000275
7984,273,0.10471990704536438
7985,273,0.07435910403728485
7986,273,0.06325513869524002
7987,273,0.06327252089977264
7988,273,0.03238161280751228
7989,273,0.048197586089372635
7990,274,0.1017606258392334
7991,274,0.08385860919952393
7992,274,0.13676689565181732
7993,274,0.20045427978038788
7994,274,0.102030448615551
7995,274,0.02184618078172207
7996,274,0.09663993865251541
7997,274,0.04629730060696602
7998,274,0.10327882319688797
7999,274,0.061044905334711075
8000,274,0.11374381929636002
8001,274,0.07036486268043518
8002,274,0.056210700422525406
8003,274,0.09214411675930023
8004,274,0.061265815049409866
8005,274,0.10043203830718994
8006,274,0.12295883148908615
8007,274,0.10855890810489655
8008,274,0.1378510445356369
8009,274,0.042657554149627686
8010,274,0.04198940470814705
8011,274,0.09521523863077164
8012,275,0.1066068708896637
8013,275,0.05815782770514488
8014,275,0.07019126415252686
8015,275,0.05565529689192772
8016,275,0.100340835750103
8017,275,0.10366140305995941
8018,275,0.1656879484653473
8019,275,0.13452628254890442
8020,275,0.07534419745206833
8021,275,0.03488779067993164
8022,275,0.06276945769786835
8023,275,0.057518038898706436
8024,275,0.0505952425301075
8025,275,0.05674245208501816
8026,275,0.08369512110948563
8027,275,0.10066866874694824
8028,275,0.06944554299116135
8029,275,0.08313298225402832
8030,275,0.18344645202159882
8031,275,0.07047345489263535
8032,275,0.07816078513860703
8033,276,0.11944618076086044
8034,276,0.05969788134098053
8035,276,0.086630679666996
8036,276,0.0334225557744503
8037,276,0.057918481528759
8038,276,0.09287917613983154
8039,276,0.11659026890993118
8040,276,0.13719861209392548
8041,276,0.07065554708242416
8042,276,0.046796806156635284
8043,276,0.03486945480108261
8044,276,0.03950289636850357
8045,276,0.06953731179237366
8046,276,0.1198110356926918
8047,276,0.03725804388523102
8048,276,0.07393082976341248
8049,276,0.032202430069446564
8050,276,0.055923812091350555
8051,276,0.08267921209335327
8052,276,0.10137920826673508
8053,276,0.06020475924015045
8054,276,0.11975593864917755
8055,277,0.05309036374092102
8056,277,0.06018967553973198
8057,277,0.10835137218236923
8058,277,0.04581320285797119
8059,277,0.056452132761478424
8060,277,0.04052945226430893
8061,277,0.095072440803051
8062,277,0.11656752973794937
8063,277,0.09613960981369019
8064,277,0.09040582925081253
8065,277,0.06704404205083847
8066,277,0.11505629122257233
8067,277,0.12137940526008606
8068,277,0.20036116242408752
8069,277,0.1629219949245453
8070,277,0.14807452261447906
8071,277,0.09505537897348404
8072,277,0.09936881065368652
8073,278,0.10630530118942261
8074,278,0.18749921023845673
8075,278,0.152320995926857
8076,278,0.07421055436134338
8077,278,0.0947684496641159
8078,278,0.1598510593175888
8079,278,0.06544552743434906
8080,278,0.12967558205127716
8081,278,0.12759670615196228
8082,278,0.07124103605747223
8083,278,0.06911233067512512
8084,278,0.05810101702809334
8085,278,0.09255534410476685
8086,278,0.03411979228258133
8087,278,0.08298162370920181
8088,278,0.05786646157503128
8089,278,0.10456711053848267
8090,278,0.03483488783240318
8091,278,0.14371775090694427
8092,279,0.12403900921344757
8093,279,0.05859333276748657
8094,279,0.10503305494785309
8095,279,0.06723800301551819
8096,279,0.10037015378475189
8097,279,0.1343570500612259
8098,279,0.07069288939237595
8099,279,0.06498707085847855
8100,279,0.0844193547964096
8101,279,0.14751291275024414
8102,279,0.07671207189559937
8103,279,0.07045397907495499
8104,279,0.024850619956851006
8105,279,0.05874986574053764
8106,279,0.12657707929611206
8107,279,0.027285002171993256
8108,280,0.06279220432043076
8109,280,0.12461832910776138
8110,280,0.05622890964150429
8111,280,0.12420788407325745
8112,280,0.10316984355449677
8113,280,0.1553589105606079
8114,280,0.1626591831445694
8115,280,0.15898658335208893
8116,280,0.0740789920091629
8117,280,0.09614239633083344
8118,280,0.0923537164926529
8119,280,0.022858301177620888
8120,280,0.08286252617835999
8121,280,0.08933720737695694
8122,280,0.056860215961933136
8123,280,0.08768864721059799
8124,281,0.046199411153793335
8125,281,0.08348682522773743
8126,281,0.05022064223885536
8127,281,0.1539423167705536
8128,281,0.17845946550369263
8129,281,0.047104690223932266
8130,281,0.029524464160203934
8131,281,0.10040245205163956
8132,281,0.10913529992103577
8133,281,0.1063922569155693
8134,281,0.02646748349070549
8135,281,0.08763270825147629
8136,281,0.12719039618968964
8137,281,0.08952035754919052
8138,281,0.07383744418621063
8139,281,0.12845104932785034
8140,281,0.18125951290130615
8141,282,0.10986319184303284
8142,282,0.07272461801767349
8143,282,0.1478414535522461
8144,282,0.09360502660274506
8145,282,0.1494084745645523
8146,282,0.0706164687871933
8147,282,0.09165118634700775
8148,282,0.023237936198711395
8149,282,0.08767363429069519
8150,282,0.12244628369808197
8151,282,0.05372383072972298
8152,282,0.08896947652101517
8153,282,0.06872811168432236
8154,282,0.05051400139927864
8155,282,0.021371744573116302
8156,282,0.13546235859394073
8157,282,0.07851957529783249
8158,283,0.06262257695198059
8159,283,0.06033000722527504
8160,283,0.0943550243973732
8161,283,0.050350822508335114
8162,283,0.05032433569431305
8163,283,0.05262116342782974
8164,283,0.10234072059392929
8165,283,0.08708501607179642
8166,283,0.06086207181215286
8167,284,0.1849626749753952
8168,284,0.08176681399345398
8169,284,0.022778254002332687
8170,284,0.0533028170466423
8171,284,0.15861544013023376
8172,284,0.11616532504558563
8173,284,0.08838573098182678
8174,284,0.0641162320971489
8175,284,0.07012117654085159
8176,284,0.10188693553209305
8177,284,0.07203347980976105
8178,284,0.061877354979515076
8179,284,0.07897994667291641
8180,284,0.024816082790493965
8181,284,0.08536548912525177
8182,284,0.10528735816478729
8183,284,0.03118102438747883
8184,284,0.04733465611934662
8185,284,0.09690896421670914
8186,284,0.11876644939184189
8187,284,0.06953813880681992
8188,285,0.05354015901684761
8189,285,0.15425743162631989
8190,285,0.04940953850746155
8191,285,0.14018042385578156
8192,285,0.141922727227211
8193,285,0.16908642649650574
8194,285,0.11935033649206161
8195,285,0.07554919272661209
8196,285,0.1363944709300995
8197,285,0.10795286297798157
8198,285,0.1171979233622551
8199,285,0.02840336039662361
8200,285,0.08429966866970062
8201,285,0.12504571676254272
8202,285,0.06235085427761078
8203,286,0.10861466825008392
8204,286,0.06635881960391998
8205,286,0.05965936556458473
8206,286,0.10983619838953018
8207,286,0.07143441587686539
8208,286,0.12023787945508957
8209,286,0.18778415024280548
8210,286,0.14970527589321136
8211,286,0.09416909515857697
8212,286,0.1704554706811905
8213,286,0.1778736412525177
8214,286,0.06289872527122498
8215,286,0.11781357228755951
8216,286,0.12913553416728973
8217,286,0.14070013165473938
8218,286,0.1121024414896965
8219,286,0.08058306574821472
8220,286,0.060086339712142944
8221,286,0.04969599470496178
8222,286,0.022652387619018555
8223,286,0.19986966252326965
8224,286,0.2556977868080139
8225,287,0.0821625217795372
8226,287,0.06227694824337959
8227,287,0.21443989872932434
8228,287,0.04942290484905243
8229,287,0.07257992774248123
8230,287,0.06367386132478714
8231,287,0.12468153238296509
8232,287,0.07183875888586044
8233,287,0.05355147272348404
8234,287,0.03225083276629448
8235,287,0.1335887908935547
8236,287,0.09987784922122955
8237,287,0.04735974967479706
8238,287,0.11198551952838898
8239,287,0.04684413969516754
8240,287,0.07181020826101303
8241,287,0.13174979388713837
8242,288,0.03859716281294823
8243,288,0.13479474186897278
8244,288,0.14754900336265564
8245,288,0.11722280085086823
8246,288,0.06838035583496094
8247,288,0.10792330652475357
8248,288,0.05690556764602661
8249,288,0.09298605471849442
8250,288,0.16563254594802856
8251,288,0.1741754114627838
8252,288,0.15612496435642242
8253,288,0.12051595002412796
8254,288,0.11127609759569168
8255,288,0.0697246789932251
8256,288,0.10689826309680939
8257,288,0.08255956321954727
8258,288,0.09287051856517792
8259,288,0.09959787130355835
8260,288,0.15321385860443115
8261,288,0.11558210849761963
8262,288,0.11874540895223618
8263,288,0.11649277806282043
8264,288,0.04041595757007599
8265,288,0.08693879097700119
8266,289,0.09420005977153778
8267,289,0.16079536080360413
8268,289,0.055658433586359024
8269,289,0.04366610571742058
8270,289,0.10534580051898956
8271,289,0.18215209245681763
8272,289,0.07020879536867142
8273,289,0.17562183737754822
8274,289,0.11051903665065765
8275,289,0.0915558934211731
8276,289,0.08699624985456467
8277,289,0.04056127369403839
8278,289,0.1288263350725174
8279,289,0.10545968264341354
8280,290,0.11334981769323349
8281,290,0.1763242483139038
8282,290,0.029389867559075356
8283,290,0.11226566880941391
8284,290,0.10170714557170868
8285,290,0.06073733791708946
8286,290,0.16830207407474518
8287,290,0.08923415839672089
8288,290,0.06234686076641083
8289,290,0.016965582966804504
8290,290,0.03774954006075859
8291,290,0.06498239934444427
8292,290,0.0880054384469986
8293,290,0.07568906992673874
8294,290,0.050349973142147064
8295,290,0.06609030067920685
8296,290,0.10555025190114975
8297,290,0.07455705851316452
8298,290,0.046437982469797134
8299,290,0.07451961934566498
8300,291,0.09815631806850433
8301,291,0.08493459969758987
8302,291,0.07712379097938538
8303,291,0.10458182543516159
8304,291,0.06404965370893478
8305,291,0.1801012009382248
8306,291,0.14940477907657623
8307,291,0.03895889222621918
8308,291,0.058426812291145325
8309,291,0.122525654733181
8310,291,0.09591051191091537
8311,291,0.11393870413303375
8312,291,0.03421206772327423
8313,291,0.11503558605909348
8314,291,0.12598416209220886
8315,291,0.11991206556558609
8316,291,0.05867429077625275
8317,291,0.08389822393655777
8318,291,0.07850237190723419
8319,291,0.09382341802120209
8320,292,0.08735000342130661
8321,292,0.1621278077363968
8322,292,0.07600001990795135
8323,292,0.1752288043498993
8324,292,0.12326372414827347
8325,292,0.025523807853460312
8326,292,0.08348067104816437
8327,292,0.03220542520284653
8328,292,0.09793875366449356
8329,292,0.09456859529018402
8330,293,0.02406274899840355
8331,293,0.032210059463977814
8332,293,0.05469910427927971
8333,293,0.19846367835998535
8334,293,0.1339157074689865
8335,293,0.0825514942407608
8336,293,0.21647411584854126
8337,293,0.15223143994808197
8338,293,0.11575446277856827
8339,293,0.07335494458675385
8340,293,0.21465732157230377
8341,293,0.057692259550094604
8342,293,0.09251975268125534
8343,293,0.058733198791742325
8344,293,0.05734061449766159
8345,294,0.07521238923072815
8346,294,0.08072881400585175
8347,294,0.06623606383800507
8348,294,0.10699772834777832
8349,294,0.07475237548351288
8350,294,0.12059798836708069
8351,294,0.14050798118114471
8352,294,0.09833947569131851
8353,294,0.05303611978888512
8354,294,0.07734903693199158
8355,294,0.08403381705284119
8356,294,0.065228670835495
8357,294,0.06392958015203476
8358,294,0.10597528517246246
8359,294,0.08150067925453186
8360,294,0.13310210406780243
8361,294,0.059056371450424194
8362,294,0.02626075968146324
8363,294,0.08685865998268127
8364,294,0.06066527217626572
8365,294,0.11055576801300049
8366,295,0.0762309804558754
8367,295,0.04544217139482498
8368,295,0.04232734814286232
8369,295,0.18580447137355804
8370,295,0.033841654658317566
8371,295,0.036810532212257385
8372,295,0.09313736855983734
8373,295,0.08667648583650589
8374,295,0.16852089762687683
8375,295,0.06544169038534164
8376,295,0.11683394014835358
8377,295,0.1347399652004242
8378,295,0.2540702223777771
8379,295,0.1233673021197319
8380,295,0.1161978468298912
8381,295,0.09058237820863724
8382,295,0.09467887878417969
8383,295,0.0903848186135292
8384,295,0.06882834434509277
8385,295,0.07949963212013245
8386,295,0.09903270751237869
8387,295,0.19634884595870972
8388,296,0.07045730948448181
8389,296,0.04640132933855057
8390,296,0.07208877801895142
8391,296,0.09044161438941956
8392,296,0.08782687783241272
8393,296,0.06487810611724854
8394,296,0.1847594976425171
8395,296,0.1594891995191574
8396,296,0.14432616531848907
8397,296,0.06524679064750671
8398,296,0.08299483358860016
8399,296,0.09143932163715363
8400,296,0.11394792795181274
8401,296,0.10417049378156662
8402,296,0.146402046084404
8403,296,0.08791813254356384
8404,296,0.08068085461854935
8405,297,0.09402643144130707
8406,297,0.03893527016043663
8407,297,0.06446622312068939
8408,297,0.06755994260311127
8409,297,0.12361571937799454
8410,297,0.12530465424060822
8411,297,0.09244944155216217
8412,297,0.03382179141044617
8413,297,0.11524897068738937
8414,297,0.13440102338790894
8415,297,0.03367165848612785
8416,297,0.0981483906507492
8417,297,0.1369328498840332
8418,297,0.08065207302570343
8419,297,0.02946842834353447
8420,297,0.0784578025341034
8421,298,0.10669208317995071
8422,298,0.10820445418357849
8423,298,0.13799065351486206
8424,298,0.15885576605796814
8425,298,0.09271654486656189
8426,298,0.07125330716371536
8427,298,0.11944693326950073
8428,298,0.14507150650024414
8429,298,0.1504116803407669
8430,298,0.1430959850549698
8431,298,0.06273391097784042
8432,298,0.08002209663391113
8433,298,0.059341784566640854
8434,298,0.0904242992401123
8435,298,0.06187385320663452
8436,298,0.14328286051750183
8437,298,0.03747669979929924
8438,298,0.07331719994544983
8439,299,0.15745526552200317
8440,299,0.13986828923225403
8441,299,0.11526526510715485
8442,299,0.07414966821670532
8443,299,0.04257601872086525
8444,299,0.08516870439052582
8445,299,0.04612869396805763
8446,299,0.056987956166267395
8447,299,0.07089366763830185
8448,299,0.028696678578853607
8449,299,0.07573617994785309
8450,299,0.1738637387752533
8451,299,0.06615845859050751
8452,300,0.044512271881103516
8453,300,0.07118528336286545
8454,300,0.05587095022201538
8455,300,0.13355037569999695
8456,300,0.09704634547233582
8457,300,0.08761585503816605
8458,300,0.12854644656181335
8459,300,0.12549790740013123
8460,300,0.04842838644981384
8461,300,0.03332817181944847
8462,300,0.10852134227752686
8463,300,0.09274834394454956
8464,300,0.06080242991447449
8465,301,0.08960457891225815
8466,301,0.1449958086013794
8467,301,0.1166093721985817
8468,301,0.05037059262394905
8469,301,0.09299721568822861
8470,301,0.0447273850440979
8471,301,0.12501975893974304
8472,301,0.12815065681934357
8473,301,0.11500845849514008
8474,301,0.06221172213554382
8475,301,0.025090893730521202
8476,301,0.060154542326927185
8477,301,0.12150399386882782
8478,301,0.13624128699302673
8479,301,0.10048703849315643
8480,301,0.0944131389260292
8481,301,0.033167898654937744
8482,301,0.03045520931482315
8483,302,0.05798046663403511
8484,302,0.10975625365972519
8485,302,0.15442785620689392
8486,302,0.018297720700502396
8487,302,0.1276155263185501
8488,302,0.09425202757120132
8489,302,0.07611814141273499
8490,302,0.11020835489034653
8491,302,0.10433854162693024
8492,302,0.09608125686645508
8493,302,0.13495603203773499
8494,302,0.03835972025990486
8495,302,0.09592387080192566
8496,302,0.11016771197319031
8497,302,0.14526063203811646
8498,303,0.1635848879814148
8499,303,0.1422138512134552
8500,303,0.06625252962112427
8501,303,0.09059419482946396
8502,303,0.09243618696928024
8503,303,0.10159662365913391
8504,303,0.11186093837022781
8505,303,0.07442405074834824
8506,303,0.13703112304210663
8507,303,0.03872928395867348
8508,303,0.12098802626132965
8509,303,0.10091200470924377
8510,303,0.16780094802379608
8511,303,0.1639932543039322
8512,303,0.06535299122333527
8513,303,0.07396938651800156
8514,303,0.07525989413261414
8515,303,0.16886606812477112
8516,304,0.16705475747585297
8517,304,0.16504792869091034
8518,304,0.12121907621622086
8519,304,0.1040836051106453
8520,304,0.09176626801490784
8521,304,0.1065359115600586
8522,304,0.03873657435178757
8523,304,0.06242827698588371
8524,304,0.035028986632823944
8525,304,0.07937119901180267
8526,304,0.10865600407123566
8527,304,0.1201014593243599
8528,304,0.182652086019516
8529,304,0.05707411468029022
8530,304,0.1158779039978981
8531,304,0.08932389318943024
8532,304,0.1365945190191269
8533,304,0.13129182159900665
8534,305,0.07668335735797882
8535,305,0.04196510091423988
8536,305,0.14246878027915955
8537,305,0.057304881513118744
8538,305,0.038301125168800354
8539,305,0.05041768029332161
8540,305,0.10075908899307251
8541,305,0.09801087528467178
8542,305,0.11836429685354233
8543,305,0.06973857432603836
8544,305,0.12783223390579224
8545,305,0.1252085417509079
8546,305,0.1312566101551056
8547,305,0.18766193091869354
8548,305,0.1145990639925003
8549,305,0.09087231755256653
8550,306,0.04201775789260864
8551,306,0.16270233690738678
8552,306,0.0877600833773613
8553,306,0.11651735007762909
8554,306,0.12214083969593048
8555,306,0.09438980370759964
8556,306,0.07696464657783508
8557,306,0.20264703035354614
8558,306,0.10482059419155121
8559,306,0.10009273886680603
8560,306,0.05646422877907753
8561,306,0.1379033476114273
8562,306,0.07924537360668182
8563,306,0.10880091041326523
8564,306,0.06466507166624069
8565,306,0.16989755630493164
8566,306,0.10733246058225632
8567,306,0.12897396087646484
8568,307,0.06844859570264816
8569,307,0.07779891788959503
8570,307,0.07939957082271576
8571,307,0.11431272327899933
8572,307,0.16091349720954895
8573,307,0.12850265204906464
8574,307,0.16354453563690186
8575,307,0.12222325801849365
8576,307,0.08267541229724884
8577,307,0.09026606380939484
8578,307,0.07589060813188553
8579,307,0.13887253403663635
8580,307,0.17446690797805786
8581,307,0.07683481276035309
8582,308,0.05857699364423752
8583,308,0.0980130210518837
8584,308,0.1346670687198639
8585,308,0.0559423454105854
8586,308,0.12107544392347336
8587,308,0.020882498472929
8588,308,0.09403880685567856
8589,308,0.1265115886926651
8590,308,0.11673639714717865
8591,308,0.11295043677091599
8592,308,0.07635444402694702
8593,308,0.1285746693611145
8594,308,0.10961297154426575
8595,308,0.03062107041478157
8596,308,0.05214656889438629
8597,308,0.09343065321445465
8598,308,0.12447816878557205
8599,308,0.09671888500452042
8600,308,0.05278874188661575
8601,308,0.06390923261642456
8602,309,0.09059334546327591
8603,309,0.15964412689208984
8604,309,0.06603622436523438
8605,309,0.10437536239624023
8606,309,0.029230153188109398
8607,309,0.12697850167751312
8608,309,0.07310072332620621
8609,309,0.07977229356765747
8610,309,0.054947759956121445
8611,309,0.10386886447668076
8612,309,0.06892701238393784
8613,309,0.12265032529830933
8614,309,0.16238345205783844
8615,309,0.08497001230716705
8616,309,0.05375727266073227
8617,309,0.10570856928825378
8618,310,0.11596868932247162
8619,310,0.15156638622283936
8620,310,0.041671909391880035
8621,310,0.16530290246009827
8622,310,0.01645764708518982
8623,310,0.06558739393949509
8624,310,0.18204499781131744
8625,310,0.1278836876153946
8626,310,0.061971958726644516
8627,310,0.11140082031488419
8628,310,0.17186269164085388
8629,310,0.11125681549310684
8630,310,0.0395987331867218
8631,310,0.02442583069205284
8632,310,0.07265277206897736
8633,310,0.029276838526129723
8634,311,0.0908222496509552
8635,311,0.15725114941596985
8636,311,0.08628606051206589
8637,311,0.08809824287891388
8638,311,0.17504553496837616
8639,311,0.04330677166581154
8640,311,0.04971572384238243
8641,311,0.09303555637598038
8642,311,0.04914373531937599
8643,311,0.10175776481628418
8644,311,0.1303260326385498
8645,311,0.06352607160806656
8646,311,0.11943847686052322
8647,311,0.08871381729841232
8648,311,0.08910875022411346
8649,311,0.07646750658750534
8650,311,0.1545359194278717
8651,311,0.07907077670097351
8652,311,0.20379647612571716
8653,312,0.05583873391151428
8654,312,0.07576529681682587
8655,312,0.09322230517864227
8656,312,0.049333225935697556
8657,312,0.10715268552303314
8658,312,0.10015389323234558
8659,312,0.05878036841750145
8660,312,0.06183457747101784
8661,312,0.11917725950479507
8662,312,0.12235461175441742
8663,312,0.07865402847528458
8664,312,0.06015229597687721
8665,312,0.12161687761545181
8666,313,0.10697353631258011
8667,313,0.09999668598175049
8668,313,0.07716188579797745
8669,313,0.13788840174674988
8670,313,0.1205785945057869
8671,313,0.10123001784086227
8672,313,0.0681927502155304
8673,313,0.028702067211270332
8674,313,0.12797874212265015
8675,313,0.03719291836023331
8676,313,0.08851391077041626
8677,313,0.04761822521686554
8678,313,0.08940582722425461
8679,313,0.07599685341119766
8680,313,0.06772724539041519
8681,313,0.15769542753696442
8682,313,0.046525824815034866
8683,313,0.09516386687755585
8684,313,0.10470091551542282
8685,313,0.05566366761922836
8686,314,0.0739191472530365
8687,314,0.11626718938350677
8688,314,0.12892262637615204
8689,314,0.12481819838285446
8690,314,0.09409740567207336
8691,314,0.08226190507411957
8692,314,0.12054383754730225
8693,314,0.09733981639146805
8694,314,0.2029460221529007
8695,314,0.07040289789438248
8696,314,0.11344845592975616
8697,314,0.03077416680753231
8698,314,0.054931558668613434
8699,314,0.08371075242757797
8700,314,0.06866380572319031
8701,314,0.12851965427398682
8702,315,0.130292609333992
8703,315,0.049217838793992996
8704,315,0.13795675337314606
8705,315,0.139969140291214
8706,315,0.10335831344127655
8707,315,0.0703173279762268
8708,315,0.11031568050384521
8709,315,0.09869177639484406
8710,315,0.14980009198188782
8711,315,0.10755588859319687
8712,315,0.18747252225875854
8713,315,0.06374971568584442
8714,315,0.11665964871644974
8715,315,0.12928608059883118
8716,315,0.09603491425514221
8717,315,0.05993533506989479
8718,316,0.09300105273723602
8719,316,0.0781000480055809
8720,316,0.023809703066945076
8721,316,0.09164626151323318
8722,316,0.11966922879219055
8723,316,0.04987384006381035
8724,316,0.11636108160018921
8725,316,0.2045486569404602
8726,316,0.1309344470500946
8727,316,0.13139759004116058
8728,316,0.1517535299062729
8729,316,0.03702390566468239
8730,316,0.11317817121744156
8731,317,0.07554779946804047
8732,317,0.0654614269733429
8733,317,0.04817724972963333
8734,317,0.0832805335521698
8735,317,0.11177166551351547
8736,317,0.059243373572826385
8737,317,0.05921410769224167
8738,317,0.07446423918008804
8739,317,0.16040420532226562
8740,317,0.10184145718812943
8741,317,0.16403765976428986
8742,318,0.128268763422966
8743,318,0.031260471791028976
8744,318,0.07615213841199875
8745,318,0.03276152163743973
8746,318,0.05266329646110535
8747,318,0.08542284369468689
8748,318,0.14938892424106598
8749,318,0.10584977269172668
8750,318,0.16157421469688416
8751,318,0.09644933044910431
8752,318,0.081027090549469
8753,318,0.07545426487922668
8754,318,0.11703768372535706
8755,318,0.1628851294517517
8756,318,0.07722259312868118
8757,318,0.13643035292625427
8758,318,0.19134598970413208
8759,318,0.18541811406612396
8760,318,0.10369520634412766
8761,318,0.1926111876964569
8762,319,0.06739981472492218
8763,319,0.14872321486473083
8764,319,0.10376206040382385
8765,319,0.11733490228652954
8766,319,0.04591779783368111
8767,319,0.06478922069072723
8768,319,0.1424599587917328
8769,319,0.07703742384910583
8770,319,0.09569121897220612
8771,319,0.16066211462020874
8772,319,0.047587182372808456
8773,319,0.11975623667240143
8774,319,0.03186791017651558
8775,319,0.12012986093759537
8776,319,0.09901287406682968
8777,319,0.12041734158992767
8778,319,0.03282729908823967
8779,320,0.14116695523262024
8780,320,0.06734006106853485
8781,320,0.06886037439107895
8782,320,0.22381871938705444
8783,320,0.032016653567552567
8784,320,0.06693491339683533
8785,320,0.1631004512310028
8786,320,0.1474878340959549
8787,320,0.12980924546718597
8788,320,0.09317944198846817
8789,320,0.04162326082587242
8790,320,0.1874537616968155
8791,320,0.10438921302556992
8792,320,0.16153578460216522
8793,320,0.04034551605582237
8794,320,0.21206121146678925
8795,320,0.11402063816785812
8796,320,0.077244333922863
8797,320,0.13065548241138458
8798,320,0.07900161296129227
8799,320,0.08931073546409607
8800,321,0.17854337394237518
8801,321,0.09839409589767456
8802,321,0.07617487013339996
8803,321,0.10386618226766586
8804,321,0.10574326664209366
8805,321,0.18135754764080048
8806,321,0.035951294004917145
8807,321,0.1635517030954361
8808,321,0.08361514657735825
8809,321,0.08996568620204926
8810,321,0.07565758377313614
8811,321,0.16761979460716248
8812,321,0.11494853347539902
8813,321,0.13257348537445068
8814,321,0.21981745958328247
8815,321,0.1382806897163391
8816,321,0.15402451157569885
8817,321,0.16172662377357483
8818,321,0.21039901673793793
8819,321,0.10040280222892761
8820,321,0.060787878930568695
8821,322,0.03146945685148239
8822,322,0.05363251641392708
8823,322,0.07377813011407852
8824,322,0.10474476218223572
8825,322,0.031884122639894485
8826,322,0.06443259865045547
8827,322,0.13476693630218506
8828,322,0.06984461098909378
8829,322,0.09194988012313843
8830,322,0.10769084095954895
8831,322,0.04789770022034645
8832,322,0.053143084049224854
8833,322,0.10213915258646011
8834,322,0.028921077027916908
8835,322,0.10696113109588623
8836,322,0.1376669704914093
8837,322,0.15948987007141113
8838,322,0.21692992746829987
8839,322,0.09494820982217789
8840,322,0.11362139135599136
8841,322,0.14204154908657074
8842,323,0.06398119032382965
8843,323,0.0672789216041565
8844,323,0.18120341002941132
8845,323,0.1308741420507431
8846,323,0.058673810213804245
8847,323,0.10364583134651184
8848,323,0.06743969023227692
8849,323,0.14357511699199677
8850,323,0.13440099358558655
8851,323,0.05828836187720299
8852,323,0.11577536165714264
8853,323,0.14748288691043854
8854,323,0.030659319832921028
8855,323,0.11628535389900208
8856,323,0.055901799350976944
8857,323,0.11320089548826218
8858,323,0.030969835817813873
8859,324,0.07212290912866592
8860,324,0.03910655155777931
8861,324,0.09582428634166718
8862,324,0.2127530723810196
8863,324,0.02751515433192253
8864,324,0.03264317661523819
8865,324,0.024754881858825684
8866,324,0.04691258445382118
8867,324,0.12641006708145142
8868,324,0.0695209875702858
8869,324,0.03003259375691414
8870,324,0.12457773089408875
8871,324,0.05653757601976395
8872,324,0.05585304647684097
8873,324,0.13699667155742645
8874,324,0.02529633790254593
8875,324,0.06774897128343582
8876,324,0.11539598554372787
8877,324,0.10505872219800949
8878,325,0.16821712255477905
8879,325,0.19258667528629303
8880,325,0.02349715493619442
8881,325,0.055071063339710236
8882,325,0.12238609045743942
8883,325,0.11931271851062775
8884,325,0.09623042494058609
8885,325,0.09712860733270645
8886,325,0.037390805780887604
8887,325,0.08417356014251709
8888,325,0.2343895435333252
8889,325,0.22470307350158691
8890,325,0.06705328822135925
8891,326,0.09856336563825607
8892,326,0.0863109603524208
8893,326,0.12113799154758453
8894,326,0.07842857390642166
8895,326,0.029780317097902298
8896,326,0.028145404532551765
8897,326,0.08410286903381348
8898,326,0.05598928779363632
8899,326,0.027696628123521805
8900,326,0.10214851796627045
8901,326,0.1085338145494461
8902,326,0.088732048869133
8903,326,0.20938266813755035
8904,326,0.06741330772638321
8905,326,0.13025401532649994
8906,327,0.10712390393018723
8907,327,0.10862512141466141
8908,327,0.24312984943389893
8909,327,0.057108573615550995
8910,327,0.12345048785209656
8911,327,0.09785305708646774
8912,327,0.10059131681919098
8913,327,0.09568312019109726
8914,327,0.16832435131072998
8915,327,0.07994963228702545
8916,327,0.10269816219806671
8917,327,0.14796076714992523
8918,327,0.11957544088363647
8919,327,0.09756245464086533
8920,327,0.11613830924034119
8921,327,0.2123844027519226
8922,327,0.07993914932012558
8923,327,0.035978879779577255
8924,327,0.18983787298202515
8925,328,0.03445921465754509
8926,328,0.12192600965499878
8927,328,0.10381488502025604
8928,328,0.12270332127809525
8929,328,0.09363345801830292
8930,328,0.1141192764043808
8931,328,0.0864136666059494
8932,328,0.09672845900058746
8933,328,0.06125299632549286
8934,328,0.06850450485944748
8935,328,0.09063537418842316
8936,328,0.06254943460226059
8937,328,0.029001738876104355
8938,328,0.07889402657747269
8939,328,0.09525935351848602
8940,328,0.12623387575149536
8941,328,0.027241304516792297
8942,328,0.043513260781764984
8943,328,0.14201484620571136
8944,329,0.08960749208927155
8945,329,0.0641457736492157
8946,329,0.11949510872364044
8947,329,0.07671723514795303
8948,329,0.19745732843875885
8949,329,0.1026904508471489
8950,329,0.13675393164157867
8951,329,0.07206688821315765
8952,329,0.08742192387580872
8953,329,0.06122075766324997
8954,329,0.09815514087677002
8955,329,0.16117927432060242
8956,329,0.13669636845588684
8957,329,0.07767495512962341
8958,329,0.10513968765735626
8959,329,0.10105395317077637
8960,330,0.13887232542037964
8961,330,0.0886322632431984
8962,330,0.05786123126745224
8963,330,0.08400308340787888
8964,330,0.04777587950229645
8965,330,0.0887719988822937
8966,330,0.0827009379863739
8967,330,0.1674397885799408
8968,330,0.0691431313753128
8969,330,0.19469694793224335
8970,330,0.1201787069439888
8971,330,0.05574231594800949
8972,330,0.04978971555829048
8973,330,0.1051625981926918
8974,330,0.14581505954265594
8975,330,0.22540415823459625
8976,331,0.04715166985988617
8977,331,0.03078668937087059
8978,331,0.12869086861610413
8979,331,0.11397919058799744
8980,331,0.05844344198703766
8981,331,0.05568527430295944
8982,331,0.115562304854393
8983,331,0.12266667932271957
8984,331,0.12597320973873138
8985,331,0.09519141912460327
8986,331,0.06296176463365555
8987,331,0.17189261317253113
8988,331,0.06655135750770569
8989,331,0.05955800041556358
8990,331,0.0674864798784256
8991,331,0.02656906470656395
8992,331,0.05252090096473694
8993,331,0.05186780169606209
8994,331,0.0797705128788948
8995,331,0.20958708226680756
8996,331,0.08242329210042953
8997,331,0.13404804468154907
8998,332,0.06682348251342773
8999,332,0.08665759861469269
9000,332,0.19106870889663696
9001,332,0.1405794620513916
9002,332,0.1388353407382965
9003,332,0.13456183671951294
9004,332,0.18864528834819794
9005,332,0.11181948333978653
9006,332,0.06951168179512024
9007,332,0.1312764286994934
9008,332,0.17277240753173828
9009,332,0.10780779272317886
9010,332,0.07775725424289703
9011,332,0.16024526953697205
9012,332,0.1082438975572586
9013,332,0.04973990097641945
9014,332,0.10157781839370728
9015,332,0.072221539914608
9016,332,0.051505379378795624
9017,332,0.07062409818172455
9018,332,0.09942089021205902
9019,333,0.09409350901842117
9020,333,0.2029578983783722
9021,333,0.21867850422859192
9022,333,0.1076795905828476
9023,333,0.1458658128976822
9024,333,0.10452021658420563
9025,333,0.08742213994264603
9026,333,0.09482385218143463
9027,333,0.12274456769227982
9028,333,0.11575277149677277
9029,333,0.030796684324741364
9030,333,0.15153226256370544
9031,333,0.19292081892490387
9032,333,0.1036902591586113
9033,333,0.1559579223394394
9034,333,0.10303910076618195
9035,333,0.028397303074598312
9036,333,0.02428612858057022
9037,333,0.12600943446159363
9038,333,0.1193552166223526
9039,333,0.05736912041902542
9040,334,0.08530967682600021
9041,334,0.05634837597608566
9042,334,0.12260842323303223
9043,334,0.07661066949367523
9044,334,0.10335197299718857
9045,334,0.09784559905529022
9046,334,0.2062118947505951
9047,334,0.027179624885320663
9048,335,0.09567674249410629
9049,335,0.06158933788537979
9050,335,0.14519140124320984
9051,335,0.06778661906719208
9052,335,0.14373010396957397
9053,335,0.13639038801193237
9054,335,0.05847932770848274
9055,335,0.1394696980714798
9056,335,0.059552282094955444
9057,335,0.13966217637062073
9058,335,0.09747633337974548
9059,335,0.0488315187394619
9060,335,0.22275444865226746
9061,335,0.17679987847805023
9062,335,0.1349424570798874
9063,336,0.12546443939208984
9064,336,0.11132028698921204
9065,336,0.14878788590431213
9066,336,0.10065808892250061
9067,336,0.09952086210250854
9068,336,0.09439574182033539
9069,336,0.09611786901950836
9070,336,0.06388747692108154
9071,336,0.05306083709001541
9072,336,0.11641247570514679
9073,336,0.1406250298023224
9074,337,0.08834870904684067
9075,337,0.08842695504426956
9076,337,0.14316612482070923
9077,337,0.0976710170507431
9078,337,0.1423339992761612
9079,337,0.07035873830318451
9080,337,0.13278067111968994
9081,337,0.12101950496435165
9082,337,0.18601348996162415
9083,337,0.05564875155687332
9084,337,0.07789044082164764
9085,337,0.0993862971663475
9086,337,0.018301671370863914
9087,338,0.03906512260437012
9088,338,0.13871121406555176
9089,338,0.16807904839515686
9090,338,0.15880835056304932
9091,338,0.11144017428159714
9092,338,0.15735819935798645
9093,338,0.05675682798027992
9094,338,0.07159323990345001
9095,338,0.14375188946723938
9096,338,0.11360819637775421
9097,338,0.11222115159034729
9098,338,0.15897436439990997
9099,338,0.14484789967536926
9100,338,0.02641703374683857
9101,338,0.15504911541938782
9102,338,0.1698777675628662
9103,338,0.027730245143175125
9104,338,0.1767716407775879
9105,339,0.20284675061702728
9106,339,0.10552357137203217
9107,339,0.16256049275398254
9108,339,0.1676703840494156
9109,339,0.033200692385435104
9110,339,0.09567772597074509
9111,339,0.23726779222488403
9112,339,0.12192561477422714
9113,339,0.07990915328264236
9114,339,0.21019792556762695
9115,339,0.0894041582942009
9116,339,0.07090254873037338
9117,339,0.090857595205307
9118,339,0.0765141099691391
9119,339,0.04758479446172714
9120,339,0.1443030685186386
9121,339,0.19358649849891663
9122,339,0.09604109078645706
9123,339,0.1084950789809227
9124,340,0.10955315083265305
9125,340,0.0730043426156044
9126,340,0.052228767424821854
9127,340,0.10018359124660492
9128,340,0.05782857537269592
9129,340,0.14111171662807465
9130,340,0.0856749564409256
9131,340,0.10725773125886917
9132,340,0.23157477378845215
9133,340,0.1535242348909378
9134,340,0.08095064759254456
9135,340,0.061149679124355316
9136,340,0.16438758373260498
9137,340,0.03766462951898575
9138,340,0.2186206430196762
9139,340,0.14302121102809906
9140,340,0.11428333818912506
9141,341,0.18933722376823425
9142,341,0.05842443183064461
9143,341,0.1419578492641449
9144,341,0.0985323041677475
9145,341,0.06281261891126633
9146,341,0.09713325649499893
9147,341,0.12280957400798798
9148,341,0.08776723593473434
9149,341,0.10737869143486023
9150,341,0.1144285574555397
9151,341,0.07419990003108978
9152,341,0.1107974424958229
9153,341,0.10265357047319412
9154,341,0.09285089373588562
9155,341,0.16417726874351501
9156,341,0.03186434134840965
9157,341,0.12985378503799438
9158,341,0.09512780606746674
9159,341,0.17332564294338226
9160,341,0.09549636393785477
9161,341,0.06318692862987518
9162,341,0.09703494608402252
9163,342,0.09855443239212036
9164,342,0.16377168893814087
9165,342,0.08795271813869476
9166,342,0.09560579806566238
9167,342,0.06935980170965195
9168,342,0.13397930562496185
9169,342,0.10230100899934769
9170,342,0.09923946857452393
9171,342,0.19272930920124054
9172,342,0.050117939710617065
9173,343,0.14097702503204346
9174,343,0.06612494587898254
9175,343,0.21238690614700317
9176,343,0.08104851096868515
9177,343,0.10576516389846802
9178,343,0.0648069679737091
9179,343,0.16947153210639954
9180,343,0.09823830425739288
9181,343,0.14256688952445984
9182,343,0.05902804434299469
9183,343,0.08759167790412903
9184,343,0.08910197019577026
9185,343,0.05934034287929535
9186,343,0.10553797334432602
9187,343,0.12778937816619873
9188,344,0.11581828445196152
9189,344,0.055822137743234634
9190,344,0.15192827582359314
9191,344,0.08360916376113892
9192,344,0.0561111643910408
9193,344,0.21906422078609467
9194,344,0.12140632420778275
9195,344,0.12776795029640198
9196,344,0.1344272941350937
9197,344,0.08892807364463806
9198,344,0.08377401530742645
9199,344,0.07482651621103287
9200,344,0.16590982675552368
9201,344,0.05024183914065361
9202,344,0.10653795301914215
9203,344,0.09087737649679184
9204,344,0.19173979759216309
9205,345,0.05772588402032852
9206,345,0.058802902698516846
9207,345,0.02830067276954651
9208,345,0.13508236408233643
9209,345,0.08187602460384369
9210,345,0.17607921361923218
9211,345,0.05925856530666351
9212,345,0.10560763627290726
9213,345,0.1463865488767624
9214,345,0.1259191334247589
9215,345,0.18057091534137726
9216,345,0.0681256651878357
9217,345,0.15916460752487183
9218,345,0.16916199028491974
9219,346,0.06468752771615982
9220,346,0.14002345502376556
9221,346,0.0587308295071125
9222,346,0.09533648937940598
9223,346,0.10375448316335678
9224,346,0.11658544838428497
9225,346,0.08074503391981125
9226,346,0.20612376928329468
9227,346,0.26729995012283325
9228,346,0.1366785764694214
9229,346,0.04484185948967934
9230,346,0.03371806815266609
9231,346,0.10465773940086365
9232,346,0.07823599129915237
9233,346,0.07326705753803253
9234,346,0.1589517444372177
9235,346,0.10549663007259369
9236,346,0.04457513988018036
9237,347,0.14511236548423767
9238,347,0.0721130296587944
9239,347,0.15088969469070435
9240,347,0.04374478757381439
9241,347,0.07097595930099487
9242,347,0.0695529654622078
9243,347,0.15738826990127563
9244,347,0.17703571915626526
9245,347,0.10735050588846207
9246,347,0.19797946512699127
9247,347,0.05915272235870361
9248,347,0.1371678113937378
9249,347,0.13872340321540833
9250,347,0.16571144759655
9251,347,0.12100893259048462
9252,347,0.11337029188871384
9253,347,0.07159940898418427
9254,347,0.17302800714969635
9255,347,0.14682283997535706
9256,347,0.146831214427948
9257,347,0.10637719184160233
9258,347,0.05007238686084747
9259,347,0.11498956382274628
9260,348,0.1324906349182129
9261,348,0.10822410136461258
9262,348,0.07025743275880814
9263,348,0.1246759295463562
9264,348,0.05953945964574814
9265,348,0.02627023309469223
9266,348,0.11075835675001144
9267,348,0.059611767530441284
9268,348,0.10376537591218948
9269,348,0.07524411380290985
9270,348,0.1009092628955841
9271,348,0.15789766609668732
9272,348,0.10603749752044678
9273,348,0.07834576815366745
9274,349,0.01819111779332161
9275,349,0.0972428023815155
9276,349,0.1595226526260376
9277,349,0.09813027083873749
9278,349,0.1993861347436905
9279,349,0.06779250502586365
9280,349,0.09315002709627151
9281,349,0.0940701961517334
9282,349,0.1085955798625946
9283,349,0.05367976054549217
9284,349,0.20707827806472778
9285,349,0.11785118281841278
9286,349,0.10994689166545868
9287,349,0.0871417298913002
9288,349,0.13299570977687836
9289,349,0.06316215544939041
9290,349,0.10421844571828842
9291,349,0.07080293446779251
9292,349,0.07785949110984802
9293,349,0.1159352958202362
9294,349,0.09333951026201248
9295,349,0.1594892144203186
9296,349,0.12030285596847534
9297,350,0.06232189014554024
9298,350,0.061011143028736115
9299,350,0.06998734921216965
9300,350,0.07530426979064941
9301,350,0.13980528712272644
9302,350,0.15252792835235596
9303,350,0.07421386241912842
9304,350,0.15264789760112762
9305,350,0.02714592218399048
9306,350,0.039528992027044296
9307,350,0.15089894831180573
9308,350,0.0843777060508728
9309,350,0.08085315674543381
9310,350,0.08765162527561188
9311,350,0.1020464301109314
9312,350,0.024722659960389137
9313,350,0.13584336638450623
9314,350,0.1490473598241806
9315,351,0.09088162332773209
9316,351,0.08613695204257965
9317,351,0.06485182046890259
9318,351,0.05987759307026863
9319,351,0.15520168840885162
9320,351,0.054404404014348984
9321,351,0.03091702051460743
9322,351,0.05671822279691696
9323,351,0.22599586844444275
9324,351,0.10713070631027222
9325,351,0.0692923292517662
9326,351,0.06285730749368668
9327,351,0.023953722789883614
9328,352,0.058048948645591736
9329,352,0.10843068361282349
9330,352,0.1487818956375122
9331,352,0.05783521756529808
9332,352,0.0739935114979744
9333,352,0.1483646035194397
9334,352,0.02638876438140869
9335,352,0.10412314534187317
9336,352,0.03884812444448471
9337,352,0.11133980005979538
9338,352,0.15003842115402222
9339,352,0.23976744711399078
9340,352,0.09091801941394806
9341,352,0.13445675373077393
9342,352,0.06594198942184448
9343,352,0.17682254314422607
9344,352,0.07450899481773376
9345,352,0.10715758055448532
9346,352,0.03684884309768677
9347,352,0.0904761254787445
9348,352,0.0993722528219223
9349,353,0.19049549102783203
9350,353,0.18330223858356476
9351,353,0.08544608950614929
9352,353,0.12843941152095795
9353,353,0.07015789300203323
9354,353,0.06487128883600235
9355,353,0.168002650141716
9356,353,0.03538169339299202
9357,353,0.11669966578483582
9358,353,0.10765521973371506
9359,353,0.19485478103160858
9360,353,0.034557659178972244
9361,353,0.022377248853445053
9362,353,0.169065922498703
9363,353,0.0250086709856987
9364,353,0.07102946192026138
9365,353,0.14133676886558533
9366,353,0.09494314342737198
9367,353,0.1734151989221573
9368,353,0.14046120643615723
9369,353,0.09033627063035965
9370,354,0.08215872198343277
9371,354,0.10269268602132797
9372,354,0.08586916327476501
9373,354,0.10026677697896957
9374,354,0.1273130625486374
9375,354,0.06502465158700943
9376,354,0.16564109921455383
9377,354,0.08636288344860077
9378,354,0.1449493020772934
9379,354,0.11013799905776978
9380,354,0.0943136140704155
9381,354,0.1395968496799469
9382,354,0.10223202407360077
9383,355,0.11469317972660065
9384,355,0.0734291821718216
9385,355,0.0713493824005127
9386,355,0.13990521430969238
9387,355,0.11375255882740021
9388,355,0.10427643358707428
9389,355,0.16980013251304626
9390,355,0.07807113975286484
9391,355,0.11248814314603806
9392,355,0.13927654922008514
9393,355,0.12681515514850616
9394,356,0.11827713251113892
9395,356,0.06146267428994179
9396,356,0.0406445749104023
9397,356,0.06650292128324509
9398,356,0.19685238599777222
9399,356,0.12949974834918976
9400,356,0.11779829114675522
9401,356,0.06485829502344131
9402,356,0.15232864022254944
9403,356,0.08989553898572922
9404,356,0.058901168406009674
9405,356,0.07276810705661774
9406,356,0.08322242647409439
9407,356,0.10156220197677612
9408,356,0.06847337633371353
9409,356,0.1290026158094406
9410,356,0.06269773095846176
9411,356,0.1449466198682785
9412,357,0.0675659328699112
9413,357,0.1336502879858017
9414,357,0.24050161242485046
9415,357,0.026306407526135445
9416,357,0.034781839698553085
9417,357,0.12603533267974854
9418,357,0.04194357991218567
9419,357,0.03517746180295944
9420,357,0.16597136855125427
9421,357,0.10894573479890823
9422,357,0.10294243693351746
9423,357,0.10711142420768738
9424,357,0.16028256714344025
9425,357,0.035533539950847626
9426,357,0.11456570029258728
9427,357,0.11483239382505417
9428,357,0.12402082234621048
9429,358,0.024569787085056305
9430,358,0.18940597772598267
9431,358,0.09441739320755005
9432,358,0.060142386704683304
9433,358,0.06393495202064514
9434,358,0.083566814661026
9435,358,0.06804683804512024
9436,358,0.030040089040994644
9437,358,0.11155205965042114
9438,358,0.03572816029191017
9439,358,0.19761614501476288
9440,358,0.06997548788785934
9441,358,0.10367835313081741
9442,358,0.10441335290670395
9443,358,0.13933269679546356
9444,358,0.05860581994056702
9445,358,0.13950100541114807
9446,358,0.10335966944694519
9447,358,0.07898072898387909
9448,359,0.03636910021305084
9449,359,0.03811772167682648
9450,359,0.08682334423065186
9451,359,0.1483638733625412
9452,359,0.17995084822177887
9453,359,0.11128946393728256
9454,359,0.12734659016132355
9455,359,0.06522335857152939
9456,359,0.055289193987846375
9457,359,0.17067041993141174
9458,359,0.13954152166843414
9459,359,0.11173461377620697
9460,359,0.16247090697288513
9461,359,0.14623641967773438
9462,359,0.24481011927127838
9463,360,0.2002682089805603
9464,360,0.06322180479764938
9465,360,0.14435742795467377
9466,360,0.18831318616867065
9467,360,0.20064888894557953
9468,360,0.22918303310871124
9469,360,0.12762075662612915
9470,360,0.05702351778745651
9471,360,0.07867945730686188
9472,360,0.1810767948627472
9473,360,0.08825334161520004
9474,360,0.1402595490217209
9475,360,0.10704456269741058
9476,360,0.054907720535993576
9477,360,0.08404729515314102
9478,360,0.11892595887184143
9479,360,0.07507943361997604
9480,361,0.11960816383361816
9481,361,0.14519409835338593
9482,361,0.18887516856193542
9483,361,0.060910604894161224
9484,361,0.05327913910150528
9485,361,0.06604261696338654
9486,361,0.06180410459637642
9487,361,0.08798474818468094
9488,361,0.12398681044578552
9489,361,0.028689948841929436
9490,361,0.18291214108467102
9491,361,0.06512466073036194
9492,361,0.10197651386260986
9493,361,0.11381339281797409
9494,361,0.0907072201371193
9495,361,0.0913151353597641
9496,361,0.1569364368915558
9497,361,0.15956208109855652
9498,361,0.10229339450597763
9499,362,0.1478717178106308
9500,362,0.13568541407585144
9501,362,0.12078354507684708
9502,362,0.12501847743988037
9503,362,0.1367749571800232
9504,362,0.06391221284866333
9505,362,0.06604830175638199
9506,362,0.13831664621829987
9507,362,0.09100016951560974
9508,362,0.09246796369552612
9509,362,0.030079448595643044
9510,362,0.030931148678064346
9511,362,0.1041121780872345
9512,362,0.020511796697974205
9513,362,0.14936435222625732
9514,362,0.1389177143573761
9515,363,0.16433440148830414
9516,363,0.028205180540680885
9517,363,0.03157765418291092
9518,363,0.01945630833506584
9519,363,0.10920397192239761
9520,363,0.06239361688494682
9521,363,0.1332477331161499
9522,363,0.0630907192826271
9523,363,0.10342920571565628
9524,363,0.15312552452087402
9525,363,0.09570831060409546
9526,363,0.12665966153144836
9527,363,0.06152286380529404
9528,363,0.11799108237028122
9529,363,0.18208587169647217
9530,363,0.10801180452108383
9531,363,0.06173855811357498
9532,363,0.02752143330872059
9533,363,0.08001673966646194
9534,363,0.10950247198343277
9535,363,0.1929633766412735
9536,363,0.13655826449394226
9537,363,0.1841362714767456
9538,364,0.13138142228126526
9539,364,0.1355222910642624
9540,364,0.18202444911003113
9541,364,0.06313014030456543
9542,364,0.14688140153884888
9543,364,0.09237081557512283
9544,364,0.1746879369020462
9545,364,0.07900730520486832
9546,364,0.16093236207962036
9547,364,0.06403681635856628
9548,364,0.07501876354217529
9549,364,0.049885787069797516
9550,364,0.08544611185789108
9551,364,0.09098774939775467
9552,364,0.19890137016773224
9553,364,0.1741335093975067
9554,364,0.22921566665172577
9555,364,0.07220934331417084
9556,364,0.12093449383974075
9557,364,0.11454777419567108
9558,364,0.10043464601039886
9559,365,0.05943457409739494
9560,365,0.0540873259305954
9561,365,0.14446407556533813
9562,365,0.10359033942222595
9563,365,0.14067243039608002
9564,365,0.13584721088409424
9565,365,0.08780752122402191
9566,365,0.1070023700594902
9567,365,0.19460982084274292
9568,365,0.18177282810211182
9569,365,0.11422475427389145
9570,365,0.07083519548177719
9571,365,0.025067947804927826
9572,365,0.02372053638100624
9573,365,0.1224818229675293
9574,365,0.14672377705574036
9575,365,0.03867735713720322
9576,365,0.18246744573116302
9577,365,0.05541688948869705
9578,366,0.10774105787277222
9579,366,0.14220520853996277
9580,366,0.10217399895191193
9581,366,0.13770906627178192
9582,366,0.10853127390146255
9583,366,0.06841658800840378
9584,366,0.09118294715881348
9585,366,0.03022611141204834
9586,366,0.1273437887430191
9587,366,0.13443803787231445
9588,366,0.1670965701341629
9589,366,0.07756534963846207
9590,366,0.049066152423620224
9591,367,0.07806064188480377
9592,367,0.0779823511838913
9593,367,0.13365285098552704
9594,367,0.13566668331623077
9595,367,0.11097335070371628
9596,367,0.143567755818367
9597,367,0.1585649698972702
9598,367,0.13617268204689026
9599,367,0.0704367458820343
9600,367,0.1102403998374939
9601,367,0.13276422023773193
9602,367,0.2790468633174896
9603,367,0.17093755304813385
9604,367,0.10853609442710876
9605,367,0.14874868094921112
9606,367,0.1216011568903923
9607,368,0.17180776596069336
9608,368,0.15111187100410461
9609,368,0.13394981622695923
9610,368,0.07582081854343414
9611,368,0.13495919108390808
9612,368,0.09901728481054306
9613,368,0.0638033002614975
9614,368,0.10852238535881042
9615,368,0.03435826674103737
9616,368,0.17290528118610382
9617,368,0.0249044019728899
9618,368,0.09603391587734222
9619,369,0.05294407531619072
9620,369,0.06969141215085983
9621,369,0.14104041457176208
9622,369,0.22904227674007416
9623,369,0.07194634526968002
9624,369,0.10458598285913467
9625,369,0.06146583706140518
9626,369,0.1541333794593811
9627,369,0.07261466979980469
9628,369,0.2991538345813751
9629,369,0.06802938133478165
9630,369,0.13495463132858276
9631,369,0.1036287397146225
9632,369,0.13979129493236542
9633,369,0.06654644757509232
9634,369,0.10597199201583862
9635,369,0.10098834335803986
9636,369,0.0945066288113594
9637,369,0.1379345804452896
9638,369,0.073218435049057
9639,370,0.06400826573371887
9640,370,0.15104573965072632
9641,370,0.09609387069940567
9642,370,0.12968695163726807
9643,370,0.029586875811219215
9644,370,0.13428901135921478
9645,370,0.1424325704574585
9646,370,0.17578953504562378
9647,370,0.11560475826263428
9648,370,0.15006956458091736
9649,370,0.22460468113422394
9650,370,0.14643380045890808
9651,370,0.22619065642356873
9652,370,0.07165712863206863
9653,370,0.17548571527004242
9654,370,0.03746584802865982
9655,371,0.04911338537931442
9656,371,0.05764642730355263
9657,371,0.10292477905750275
9658,371,0.23550814390182495
9659,371,0.14195853471755981
9660,371,0.057050738483667374
9661,371,0.07820224016904831
9662,371,0.0446493998169899
9663,371,0.04961531236767769
9664,371,0.13796888291835785
9665,371,0.052414149045944214
9666,371,0.03648499399423599
9667,371,0.02802494913339615
9668,371,0.07667835056781769
9669,371,0.0625869408249855
9670,371,0.07371261715888977
9671,371,0.01715787500143051
9672,371,0.0554547980427742
9673,371,0.08957540988922119
9674,371,0.0919397696852684
9675,371,0.1630828082561493
9676,371,0.15907149016857147
9677,371,0.054489437490701675
9678,372,0.0518980510532856
9679,372,0.06458969414234161
9680,372,0.1848994344472885
9681,372,0.09389680624008179
9682,372,0.10251548886299133
9683,372,0.09892670065164566
9684,372,0.09605516493320465
9685,372,0.059374891221523285
9686,372,0.24757352471351624
9687,372,0.029162811115384102
9688,372,0.12921558320522308
9689,373,0.09330344945192337
9690,373,0.1782359629869461
9691,373,0.14214318990707397
9692,373,0.10147911310195923
9693,373,0.23979702591896057
9694,373,0.24931581318378448
9695,373,0.08347028493881226
9696,373,0.06535927206277847
9697,373,0.18324150145053864
9698,373,0.062453947961330414
9699,373,0.08453032374382019
9700,373,0.11113173514604568
9701,373,0.10448931157588959
9702,373,0.11362829804420471
9703,373,0.1383938044309616
9704,373,0.11529289186000824
9705,373,0.11656317114830017
9706,373,0.09571300446987152
9707,373,0.14528460800647736
9708,373,0.2602681517601013
9709,373,0.07177706062793732
9710,373,0.1577327847480774
9711,373,0.21230806410312653
9712,373,0.04282771795988083
9713,373,0.19095882773399353
9714,373,0.09672864526510239
9715,373,0.16141432523727417
9716,374,0.036616116762161255
9717,374,0.07803328335285187
9718,374,0.06734003126621246
9719,374,0.11677903681993484
9720,374,0.1959591656923294
9721,374,0.1854131668806076
9722,374,0.07360266894102097
9723,374,0.12938174605369568
9724,374,0.0987643301486969
9725,374,0.16850990056991577
9726,374,0.14370328187942505
9727,374,0.06406895071268082
9728,374,0.13990262150764465
9729,374,0.09427487105131149
9730,374,0.14939729869365692
9731,374,0.08306489884853363
9732,374,0.10140648484230042
9733,374,0.10223042964935303
9734,374,0.14741069078445435
9735,374,0.12682904303073883
9736,374,0.10007642209529877
9737,374,0.12026876956224442
9738,374,0.1123277023434639
9739,374,0.08403311669826508
9740,375,0.1510116159915924
9741,375,0.11819510906934738
9742,375,0.05311199277639389
9743,375,0.06086871773004532
9744,375,0.09567070752382278
9745,375,0.2329568862915039
9746,375,0.1334015130996704
9747,375,0.06907328218221664
9748,375,0.046611491590738297
9749,375,0.10668837279081345
9750,375,0.06245678290724754
9751,375,0.11644189804792404
9752,375,0.1176048293709755
9753,375,0.022731542587280273
9754,375,0.07185079157352448
9755,375,0.25064921379089355
9756,375,0.07216392457485199
9757,375,0.07610936462879181
9758,375,0.06384296715259552
9759,375,0.04265006631612778
9760,375,0.06770174205303192
9761,376,0.11319178342819214
9762,376,0.1620321422815323
9763,376,0.13969874382019043
9764,376,0.10703204572200775
9765,376,0.08911474049091339
9766,376,0.08512178063392639
9767,376,0.11595490574836731
9768,376,0.1714480072259903
9769,376,0.1451290398836136
9770,376,0.1571553349494934
9771,376,0.032503969967365265
9772,376,0.13467831909656525
9773,376,0.09679871797561646
9774,376,0.038068581372499466
9775,376,0.16177189350128174
9776,377,0.0876694992184639
9777,377,0.1103801280260086
9778,377,0.15541423857212067
9779,377,0.24795827269554138
9780,377,0.125814750790596
9781,377,0.07319509983062744
9782,377,0.0553399920463562
9783,377,0.13022199273109436
9784,377,0.2349521368741989
9785,377,0.16018779575824738
9786,377,0.15765045583248138
9787,377,0.043540261685848236
9788,377,0.2824341654777527
9789,377,0.12841103971004486
9790,377,0.2926439046859741
9791,377,0.1393042653799057
9792,377,0.14150160551071167
9793,377,0.08396757394075394
9794,377,0.08025623857975006
9795,377,0.07644757628440857
9796,377,0.17924508452415466
9797,377,0.09998653829097748
9798,378,0.0585925430059433
9799,378,0.10096357017755508
9800,378,0.07954316586256027
9801,378,0.1763269305229187
9802,378,0.06258358061313629
9803,378,0.1880200207233429
9804,378,0.07630519568920135
9805,378,0.024578241631388664
9806,378,0.08246336877346039
9807,378,0.22073599696159363
9808,378,0.06552310287952423
9809,378,0.21453048288822174
9810,378,0.20799373090267181
9811,378,0.15140706300735474
9812,378,0.06306945532560349
9813,378,0.08786936104297638
9814,378,0.13128367066383362
9815,378,0.0960480272769928
9816,379,0.28344929218292236
9817,379,0.10309216380119324
9818,379,0.061151500791311264
9819,379,0.09628325700759888
9820,379,0.07473057508468628
9821,379,0.1508329063653946
9822,379,0.1583869606256485
9823,379,0.027933591976761818
9824,379,0.11199171841144562
9825,379,0.06811399012804031
9826,379,0.02456713654100895
9827,379,0.06121909245848656
9828,379,0.0443999245762825
9829,379,0.15695638954639435
9830,379,0.14403985440731049
9831,379,0.0977340042591095
9832,379,0.05763915181159973
9833,379,0.0330357551574707
9834,380,0.13790367543697357
9835,380,0.08714987337589264
9836,380,0.20703715085983276
9837,380,0.08039688318967819
9838,380,0.11510591208934784
9839,380,0.22618240118026733
9840,380,0.10158001631498337
9841,380,0.05700407177209854
9842,380,0.10358096659183502
9843,380,0.2648167610168457
9844,380,0.08060202747583389
9845,380,0.19928880035877228
9846,380,0.14305639266967773
9847,381,0.1353064924478531
9848,381,0.019217178225517273
9849,381,0.06064195930957794
9850,381,0.062459539622068405
9851,381,0.10836774855852127
9852,381,0.06591399759054184
9853,381,0.14608493447303772
9854,381,0.20836512744426727
9855,381,0.05068422108888626
9856,381,0.020514795556664467
9857,381,0.02303641103208065
9858,381,0.28151965141296387
9859,381,0.029486991465091705
9860,382,0.111664317548275
9861,382,0.10554774105548859
9862,382,0.05293365940451622
9863,382,0.08543132990598679
9864,382,0.029909569770097733
9865,382,0.02680797688663006
9866,382,0.1705682873725891
9867,382,0.12026943266391754
9868,382,0.18255957961082458
9869,382,0.03260239586234093
9870,382,0.12270694971084595
9871,382,0.1535681039094925
9872,382,0.24961461126804352
9873,382,0.1021123081445694
9874,382,0.06433383375406265
9875,382,0.104278065264225
9876,383,0.07495938241481781
9877,383,0.08290567994117737
9878,383,0.12292111665010452
9879,383,0.13798989355564117
9880,383,0.19945639371871948
9881,383,0.09940939396619797
9882,383,0.15392780303955078
9883,383,0.03443703427910805
9884,383,0.03484296426177025
9885,383,0.10317233949899673
9886,383,0.2132800668478012
9887,383,0.08696405589580536
9888,383,0.12712571024894714
9889,383,0.05481305718421936
9890,383,0.04858856275677681
9891,383,0.20949788391590118
9892,383,0.05643479898571968
9893,383,0.09724704921245575
9894,383,0.11225825548171997
9895,383,0.06893258541822433
9896,383,0.06447219103574753
9897,383,0.16485297679901123
9898,383,0.14166337251663208
9899,383,0.07270338386297226
9900,384,0.07940715551376343
9901,384,0.028770875185728073
9902,384,0.12328559160232544
9903,384,0.07155884057283401
9904,384,0.12291403859853745
9905,384,0.08952555805444717
9906,384,0.2021210491657257
9907,384,0.1765584945678711
9908,384,0.14796671271324158
9909,384,0.10006032139062881
9910,385,0.19462935626506805
9911,385,0.08532198518514633
9912,385,0.08182507753372192
9913,385,0.10044883191585541
9914,385,0.11817141622304916
9915,385,0.1754988580942154
9916,385,0.20579713582992554
9917,385,0.02665892243385315
9918,385,0.1275501400232315
9919,385,0.15152287483215332
9920,386,0.21643592417240143
9921,386,0.06311962008476257
9922,386,0.178740456700325
9923,386,0.06207000091671944
9924,386,0.10251975059509277
9925,386,0.26769497990608215
9926,386,0.037743669003248215
9927,386,0.031046420335769653
9928,386,0.076712965965271
9929,386,0.059758976101875305
9930,386,0.1482340693473816
9931,386,0.08220275491476059
9932,386,0.13529987633228302
9933,386,0.1232740581035614
9934,387,0.05586123466491699
9935,387,0.03957652300596237
9936,387,0.02612745203077793
9937,387,0.09861414134502411
9938,387,0.3494541347026825
9939,387,0.20954392850399017
9940,387,0.12688882648944855
9941,387,0.03795776516199112
9942,387,0.09847688674926758
9943,387,0.0844329297542572
9944,388,0.09253232926130295
9945,388,0.06419197469949722
9946,388,0.09840400516986847
9947,388,0.09618557244539261
9948,388,0.11053629219532013
9949,388,0.203977569937706
9950,388,0.07371032238006592
9951,388,0.06334025412797928
9952,388,0.059587299823760986
9953,388,0.1983451247215271
9954,388,0.18960729241371155
9955,388,0.17537246644496918
9956,388,0.2915470600128174
9957,388,0.07925668358802795
9958,388,0.13347189128398895
9959,388,0.11006977409124374
9960,388,0.09136935323476791
9961,389,0.15816384553909302
9962,389,0.030409974977374077
9963,389,0.2414487898349762
9964,389,0.028763921931385994
9965,389,0.14481505751609802
9966,389,0.18735314905643463
9967,389,0.07807037234306335
9968,389,0.17681187391281128
9969,389,0.031137850135564804
9970,389,0.06971036642789841
9971,389,0.2191128134727478
9972,389,0.015068147331476212
9973,389,0.240493044257164
9974,389,0.06620386987924576
9975,389,0.18207626044750214
9976,389,0.11797530949115753
9977,389,0.020830955356359482
9978,389,0.10050301253795624
9979,389,0.06087776646018028
9980,389,0.06866944581270218
9981,389,0.05523049831390381
9982,389,0.09330420196056366
9983,389,0.036471083760261536
9984,390,0.0986822098493576
9985,390,0.0392957478761673
9986,390,0.09960093349218369
9987,390,0.12764790654182434
9988,390,0.1428004503250122
9989,390,0.18126945197582245
9990,390,0.09341387450695038
9991,390,0.1365656852722168
9992,390,0.03381672501564026
9993,390,0.10760381072759628
9994,390,0.0831759050488472
9995,390,0.1541435867547989
9996,390,0.10903920978307724
9997,390,0.15169571340084076
9998,391,0.23825380206108093
9999,391,0.11861509084701538
10000,391,0.05937594547867775
10001,391,0.1918368637561798
10002,391,0.19636906683444977
10003,391,0.17690297961235046
10004,391,0.23098880052566528
10005,391,0.06304144859313965
10006,391,0.10285798460245132
10007,391,0.1424797922372818
10008,391,0.0947599709033966
10009,391,0.06267978996038437
10010,391,0.1366015374660492
10011,392,0.14119534194469452
10012,392,0.16545191407203674
10013,392,0.07050226628780365
10014,392,0.13502806425094604
10015,392,0.11916202306747437
10016,392,0.16480287909507751
10017,392,0.0413888655602932
10018,392,0.16819855570793152
10019,392,0.07535398751497269
10020,392,0.05189536511898041
10021,392,0.16757483780384064
10022,392,0.08841626346111298
10023,392,0.06960337609052658
10024,392,0.183559849858284
10025,392,0.03698284551501274
10026,392,0.1506597101688385
10027,392,0.15665598213672638
10028,393,0.19102302193641663
10029,393,0.10161732137203217
10030,393,0.03651910647749901
10031,393,0.06920928508043289
10032,393,0.0837630033493042
10033,393,0.04204881191253662
10034,393,0.1753433644771576
10035,393,0.10377069562673569
10036,393,0.19829504191875458
10037,393,0.1525944024324417
10038,393,0.12471862137317657
10039,393,0.07420758157968521
10040,393,0.1250147670507431
10041,393,0.03036102093756199
10042,393,0.2228851616382599
10043,393,0.1181764304637909
10044,393,0.14164474606513977
10045,394,0.04996069520711899
10046,394,0.07557067275047302
10047,394,0.1718105971813202
10048,394,0.11190807074308395
10049,394,0.058272287249565125
10050,394,0.09710677713155746
10051,394,0.294085294008255
10052,394,0.1362716257572174
10053,394,0.2043744921684265
10054,394,0.1289987862110138
10055,394,0.11068354547023773
10056,394,0.06708762794733047
10057,394,0.18334060907363892
10058,394,0.10861475765705109
10059,394,0.09205189347267151
10060,394,0.1835251748561859
10061,394,0.07276918739080429
10062,395,0.07877358794212341
10063,395,0.1400659680366516
10064,395,0.17771188914775848
10065,395,0.1595168560743332
10066,395,0.16815757751464844
10067,395,0.15873190760612488
10068,395,0.22401179373264313
10069,395,0.15733087062835693
10070,395,0.15587031841278076
10071,395,0.13335540890693665
10072,395,0.10809226334095001
10073,395,0.04358229786157608
10074,395,0.11751915514469147
10075,395,0.1752929836511612
10076,395,0.06331352144479752
10077,395,0.19229841232299805
10078,395,0.15632928907871246
10079,396,0.06166965514421463
10080,396,0.2076752483844757
10081,396,0.08095062524080276
10082,396,0.16360235214233398
10083,396,0.021625880151987076
10084,396,0.03415163978934288
10085,396,0.18718454241752625
10086,396,0.20205268263816833
10087,396,0.10721392184495926
10088,396,0.06294754147529602
10089,396,0.2193543016910553
10090,396,0.09908001124858856
10091,396,0.11385628581047058
10092,396,0.11595787853002548
10093,396,0.059870339930057526
10094,396,0.09625449031591415
10095,396,0.031185811385512352
10096,396,0.06511040031909943
10097,396,0.061127133667469025
10098,396,0.1514577716588974
10099,396,0.14927926659584045
10100,397,0.06208578497171402
10101,397,0.08872580528259277
10102,397,0.16302311420440674
10103,397,0.06358428299427032
10104,397,0.08648169785737991
10105,397,0.10691768676042557
10106,397,0.10741598904132843
10107,397,0.09309495985507965
10108,397,0.11009076237678528
10109,397,0.05771361291408539
10110,397,0.05779210478067398
10111,397,0.08116870373487473
10112,397,0.19131503999233246
10113,397,0.13893260061740875
10114,397,0.10395955294370651
10115,397,0.20672188699245453
10116,397,0.14169736206531525
10117,397,0.19248300790786743
10118,397,0.2577776312828064
10119,397,0.1192069873213768
10120,397,0.1084895208477974
10121,397,0.18310075998306274
10122,397,0.08255868405103683
10123,398,0.15048663318157196
10124,398,0.15651610493659973
10125,398,0.15086586773395538
10126,398,0.03281373530626297
10127,398,0.13556744158267975
10128,398,0.1168433129787445
10129,398,0.09736469388008118
10130,398,0.1127268522977829
10131,398,0.09564673900604248
10132,398,0.06315122544765472
10133,398,0.067825548350811
10134,398,0.1547025740146637
10135,398,0.15653495490550995
10136,398,0.09506714344024658
10137,398,0.02141333371400833
10138,398,0.07863560318946838
10139,398,0.1269538551568985
10140,398,0.16090644896030426
10141,398,0.10683946311473846
10142,398,0.1170634850859642
10143,398,0.08771184086799622
10144,398,0.11158418655395508
10145,399,0.15640541911125183
10146,399,0.1897134929895401
10147,399,0.05362042039632797
10148,399,0.1347828209400177
10149,399,0.13275687396526337
10150,399,0.11148050427436829
10151,399,0.02514444664120674
10152,399,0.03182370215654373
10153,399,0.10088767111301422
10154,399,0.08560872822999954
10155,399,0.06540687382221222
10156,399,0.034180473536252975
10157,399,0.13926757872104645
10158,399,0.09363002330064774
10159,399,0.10020725429058075
10160,399,0.1143009215593338
10161,399,0.0622299499809742
10162,399,0.06224450841546059
10163,400,0.2192261815071106
10164,400,0.06283842027187347
10165,400,0.0854933112859726
10166,400,0.15197956562042236
10167,400,0.12167920172214508
10168,400,0.11864707618951797
10169,400,0.05793823301792145
10170,400,0.06500695645809174
10171,400,0.027006935328245163
10172,400,0.06267116963863373
10173,400,0.05623875558376312
10174,401,0.189573273062706
10175,401,0.11001702398061752
10176,401,0.16368213295936584
10177,401,0.10266483575105667
10178,401,0.14053797721862793
10179,401,0.17295697331428528
10180,401,0.22288136184215546
10181,401,0.06860926747322083
10182,401,0.074164479970932
10183,401,0.11662238836288452
10184,401,0.13891153037548065
10185,401,0.10585878789424896
10186,401,0.10132934153079987
10187,401,0.019657908007502556
10188,401,0.11190120130777359
10189,401,0.10550664365291595
10190,401,0.1251041442155838
10191,401,0.08004757761955261
10192,401,0.17376640439033508
10193,401,0.025118835270404816
10194,401,0.11025005578994751
10195,402,0.017685260623693466
10196,402,0.22336743772029877
10197,402,0.22726501524448395
10198,402,0.18826839327812195
10199,402,0.10776902735233307
10200,402,0.11008462309837341
10201,402,0.10020085424184799
10202,402,0.06195005029439926
10203,402,0.05949635058641434
10204,402,0.03226189315319061
10205,402,0.017482351511716843
10206,402,0.09184417873620987
10207,402,0.09694694727659225
10208,402,0.14370061457157135
10209,402,0.05865853279829025
10210,402,0.08885019272565842
10211,402,0.06632796674966812
10212,402,0.05535481497645378
10213,402,0.17721381783485413
10214,403,0.06171204522252083
10215,403,0.06477591395378113
10216,403,0.030221078544855118
10217,403,0.06004922464489937
10218,403,0.07698441296815872
10219,403,0.026356801390647888
10220,403,0.059173159301280975
10221,403,0.05471391975879669
10222,404,0.11818336695432663
10223,404,0.21098531782627106
10224,404,0.18657881021499634
10225,404,0.029250193387269974
10226,404,0.14251676201820374
10227,404,0.04549170657992363
10228,404,0.1437751054763794
10229,404,0.15354008972644806
10230,404,0.10270342975854874
10231,404,0.1115262359380722
10232,404,0.12026241421699524
10233,404,0.023684430867433548
10234,404,0.1961788535118103
10235,404,0.05474449321627617
10236,404,0.10797508805990219
10237,404,0.09047878533601761
10238,404,0.16608741879463196
10239,405,0.11300760507583618
10240,405,0.17053914070129395
10241,405,0.0629379078745842
10242,405,0.07819060981273651
10243,405,0.19575393199920654
10244,405,0.14901971817016602
10245,405,0.10625620931386948
10246,405,0.12719860672950745
10247,405,0.12637552618980408
10248,405,0.13906565308570862
10249,405,0.20734164118766785
10250,405,0.09136758744716644
10251,405,0.15925659239292145
10252,405,0.17901107668876648
10253,406,0.10182900726795197
10254,406,0.020559918135404587
10255,406,0.1972181499004364
10256,406,0.18414399027824402
10257,406,0.15341848134994507
10258,406,0.09512992948293686
10259,406,0.12790483236312866
10260,406,0.08216182142496109
10261,406,0.19208185374736786
10262,406,0.06635715812444687
10263,406,0.1029333770275116
10264,406,0.10416385531425476
10265,406,0.021991750225424767
10266,406,0.10586995631456375
10267,406,0.07133062183856964
10268,406,0.025488726794719696
10269,406,0.17610114812850952
10270,406,0.06891383975744247
10271,406,0.21801713109016418
10272,406,0.09360697120428085
10273,406,0.05766596645116806
10274,406,0.1118231937289238
10275,407,0.13402892649173737
10276,407,0.06905454397201538
10277,407,0.17200997471809387
10278,407,0.03871375322341919
10279,407,0.1466011106967926
10280,407,0.0557105615735054
10281,407,0.04908127337694168
10282,407,0.1453288197517395
10283,407,0.1784292757511139
10284,407,0.05765088275074959
10285,407,0.02269505150616169
10286,407,0.11067958921194077
10287,407,0.043431878089904785
10288,407,0.10310874134302139
10289,407,0.10880137979984283
10290,407,0.08962784707546234
10291,407,0.13146071135997772
10292,407,0.18385612964630127
10293,407,0.09373296052217484
10294,407,0.16914419829845428
10295,407,0.14151233434677124
10296,407,0.07784029841423035
10297,408,0.07142529636621475
10298,408,0.1977478712797165
10299,408,0.06113102287054062
10300,408,0.18049141764640808
10301,408,0.0685688927769661
10302,408,0.11599580943584442
10303,408,0.1550769954919815
10304,408,0.07868728041648865
10305,409,0.04231318086385727
10306,409,0.13588611781597137
10307,409,0.05398494377732277
10308,409,0.13180549442768097
10309,409,0.06998661160469055
10310,409,0.1962127983570099
10311,409,0.0944356620311737
10312,409,0.08641009777784348
10313,409,0.07820235937833786
10314,409,0.09559771418571472
10315,409,0.1883944571018219
10316,409,0.128752663731575
10317,410,0.08626457303762436
10318,410,0.05860665440559387
10319,410,0.14780865609645844
10320,410,0.03768175467848778
10321,410,0.2153525948524475
10322,410,0.11885489523410797
10323,410,0.09617771208286285
10324,410,0.10354401171207428
10325,410,0.06550127267837524
10326,410,0.07898785173892975
10327,410,0.14159010350704193
10328,410,0.124169260263443
10329,410,0.1733522266149521
10330,410,0.03299636393785477
10331,410,0.09955870360136032
10332,410,0.18736311793327332
10333,410,0.17077818512916565
10334,410,0.1780141144990921
10335,410,0.11849348992109299
10336,410,0.19385915994644165
10337,410,0.041718266904354095
10338,410,0.05689409375190735
10339,411,0.12390908598899841
10340,411,0.1346207559108734
10341,411,0.08739659190177917
10342,411,0.11773432791233063
10343,411,0.18484823405742645
10344,411,0.23944514989852905
10345,411,0.12009167671203613
10346,411,0.18264736235141754
10347,411,0.07246961444616318
10348,411,0.1397930532693863
10349,411,0.20272274315357208
10350,411,0.11029694974422455
10351,411,0.09698867797851562
10352,411,0.07746696472167969
10353,411,0.19508090615272522
10354,411,0.22843873500823975
10355,411,0.10599051415920258
10356,411,0.0718235895037651
10357,412,0.11021111905574799
10358,412,0.101044662296772
10359,412,0.019468501210212708
10360,412,0.1529008150100708
10361,412,0.14061103761196136
10362,412,0.028241924941539764
10363,412,0.08931656181812286
10364,412,0.06600046902894974
10365,412,0.19637230038642883
10366,412,0.11276132613420486
10367,412,0.23784136772155762
10368,412,0.06056218221783638
10369,412,0.18893977999687195
10370,412,0.1661205142736435
10371,412,0.13269217312335968
10372,412,0.10540831834077835
10373,412,0.13228532671928406
10374,412,0.13595856726169586
10375,412,0.031958431005477905
10376,412,0.07902351021766663
10377,413,0.028842085972428322
10378,413,0.07229091227054596
10379,413,0.07303524017333984
10380,413,0.02907717600464821
10381,413,0.2288774996995926
10382,413,0.1610964685678482
10383,413,0.15192805230617523
10384,413,0.13019749522209167
10385,413,0.23888064920902252
10386,413,0.11320765316486359
10387,413,0.13697224855422974
10388,413,0.16220949590206146
10389,414,0.10429929196834564
10390,414,0.14444994926452637
10391,414,0.07954631000757217
10392,414,0.2930835485458374
10393,414,0.17499396204948425
10394,414,0.08592947572469711
10395,414,0.11494270712137222
10396,414,0.09307994693517685
10397,414,0.19365429878234863
10398,415,0.1490584909915924
10399,415,0.1157059371471405
10400,415,0.06894910335540771
10401,415,0.16424903273582458
10402,415,0.1032315045595169
10403,415,0.06717380881309509
10404,415,0.12760473787784576
10405,415,0.03779749199748039
10406,415,0.07563328742980957
10407,415,0.02400219812989235
10408,415,0.2697478234767914
10409,415,0.12619465589523315
10410,415,0.07999126613140106
10411,416,0.1328861117362976
10412,416,0.061193667352199554
10413,416,0.18379272520542145
10414,416,0.11186863481998444
10415,416,0.06708043813705444
10416,416,0.1267412155866623
10417,416,0.11095695197582245
10418,416,0.1863897740840912
10419,416,0.08336390554904938
10420,416,0.04669304937124252
10421,416,0.030178824439644814
10422,416,0.2076391577720642
10423,416,0.06443530321121216
10424,417,0.12199631333351135
10425,417,0.08344754576683044
10426,417,0.10611485689878464
10427,417,0.12289845943450928
10428,417,0.15917490422725677
10429,417,0.02671472355723381
10430,417,0.27663081884384155
10431,417,0.14861664175987244
10432,417,0.09135479480028152
10433,417,0.07752684503793716
10434,417,0.06786905974149704
10435,417,0.09801113605499268
10436,417,0.12192527949810028
10437,417,0.15857352316379547
10438,417,0.2058580070734024
10439,417,0.14443950355052948
10440,417,0.12345902621746063
10441,417,0.06976213306188583
10442,417,0.12629707157611847
10443,417,0.0907084196805954
10444,417,0.13124795258045197
10445,418,0.0954752042889595
10446,418,0.1092139333486557
10447,418,0.15629461407661438
10448,418,0.06936415284872055
10449,418,0.126302108168602
10450,418,0.04634533077478409
10451,418,0.10254999995231628
10452,418,0.1423042267560959
10453,418,0.20801302790641785
10454,418,0.03602835536003113
10455,418,0.025649597868323326
10456,418,0.02392406016588211
10457,418,0.02363208308815956
10458,418,0.08030043542385101
10459,418,0.12466341257095337
10460,418,0.058582842350006104
10461,418,0.21828970313072205
10462,418,0.187771737575531
10463,418,0.17835617065429688
10464,418,0.19232791662216187
10465,418,0.07786232233047485
10466,418,0.02250067889690399
10467,418,0.14090849459171295
10468,419,0.10352461785078049
10469,419,0.13796450197696686
10470,419,0.19987404346466064
10471,419,0.18218256533145905
10472,419,0.14765626192092896
10473,419,0.03682263195514679
10474,419,0.05837387591600418
10475,419,0.12292294204235077
10476,419,0.22951658070087433
10477,419,0.1473686844110489
10478,419,0.18882378935813904
10479,419,0.1016741544008255
10480,419,0.12910096347332
10481,419,0.17314377427101135
10482,419,0.09429524093866348
10483,419,0.0912916287779808
10484,419,0.1103886142373085
10485,419,0.11159278452396393
10486,419,0.05793303623795509
10487,419,0.06266269832849503
10488,419,0.14566414058208466
10489,419,0.19281436502933502
10490,419,0.07384243607521057
10491,420,0.021731127053499222
10492,420,0.038675811141729355
10493,420,0.1455289125442505
10494,420,0.11951722204685211
10495,420,0.10808917880058289
10496,420,0.060330893844366074
10497,420,0.1546807438135147
10498,420,0.18087346851825714
10499,420,0.1995878368616104
10500,420,0.06853987276554108
10501,420,0.0736909881234169
10502,420,0.10874617099761963
10503,420,0.13938981294631958
10504,420,0.09555210173130035
10505,420,0.09926016628742218
10506,420,0.11984279751777649
10507,420,0.028932340443134308
10508,420,0.2484651356935501
10509,420,0.2342386245727539
10510,420,0.14126312732696533
10511,421,0.055347610265016556
10512,421,0.062480904161930084
10513,421,0.10902499407529831
10514,421,0.16083434224128723
10515,421,0.16078294813632965
10516,421,0.13911397755146027
10517,421,0.04705518111586571
10518,421,0.0660463273525238
10519,421,0.06930860131978989
10520,421,0.18865902721881866
10521,421,0.06737558543682098
10522,421,0.07101696729660034
10523,421,0.1711757481098175
10524,421,0.11842186003923416
10525,421,0.1600252240896225
10526,421,0.034133538603782654
10527,421,0.24872320890426636
10528,421,0.14739617705345154
10529,421,0.06438431143760681
10530,421,0.18335577845573425
10531,422,0.12599869072437286
10532,422,0.05824626609683037
10533,422,0.1322433352470398
10534,422,0.07700970023870468
10535,422,0.1797521710395813
10536,422,0.10992209613323212
10537,422,0.15890119969844818
10538,422,0.13445313274860382
10539,422,0.1257096379995346
10540,422,0.038184620440006256
10541,423,0.16692128777503967
10542,423,0.07234428077936172
10543,423,0.2285001426935196
10544,423,0.1965218335390091
10545,423,0.07678622007369995
10546,423,0.12256504595279694
10547,423,0.1363733410835266
10548,423,0.11229073256254196
10549,423,0.06551136076450348
10550,423,0.16258345544338226
10551,423,0.05952960252761841
10552,423,0.21228384971618652
10553,423,0.08081173896789551
10554,423,0.14715617895126343
10555,423,0.1581602394580841
10556,423,0.089363694190979
10557,423,0.027803421020507812
10558,423,0.07217040657997131
10559,423,0.06360054016113281
10560,423,0.08432965725660324
10561,424,0.14155755937099457
10562,424,0.14788693189620972
10563,424,0.1089361310005188
10564,424,0.11330205202102661
10565,424,0.0662926509976387
10566,424,0.2327849119901657
10567,424,0.11496922373771667
10568,424,0.0916975662112236
10569,424,0.1199682429432869
10570,424,0.20148569345474243
10571,424,0.09496448934078217
10572,424,0.06794595718383789
10573,424,0.15787386894226074
10574,424,0.12616963684558868
10575,424,0.201878622174263
10576,424,0.0727577731013298
10577,424,0.19838467240333557
10578,424,0.03145858272910118
10579,425,0.1659812033176422
10580,425,0.11435278505086899
10581,425,0.04056079685688019
10582,425,0.26834845542907715
10583,425,0.11573760956525803
10584,425,0.10077642649412155
10585,425,0.09100832045078278
10586,425,0.15287253260612488
10587,425,0.07026916742324829
10588,426,0.1265466809272766
10589,426,0.1018911749124527
10590,426,0.09726689755916595
10591,426,0.1932457983493805
10592,426,0.10709688067436218
10593,426,0.0379595011472702
10594,426,0.17860636115074158
10595,426,0.16207003593444824
10596,426,0.20384642481803894
10597,426,0.06421604752540588
10598,426,0.07274968922138214
10599,426,0.055002935230731964
10600,426,0.0693565383553505
10601,426,0.029763221740722656
10602,426,0.2367924153804779
10603,426,0.26911139488220215
10604,426,0.1894369125366211
10605,426,0.021800732240080833
10606,427,0.034627124667167664
10607,427,0.20686009526252747
10608,427,0.15509876608848572
10609,427,0.08169525861740112
10610,427,0.1894349604845047
10611,427,0.1753322184085846
10612,427,0.2733878493309021
10613,427,0.17126864194869995
10614,428,0.17680513858795166
10615,428,0.1478913277387619
10616,428,0.15063472092151642
10617,428,0.09971682727336884
10618,428,0.18137040734291077
10619,428,0.18907096982002258
10620,428,0.18362842500209808
10621,428,0.1939620077610016
10622,428,0.09732476621866226
10623,429,0.032273001968860626
10624,429,0.10549350827932358
10625,429,0.17020080983638763
10626,429,0.08363589644432068
10627,429,0.12109656631946564
10628,429,0.1963406205177307
10629,429,0.10811956226825714
10630,429,0.10477911680936813
10631,429,0.11247708648443222
10632,429,0.10721354931592941
10633,429,0.07981494814157486
10634,429,0.11668198555707932
10635,429,0.12547597289085388
10636,430,0.07477394491434097
10637,430,0.16625484824180603
10638,430,0.09977078437805176
10639,430,0.07925691455602646
10640,430,0.08303303271532059
10641,430,0.07162594795227051
10642,430,0.10730068385601044
10643,430,0.14318965375423431
10644,430,0.14751100540161133
10645,431,0.06705616414546967
10646,431,0.2006732076406479
10647,431,0.1993386149406433
10648,431,0.10773129761219025
10649,431,0.12171177566051483
10650,431,0.07074140012264252
10651,431,0.17799779772758484
10652,431,0.10557819157838821
10653,431,0.10261000692844391
10654,431,0.17389163374900818
10655,431,0.16112031042575836
10656,431,0.17709505558013916
10657,431,0.09193523973226547
10658,431,0.19937744736671448
10659,431,0.023585624992847443
10660,431,0.06834935396909714
10661,431,0.07692711800336838
10662,432,0.2519615590572357
10663,432,0.2339806705713272
10664,432,0.1418430507183075
10665,432,0.05551840737462044
10666,432,0.0958617776632309
10667,432,0.16463702917099
10668,432,0.09380197525024414
10669,432,0.1653062105178833
10670,432,0.019433874636888504
10671,432,0.07059070467948914
10672,432,0.0615946389734745
10673,432,0.1560848206281662
10674,432,0.16003678739070892
10675,432,0.014230713248252869
10676,432,0.20172105729579926
10677,432,0.09584338963031769
10678,432,0.19014571607112885
10679,432,0.1506548523902893
10680,432,0.1382216066122055
10681,432,0.18970391154289246
10682,432,0.02657274343073368
10683,432,0.16128623485565186
10684,433,0.09319666028022766
10685,433,0.1253717541694641
10686,433,0.1579735279083252
10687,433,0.2950670123100281
10688,433,0.0741378590464592
10689,433,0.22900325059890747
10690,433,0.058707524091005325
10691,433,0.15511822700500488
10692,433,0.21504727005958557
10693,433,0.14533363282680511
10694,433,0.18255867063999176
10695,433,0.09990108758211136
10696,433,0.030399255454540253
10697,433,0.07147546857595444
10698,433,0.10674551129341125
10699,433,0.11163749545812607
10700,433,0.06213289499282837
10701,433,0.12110086530447006
10702,433,0.207236647605896
10703,433,0.08485720306634903
10704,433,0.2265818566083908
10705,434,0.11114697903394699
10706,434,0.20660053193569183
10707,434,0.024336662143468857
10708,434,0.172052800655365
10709,434,0.13001127541065216
10710,434,0.1209799125790596
10711,434,0.20226165652275085
10712,434,0.1859596222639084
10713,434,0.12490067631006241
10714,434,0.1204652190208435
10715,434,0.16654223203659058
10716,434,0.0806814432144165
10717,434,0.11042604595422745
10718,434,0.09422864764928818
10719,434,0.2031036615371704
10720,434,0.13701462745666504
10721,434,0.19883757829666138
10722,434,0.12999413907527924
10723,434,0.033716313540935516
10724,434,0.11637312173843384
10725,434,0.07221164554357529
10726,434,0.1743033528327942
10727,434,0.1606452614068985
10728,435,0.0734841525554657
10729,435,0.19893333315849304
10730,435,0.18105846643447876
10731,435,0.2742466330528259
10732,435,0.10890386253595352
10733,435,0.13964025676250458
10734,435,0.10506416857242584
10735,435,0.03357352688908577
10736,435,0.23344290256500244
10737,435,0.09645961225032806
10738,435,0.12393045425415039
10739,435,0.26045453548431396
10740,435,0.17036335170269012
10741,435,0.06495927274227142
10742,435,0.082205630838871
10743,435,0.0998302549123764
10744,435,0.04363137111067772
10745,435,0.025731725618243217
10746,435,0.06330140680074692
10747,436,0.14330847561359406
10748,436,0.16498832404613495
10749,436,0.11709929257631302
10750,436,0.19944973289966583
10751,436,0.15467379987239838
10752,436,0.07609400153160095
10753,436,0.19131258130073547
10754,436,0.2274159938097
10755,436,0.11448141932487488
10756,436,0.23040002584457397
10757,436,0.05515701696276665
10758,437,0.1775936335325241
10759,437,0.16245217621326447
10760,437,0.03266190364956856
10761,437,0.24559655785560608
10762,437,0.2381288707256317
10763,437,0.07539040595293045
10764,437,0.03515555337071419
10765,437,0.08397016674280167
10766,437,0.08123409748077393
10767,437,0.06929946690797806
10768,437,0.22291958332061768
10769,437,0.1519664227962494
10770,437,0.1604682356119156
10771,437,0.16022340953350067
10772,437,0.13787703216075897
10773,437,0.08045703172683716
10774,437,0.16572117805480957
10775,438,0.10560572892427444
10776,438,0.115601547062397
10777,438,0.1259429156780243
10778,438,0.0583072155714035
10779,438,0.07648252695798874
10780,438,0.06272260844707489
10781,438,0.23080965876579285
10782,438,0.06231773644685745
10783,438,0.1467103809118271
10784,438,0.06230119988322258
10785,438,0.13594384491443634
10786,438,0.16146406531333923
10787,438,0.03608586639165878
10788,438,0.2137901335954666
10789,438,0.12808369100093842
10790,438,0.1215842142701149
10791,438,0.14177259802818298
10792,439,0.16423416137695312
10793,439,0.03148909658193588
10794,439,0.16076910495758057
10795,439,0.02513789013028145
10796,439,0.13728366792201996
10797,439,0.17317834496498108
10798,439,0.03733918070793152
10799,439,0.12692783772945404
10800,439,0.03777291253209114
10801,439,0.26320764422416687
10802,439,0.09344665706157684
10803,439,0.09451036900281906
10804,439,0.06271432340145111
10805,439,0.21548867225646973
10806,439,0.05475763604044914
10807,439,0.11852356791496277
10808,439,0.020607255399227142
10809,439,0.14104433357715607
10810,439,0.1266070157289505
10811,439,0.21742025017738342
10812,440,0.05923016369342804
10813,440,0.13911400735378265
10814,440,0.19924023747444153
10815,440,0.06269734352827072
10816,440,0.15210701525211334
10817,440,0.195529967546463
10818,440,0.1645658165216446
10819,440,0.1191403716802597
10820,440,0.0443454347550869
10821,440,0.18237212300300598
10822,440,0.03910352289676666
10823,440,0.12914255261421204
10824,440,0.15390577912330627
10825,440,0.07515481114387512
10826,440,0.24920058250427246
10827,440,0.2047731727361679
10828,441,0.23828528821468353
10829,441,0.16744112968444824
10830,441,0.0344034843146801
10831,441,0.02258300594985485
10832,441,0.1588902473449707
10833,441,0.22266294062137604
10834,441,0.029859274625778198
10835,441,0.022388754412531853
10836,441,0.11112257093191147
10837,441,0.08304757624864578
10838,441,0.15958601236343384
10839,441,0.07263057678937912
10840,441,0.1519414335489273
10841,441,0.06065358966588974
10842,441,0.11453877389431
10843,441,0.20870402455329895
10844,441,0.08363544195890427
10845,441,0.267581045627594
10846,441,0.19829896092414856
10847,441,0.20467564463615417
10848,441,0.24275609850883484
10849,441,0.18551106750965118
10850,442,0.1703452467918396
10851,442,0.10796722024679184
10852,442,0.08951795846223831
10853,442,0.04704375937581062
10854,442,0.25761210918426514
10855,442,0.08796659111976624
10856,442,0.14294986426830292
10857,442,0.07040359079837799
10858,442,0.07067576050758362
10859,442,0.18085572123527527
10860,442,0.11311136186122894
10861,442,0.1919277161359787
10862,442,0.17360919713974
10863,442,0.14284120500087738
10864,442,0.03410160914063454
10865,442,0.10370910912752151
10866,442,0.02504679560661316
10867,442,0.26652970910072327
10868,442,0.2710452079772949
10869,442,0.21915991604328156
10870,442,0.08516154438257217
10871,443,0.09858827292919159
10872,443,0.1439512073993683
10873,443,0.17059850692749023
10874,443,0.13566091656684875
10875,443,0.08825355023145676
10876,443,0.11571410298347473
10877,443,0.12736952304840088
10878,443,0.1434485912322998
10879,443,0.1276773065328598
10880,443,0.1637061983346939
10881,444,0.11640158295631409
10882,444,0.20027123391628265
10883,444,0.044053301215171814
10884,444,0.07385706901550293
10885,444,0.15472057461738586
10886,444,0.1235608384013176
10887,444,0.21991018950939178
10888,444,0.08482374250888824
10889,444,0.12005804479122162
10890,444,0.10203680396080017
10891,444,0.2062414288520813
10892,444,0.11960239708423615
10893,444,0.1935204267501831
10894,444,0.30790719389915466
10895,444,0.12180280685424805
10896,444,0.21922282874584198
10897,444,0.1680111438035965
10898,444,0.0795937106013298
10899,445,0.12031211704015732
10900,445,0.16521790623664856
10901,445,0.11510597169399261
10902,445,0.03146964684128761
10903,445,0.275533527135849
10904,445,0.17119038105010986
10905,445,0.22167296707630157
10906,445,0.1201154813170433
10907,446,0.13077126443386078
10908,446,0.1058540791273117
10909,446,0.10993504524230957
10910,446,0.13066476583480835
10911,446,0.16005389392375946
10912,446,0.1369875818490982
10913,446,0.10669831186532974
10914,446,0.15852414071559906
10915,446,0.029357943683862686
10916,446,0.16922305524349213
10917,446,0.09919458627700806
10918,446,0.14819170534610748
10919,446,0.18154680728912354
10920,446,0.19360674917697906
10921,446,0.21719488501548767
10922,446,0.06539630889892578
10923,446,0.1122579351067543
10924,446,0.11061874777078629
10925,446,0.23660463094711304
10926,446,0.06502493470907211
10927,446,0.19678924977779388
10928,446,0.08747036755084991
10929,446,0.06833960115909576
10930,446,0.02664186991751194
10931,446,0.12626618146896362
10932,446,0.08719511330127716
10933,447,0.2120588719844818
10934,447,0.19614633917808533
10935,447,0.16071897745132446
10936,447,0.09264201670885086
10937,447,0.14739234745502472
10938,447,0.017897406592965126
10939,447,0.15570922195911407
10940,447,0.22255389392375946
10941,447,0.1060812845826149
10942,447,0.06878192722797394
10943,447,0.02807074971497059
10944,447,0.027045458555221558
10945,447,0.1580234169960022
10946,447,0.07461069524288177
10947,448,0.04237622395157814
10948,448,0.20496459305286407
10949,448,0.060862794518470764
10950,448,0.0660250335931778
10951,448,0.12947948276996613
10952,448,0.15074609220027924
10953,448,0.06382817029953003
10954,448,0.12094000726938248
10955,448,0.2613786458969116
10956,448,0.20530204474925995
10957,448,0.1402786672115326
10958,448,0.09740340709686279
10959,448,0.11642502248287201
10960,448,0.07007799297571182
10961,448,0.1115339994430542
10962,448,0.1999061107635498
10963,448,0.10841406136751175
10964,448,0.06802157312631607
10965,448,0.18545082211494446
10966,448,0.08192901313304901
10967,448,0.20354220271110535
10968,449,0.11179961264133453
10969,449,0.06334252655506134
10970,449,0.033634260296821594
10971,449,0.11496682465076447
10972,449,0.11531264334917068
10973,449,0.07110628485679626
10974,449,0.11566831916570663
10975,449,0.12606501579284668
10976,449,0.14886868000030518
10977,449,0.10684961825609207
10978,449,0.18948689103126526
10979,449,0.15869443118572235
10980,449,0.1208420991897583
10981,449,0.12168928980827332
10982,449,0.10184898972511292
10983,449,0.211698979139328
10984,449,0.11999711394309998
10985,450,0.04186256229877472
10986,450,0.214592844247818
10987,450,0.15426376461982727
10988,450,0.11241152882575989
10989,450,0.03838044032454491
10990,450,0.08884622156620026
10991,450,0.06803613156080246
10992,450,0.12535901367664337
10993,450,0.03544323518872261
10994,450,0.11095593124628067
10995,450,0.13177725672721863
10996,450,0.03541301190853119
10997,451,0.3446597158908844
10998,451,0.033888161182403564
10999,451,0.25890326499938965
11000,451,0.19953355193138123
11001,451,0.14718247950077057
11002,451,0.08064787834882736
11003,451,0.20446966588497162
11004,451,0.2973117530345917
11005,451,0.06967832148075104
11006,451,0.11755231022834778
11007,451,0.07189050316810608
11008,451,0.23796804249286652
11009,451,0.11664584279060364
11010,451,0.31051987409591675
11011,451,0.14618059992790222
11012,451,0.08171649277210236
11013,451,0.12260763347148895
11014,451,0.2331971973180771
11015,451,0.07991035282611847
11016,452,0.18367761373519897
11017,452,0.1539299488067627
11018,452,0.06746818125247955
11019,452,0.12625014781951904
11020,452,0.1102246567606926
11021,452,0.11137033253908157
11022,452,0.032017190009355545
11023,452,0.224212184548378
11024,452,0.16792163252830505
11025,452,0.06351852416992188
11026,452,0.21843187510967255
11027,452,0.06772063672542572
11028,452,0.1321311891078949
11029,452,0.13035158812999725
11030,452,0.10091136395931244
11031,452,0.1950996071100235
11032,452,0.11792714893817902
11033,452,0.029128670692443848
11034,452,0.1573217213153839
11035,452,0.1198769062757492
11036,453,0.02242336794734001
11037,453,0.11646835505962372
11038,453,0.025021180510520935
11039,453,0.06437643617391586
11040,453,0.07446017116308212
11041,453,0.47108304500579834
11042,453,0.05541955679655075
11043,453,0.1968698799610138
11044,453,0.1947600245475769
11045,453,0.11869467794895172
11046,453,0.26060155034065247
11047,453,0.11529293656349182
11048,453,0.08536453545093536
11049,454,0.13835948705673218
11050,454,0.18605664372444153
11051,454,0.14158864319324493
11052,454,0.181809663772583
11053,454,0.14007119834423065
11054,454,0.2711757719516754
11055,454,0.06126362085342407
11056,454,0.12524425983428955
11057,454,0.14523005485534668
11058,454,0.08071605116128922
11059,454,0.1232566311955452
11060,454,0.06953086704015732
11061,454,0.13698752224445343
11062,454,0.1862414926290512
11063,454,0.061050280928611755
11064,454,0.19710135459899902
11065,454,0.21838046610355377
11066,454,0.06522060185670853
11067,454,0.17396187782287598
11068,454,0.11556825786828995
11069,454,0.024791937321424484
11070,454,0.10196950286626816
11071,454,0.29331889748573303
11072,454,0.07154975831508636
11073,455,0.053937334567308426
11074,455,0.1014990359544754
11075,455,0.06673121452331543
11076,455,0.024386025965213776
11077,455,0.1176891103386879
11078,455,0.027212532237172127
11079,455,0.10045956075191498
11080,455,0.07353102415800095
11081,455,0.09497568011283875
11082,456,0.1586010754108429
11083,456,0.19644956290721893
11084,456,0.06701409816741943
11085,456,0.22666017711162567
11086,456,0.11408595740795135
11087,456,0.2610161006450653
11088,456,0.1584412008523941
11089,456,0.09052076935768127
11090,456,0.046246081590652466
11091,456,0.1549043506383896
11092,456,0.1912965476512909
11093,456,0.020276105031371117
11094,456,0.34044936299324036
11095,456,0.08869616687297821
11096,456,0.21719732880592346
11097,456,0.026209738105535507
11098,456,0.1559128761291504
11099,456,0.14691327512264252
11100,457,0.10403788834810257
11101,457,0.12952682375907898
11102,457,0.02199631743133068
11103,457,0.13139744102954865
11104,457,0.07444705069065094
11105,457,0.024493824690580368
11106,457,0.2724616229534149
11107,457,0.249220073223114
11108,457,0.12748679518699646
11109,457,0.022997215390205383
11110,457,0.16036921739578247
11111,457,0.1744169294834137
11112,457,0.16325397789478302
11113,457,0.32989469170570374
11114,457,0.18693402409553528
11115,457,0.08394252508878708
11116,457,0.20038142800331116
11117,457,0.2581380009651184
11118,457,0.1501312255859375
11119,457,0.20380811393260956
11120,457,0.16237647831439972
11121,458,0.11746222525835037
11122,458,0.07122097909450531
11123,458,0.2572587728500366
11124,458,0.06105458736419678
11125,458,0.14430688321590424
11126,458,0.07101704180240631
11127,458,0.16793759167194366
11128,458,0.1556645929813385
11129,458,0.17097246646881104
11130,458,0.12119067460298538
11131,458,0.07949000597000122
11132,459,0.07551639527082443
11133,459,0.21995693445205688
11134,459,0.27607592940330505
11135,459,0.08624564111232758
11136,459,0.21156716346740723
11137,459,0.18657730519771576
11138,459,0.16976433992385864
11139,459,0.05673140659928322
11140,459,0.11710334569215775
11141,459,0.17582403123378754
11142,459,0.16327013075351715
11143,459,0.055503010749816895
11144,459,0.14688609540462494
11145,459,0.2020328938961029
11146,459,0.16540639102458954
11147,459,0.061431173235177994
11148,459,0.1754869967699051
11149,459,0.18980902433395386
11150,459,0.14685989916324615
11151,459,0.20673197507858276
11152,459,0.11015652865171432
11153,459,0.21590390801429749
11154,459,0.11657001823186874
11155,460,0.11737491935491562
11156,460,0.24944715201854706
11157,460,0.16996634006500244
11158,460,0.15949995815753937
11159,460,0.03738585114479065
11160,460,0.12632109224796295
11161,460,0.07810276746749878
11162,460,0.06264742463827133
11163,460,0.23499801754951477
11164,460,0.16292710602283478
11165,460,0.10503442585468292
11166,460,0.12056025862693787
11167,460,0.10636360198259354
11168,460,0.10491520166397095
11169,460,0.06312653422355652
11170,460,0.2615619897842407
11171,460,0.16241584718227386
11172,460,0.10438363254070282
11173,460,0.23709513247013092
11174,461,0.15350821614265442
11175,461,0.13882054388523102
11176,461,0.19675356149673462
11177,461,0.164051353931427
11178,461,0.1206173226237297
11179,461,0.24136033654212952
11180,461,0.21048972010612488
11181,461,0.1646362692117691
11182,461,0.06573260575532913
11183,461,0.11963644623756409
11184,461,0.11241551488637924
11185,461,0.10084282606840134
11186,462,0.16503876447677612
11187,462,0.12068139761686325
11188,462,0.1830858439207077
11189,462,0.08068343997001648
11190,462,0.21810145676136017
11191,462,0.06654264777898788
11192,462,0.06475958228111267
11193,462,0.1417388617992401
11194,462,0.19006426632404327
11195,462,0.06818724423646927
11196,462,0.23593097925186157
11197,462,0.1460469365119934
11198,462,0.17911165952682495
11199,462,0.11742428690195084
11200,462,0.11260366439819336
11201,462,0.0187276192009449
11202,462,0.1461591273546219
11203,462,0.13992607593536377
11204,462,0.1585632711648941
11205,462,0.2034372240304947
11206,462,0.03048814833164215
11207,462,0.14581070840358734
11208,463,0.07957249134778976
11209,463,0.07071515172719955
11210,463,0.22338972985744476
11211,463,0.06703364104032516
11212,463,0.1450524926185608
11213,463,0.28960293531417847
11214,463,0.1720794141292572
11215,463,0.11737396568059921
11216,463,0.2095610499382019
11217,463,0.06289462745189667
11218,463,0.11209440976381302
11219,463,0.12501674890518188
11220,463,0.17072151601314545
11221,463,0.07681041955947876
11222,463,0.0269662793725729
11223,463,0.23307958245277405
11224,463,0.13069331645965576
11225,463,0.01768031343817711
11226,463,0.1593240648508072
11227,464,0.16965773701667786
11228,464,0.066485196352005
11229,464,0.14224305748939514
11230,464,0.1720135509967804
11231,464,0.21543222665786743
11232,464,0.022116132080554962
11233,464,0.20370590686798096
11234,464,0.07597510516643524
11235,464,0.10827198624610901
11236,464,0.07030496001243591
11237,464,0.06316512823104858
11238,464,0.1401410549879074
11239,464,0.1253843754529953
11240,464,0.11075873672962189
11241,464,0.11852317303419113
11242,464,0.07283466309309006
11243,465,0.2225664108991623
11244,465,0.15412354469299316
11245,465,0.06252001225948334
11246,465,0.11149650812149048
11247,465,0.15909558534622192
11248,465,0.10636481642723083
11249,465,0.11968746036291122
11250,465,0.10463954508304596
11251,465,0.1363798975944519
11252,465,0.2073824405670166
11253,465,0.10911790281534195
11254,465,0.25148943066596985
11255,465,0.17734283208847046
11256,465,0.31091099977493286
11257,465,0.1373322457075119
11258,465,0.030710814520716667
11259,466,0.07568148523569107
11260,466,0.11952845752239227
11261,466,0.1233379915356636
11262,466,0.18473471701145172
11263,466,0.11092759668827057
11264,466,0.17087560892105103
11265,466,0.12882915139198303
11266,466,0.10303901880979538
11267,466,0.18495449423789978
11268,466,0.1382630616426468
11269,466,0.0750468373298645
11270,466,0.12304893136024475
11271,466,0.33154112100601196
11272,466,0.27464428544044495
11273,466,0.1556580662727356
11274,466,0.12612880766391754
11275,466,0.104042649269104
11276,466,0.06668005883693695
11277,466,0.1195375844836235
11278,466,0.20586277544498444
11279,466,0.11695969849824905
11280,467,0.29231372475624084
11281,467,0.14145900309085846
11282,467,0.16737276315689087
11283,467,0.17897111177444458
11284,467,0.0815388485789299
11285,467,0.057487212121486664
11286,467,0.15475471317768097
11287,467,0.1765022575855255
11288,467,0.2945612668991089
11289,467,0.20544463396072388
11290,467,0.1234503984451294
11291,467,0.11489297449588776
11292,467,0.20832593739032745
11293,468,0.13571207225322723
11294,468,0.1385767161846161
11295,468,0.09982044994831085
11296,468,0.0752030536532402
11297,468,0.1696363091468811
11298,468,0.2521655857563019
11299,468,0.12000583857297897
11300,468,0.0710957944393158
11301,468,0.11279994994401932
11302,468,0.16445155441761017
11303,468,0.23817378282546997
11304,469,0.12671996653079987
11305,469,0.11951460689306259
11306,469,0.06980453431606293
11307,469,0.1678663045167923
11308,469,0.08633588999509811
11309,469,0.38319694995880127
11310,469,0.16307806968688965
11311,469,0.11368896067142487
11312,469,0.31568625569343567
11313,469,0.16625246405601501
11314,469,0.12830403447151184
11315,469,0.06772956997156143
11316,469,0.28552404046058655
11317,469,0.022864170372486115
11318,469,0.1230471134185791
11319,469,0.1569087952375412
11320,469,0.12233120203018188
11321,469,0.11379319429397583
11322,469,0.1233438104391098
11323,469,0.11449027061462402
11324,469,0.06883205473423004
11325,469,0.16788166761398315
11326,470,0.16033749282360077
11327,470,0.36656346917152405
11328,470,0.1638854295015335
11329,470,0.15953534841537476
11330,470,0.1486981213092804
11331,470,0.07498674094676971
11332,470,0.11452312022447586
11333,470,0.22330085933208466
11334,470,0.1570107787847519
11335,470,0.06357632577419281
11336,470,0.02878730744123459
11337,470,0.11284223198890686
11338,470,0.14257436990737915
11339,470,0.3119466304779053
11340,470,0.11261311918497086
11341,470,0.17244932055473328
11342,470,0.1308571845293045
11343,470,0.21402262151241302
11344,470,0.11227639764547348
11345,471,0.20207694172859192
11346,471,0.0829949900507927
11347,471,0.08958198875188828
11348,471,0.2525228261947632
11349,471,0.07626277208328247
11350,471,0.26168543100357056
11351,471,0.10678789019584656
11352,471,0.1730332225561142
11353,471,0.1305263489484787
11354,471,0.10088719427585602
11355,471,0.3103424310684204
11356,471,0.15029534697532654
11357,471,0.03528711944818497
11358,472,0.1618708372116089
11359,472,0.23489147424697876
11360,472,0.13925489783287048
11361,472,0.1839587241411209
11362,472,0.07644098997116089
11363,472,0.08228123188018799
11364,472,0.1447448432445526
11365,472,0.20108172297477722
11366,472,0.1533576250076294
11367,472,0.14306284487247467
11368,472,0.11154625564813614
11369,472,0.17284244298934937
11370,472,0.048399414867162704
11371,472,0.12267065793275833
11372,472,0.1739533692598343
11373,473,0.03748605400323868
11374,473,0.17115075886249542
11375,473,0.19209666550159454
11376,473,0.09934750199317932
11377,473,0.02900966815650463
11378,473,0.24264049530029297
11379,473,0.11235470324754715
11380,473,0.10608775168657303
11381,473,0.09351226687431335
11382,473,0.07423719763755798
11383,473,0.1932937055826187
11384,473,0.16558992862701416
11385,473,0.1272100806236267
11386,473,0.07704492658376694
11387,474,0.07543271780014038
11388,474,0.17817839980125427
11389,474,0.16133829951286316
11390,474,0.11382171511650085
11391,474,0.12983396649360657
11392,474,0.07304196804761887
11393,474,0.06363484263420105
11394,474,0.03136974945664406
11395,474,0.11023332923650742
11396,474,0.2785857021808624
11397,474,0.11253588646650314
11398,474,0.10211565345525742
11399,474,0.12789592146873474
11400,474,0.21229903399944305
11401,474,0.07310936599969864
11402,474,0.11110448837280273
11403,474,0.36245715618133545
11404,474,0.2063446193933487
11405,474,0.2023521065711975
11406,474,0.2032826840877533
11407,474,0.15483886003494263
11408,475,0.12429250031709671
11409,475,0.12085671722888947
11410,475,0.16302186250686646
11411,475,0.10691949725151062
11412,475,0.24609549343585968
11413,475,0.1484811156988144
11414,475,0.12856397032737732
11415,475,0.12907157838344574
11416,475,0.1632007360458374
11417,475,0.19521081447601318
11418,475,0.1736229509115219
11419,475,0.03156645596027374
11420,475,0.3195975422859192
11421,475,0.44486480951309204
11422,475,0.12227383255958557
11423,475,0.11420231312513351
11424,475,0.21184001863002777
11425,476,0.11854752153158188
11426,476,0.16195601224899292
11427,476,0.0626513659954071
11428,476,0.20175716280937195
11429,476,0.19629834592342377
11430,476,0.15008698403835297
11431,476,0.11562426388263702
11432,476,0.08284212648868561
11433,476,0.08024796843528748
11434,476,0.13082672655582428
11435,476,0.1506611555814743
11436,476,0.05750580132007599
11437,476,0.16313692927360535
11438,476,0.2406897097826004
11439,476,0.15865519642829895
11440,476,0.16339345276355743
11441,476,0.16788478195667267
11442,476,0.1816193163394928
11443,477,0.30987808108329773
11444,477,0.26800644397735596
11445,477,0.08060745149850845
11446,477,0.1218007504940033
11447,477,0.16172753274440765
11448,477,0.07623522728681564
11449,477,0.2433222234249115
11450,477,0.26590391993522644
11451,477,0.2314174473285675
11452,477,0.11971829831600189
11453,477,0.263608455657959
11454,477,0.15027891099452972
11455,477,0.22085051238536835
11456,477,0.09981007874011993
11457,477,0.040227703750133514
11458,477,0.16869229078292847
11459,477,0.10342623293399811
11460,477,0.2593144178390503
11461,477,0.11343731731176376
11462,477,0.11823280900716782
11463,477,0.07230757176876068
11464,478,0.2086264193058014
11465,478,0.1491900533437729
11466,478,0.14159370958805084
11467,478,0.16302600502967834
11468,478,0.08688550442457199
11469,478,0.18305529654026031
11470,478,0.22526822984218597
11471,478,0.12383288145065308
11472,478,0.18169866502285004
11473,478,0.136086568236351
11474,478,0.128395676612854
11475,478,0.1624092310667038
11476,478,0.1297859400510788
11477,478,0.24982887506484985
11478,478,0.16181506216526031
11479,478,0.03901994228363037
11480,479,0.03234715759754181
11481,479,0.12309914082288742
11482,479,0.18044304847717285
11483,479,0.2081482857465744
11484,479,0.07092799991369247
11485,479,0.11757024377584457
11486,479,0.15890438854694366
11487,479,0.12574799358844757
11488,479,0.023127753287553787
11489,479,0.07086244970560074
11490,479,0.19560199975967407
11491,479,0.11963477730751038
11492,479,0.15489226579666138
11493,479,0.04032880812883377
11494,479,0.2035367488861084
11495,479,0.20709754526615143
11496,479,0.11863117665052414
11497,479,0.22591550648212433
11498,480,0.1076696366071701
11499,480,0.11632425338029861
11500,480,0.02604970708489418
11501,480,0.14576172828674316
11502,480,0.11574935168027878
11503,480,0.019334055483341217
11504,480,0.08163696527481079
11505,480,0.028783952817320824
11506,480,0.06130054593086243
11507,480,0.037277936935424805
11508,480,0.09335938096046448
11509,480,0.19682863354682922
11510,480,0.14561346173286438
11511,480,0.21074502170085907
11512,480,0.18256020545959473
11513,480,0.0930623710155487
11514,480,0.03345963731408119
11515,480,0.12043613195419312
11516,480,0.11707087606191635
11517,480,0.13494104146957397
11518,480,0.2113039493560791
11519,480,0.09297552704811096
11520,480,0.1236133873462677
11521,481,0.2588173449039459
11522,481,0.06322018057107925
11523,481,0.13518504798412323
11524,481,0.18531762063503265
11525,481,0.11839670687913895
11526,481,0.07563841342926025
11527,481,0.12905246019363403
11528,481,0.07205596566200256
11529,481,0.2081989347934723
11530,481,0.07014621794223785
11531,481,0.06440999358892441
11532,481,0.16823571920394897
11533,481,0.2174830436706543
11534,481,0.19534260034561157
11535,481,0.07157659530639648
11536,481,0.02976788766682148
11537,481,0.07611056417226791
11538,481,0.1113486960530281
11539,481,0.10363581031560898
11540,481,0.0694010779261589
11541,481,0.11810131371021271
11542,481,0.11003665626049042
11543,481,0.09278655797243118
11544,482,0.2434685379266739
11545,482,0.03964177146553993
11546,482,0.18502192199230194
11547,482,0.1926984339952469
11548,482,0.04575038328766823
11549,482,0.11598217487335205
11550,482,0.16626180708408356
11551,482,0.12058277428150177
11552,482,0.09815119951963425
11553,482,0.35616007447242737
11554,482,0.22937025129795074
11555,482,0.18944713473320007
11556,482,0.050456445664167404
11557,482,0.2938994765281677
11558,482,0.2829989492893219
11559,482,0.13065949082374573
11560,482,0.07485762983560562
11561,482,0.11137357354164124
11562,482,0.16651517152786255
11563,482,0.18112820386886597
11564,483,0.1686134934425354
11565,483,0.05722927674651146
11566,483,0.07955008745193481
11567,483,0.12146934121847153
11568,483,0.12461883574724197
11569,483,0.10097482800483704
11570,483,0.09672623872756958
11571,483,0.1742061972618103
11572,483,0.31592240929603577
11573,483,0.22365951538085938
11574,483,0.08203848451375961
11575,483,0.11098004877567291
11576,483,0.2764173150062561
11577,483,0.1657542884349823
11578,483,0.2689202129840851
11579,483,0.22429244220256805
11580,483,0.08138176798820496
11581,484,0.11546546220779419
11582,484,0.17028728127479553
11583,484,0.21840433776378632
11584,484,0.18727587163448334
11585,484,0.11404319852590561
11586,484,0.0717095285654068
11587,484,0.23235732316970825
11588,484,0.2001405954360962
11589,484,0.07484759390354156
11590,484,0.2420104593038559
11591,484,0.12220489978790283
11592,484,0.14759749174118042
11593,484,0.07980342209339142
11594,484,0.2287607491016388
11595,484,0.1086701974272728
11596,485,0.16605627536773682
11597,485,0.1837926208972931
11598,485,0.17615804076194763
11599,485,0.08238804340362549
11600,485,0.0650959312915802
11601,485,0.06936348974704742
11602,485,0.08981995284557343
11603,485,0.1358560174703598
11604,486,0.181487575173378
11605,486,0.25254228711128235
11606,486,0.1155373752117157
11607,486,0.17742957174777985
11608,486,0.1634925752878189
11609,486,0.2248215228319168
11610,486,0.2934122383594513
11611,486,0.17319396138191223
11612,486,0.11686800420284271
11613,486,0.1333637535572052
11614,486,0.12794733047485352
11615,486,0.12956440448760986
11616,486,0.20497339963912964
11617,486,0.22271037101745605
11618,486,0.1769315004348755
11619,486,0.029673982411623
11620,486,0.1849687248468399
11621,486,0.13650110363960266
11622,486,0.15263156592845917
11623,486,0.10665108263492584
11624,487,0.2685433626174927
11625,487,0.11681680381298065
11626,487,0.16244328022003174
11627,487,0.293348103761673
11628,487,0.1155211329460144
11629,487,0.20445555448532104
11630,487,0.16946347057819366
11631,487,0.11759355664253235
11632,487,0.2706027626991272
11633,487,0.1251065582036972
11634,487,0.2753433883190155
11635,487,0.07874312996864319
11636,487,0.16917265951633453
11637,487,0.0352279394865036
11638,487,0.10797814279794693
11639,487,0.24447621405124664
11640,487,0.26495131850242615
11641,487,0.029034258797764778
11642,487,0.1561053842306137
11643,487,0.14842489361763
11644,488,0.17764753103256226
11645,488,0.23138432204723358
11646,488,0.06134205311536789
11647,488,0.021323319524526596
11648,488,0.20085757970809937
11649,488,0.06520228832960129
11650,488,0.16117891669273376
11651,488,0.055393144488334656
11652,488,0.07513591647148132
11653,488,0.11843754351139069
11654,488,0.1601562201976776
11655,488,0.1483912318944931
11656,488,0.08580487221479416
11657,488,0.19265888631343842
11658,489,0.081919364631176
11659,489,0.17880785465240479
11660,489,0.21255137026309967
11661,489,0.2027449607849121
11662,489,0.2701520025730133
11663,489,0.10332196205854416
11664,489,0.106126569211483
11665,489,0.08070104569196701
11666,489,0.19227223098278046
11667,489,0.17842106521129608
11668,489,0.08274900168180466
11669,489,0.09593119472265244
11670,489,0.2414437085390091
11671,489,0.3012150526046753
11672,489,0.1643533557653427
11673,489,0.11698541045188904
11674,489,0.12212315201759338
11675,489,0.21119087934494019
11676,489,0.24229389429092407
11677,489,0.2482491135597229
11678,490,0.2040231078863144
11679,490,0.18060648441314697
11680,490,0.21280857920646667
11681,490,0.06927953660488129
11682,490,0.16859450936317444
11683,490,0.033237580209970474
11684,490,0.11401596665382385
11685,490,0.12481803447008133
11686,490,0.25526347756385803
11687,490,0.02848447486758232
11688,490,0.1236225888133049
11689,490,0.05161812901496887
11690,490,0.19983819127082825
11691,490,0.28296372294425964
11692,490,0.1350669115781784
11693,490,0.07570330798625946
11694,490,0.1251077651977539
11695,490,0.1833513081073761
11696,490,0.13207033276557922
11697,491,0.07427334785461426
11698,491,0.12297572195529938
11699,491,0.06718280911445618
11700,491,0.22849559783935547
11701,491,0.15723153948783875
11702,491,0.163325697183609
11703,491,0.11404351145029068
11704,491,0.09953399002552032
11705,491,0.27337193489074707
11706,491,0.1599835753440857
11707,491,0.028525162488222122
11708,492,0.12176749855279922
11709,492,0.131804957985878
11710,492,0.11602064967155457
11711,492,0.19574539363384247
11712,492,0.12986180186271667
11713,492,0.15279041230678558
11714,492,0.16355369985103607
11715,492,0.030849922448396683
11716,493,0.09556003659963608
11717,493,0.1139814555644989
11718,493,0.22769270837306976
11719,493,0.02622678317129612
11720,493,0.12180275470018387
11721,493,0.126214861869812
11722,493,0.022507918998599052
11723,493,0.07021340727806091
11724,493,0.027143588289618492
11725,493,0.22891850769519806
11726,493,0.16074581444263458
11727,493,0.07494521141052246
11728,493,0.21098315715789795
11729,493,0.036242470145225525
11730,493,0.11474831402301788
11731,493,0.2016320526599884
11732,493,0.2428707480430603
11733,493,0.23163016140460968
11734,493,0.1618022918701172
11735,493,0.12134584039449692
11736,493,0.1395116150379181
11737,493,0.1871640384197235
11738,494,0.1335468590259552
11739,494,0.1340908408164978
11740,494,0.11642597615718842
11741,494,0.0754675641655922
11742,494,0.06108856946229935
11743,494,0.2480197548866272
11744,494,0.10892710089683533
11745,494,0.030030017718672752
11746,494,0.23127105832099915
11747,494,0.029908347874879837
11748,494,0.019992347806692123
11749,494,0.1393888294696808
11750,494,0.03142942860722542
11751,494,0.019832607358694077
11752,494,0.12615670263767242
11753,494,0.17074352502822876
11754,494,0.07557986676692963
11755,494,0.3096391260623932
11756,495,0.28965017199516296
11757,495,0.10636026412248611
11758,495,0.08620066940784454
11759,495,0.1125439703464508
11760,495,0.15688863396644592
11761,495,0.07565250992774963
11762,495,0.07253777235746384
11763,495,0.07600445300340652
11764,495,0.15934555232524872
11765,495,0.19969584047794342
11766,495,0.06860663741827011
11767,495,0.19530044496059418
11768,495,0.12081471085548401
11769,495,0.224232017993927
11770,496,0.19722133874893188
11771,496,0.04101981595158577
11772,496,0.41332775354385376
11773,496,0.30619126558303833
11774,496,0.236044779419899
11775,496,0.1335616111755371
11776,496,0.03997509554028511
11777,496,0.25958049297332764
11778,497,0.18022312223911285
11779,497,0.12957744300365448
11780,497,0.03268551453948021
11781,497,0.13107189536094666
11782,497,0.16705435514450073
11783,497,0.19145651161670685
11784,497,0.12920407950878143
11785,497,0.1956917643547058
11786,497,0.12556375563144684
11787,497,0.13172268867492676
11788,497,0.11981849372386932
11789,497,0.07693015038967133
11790,497,0.11171993613243103
11791,497,0.1936395913362503
11792,497,0.07308477908372879
11793,497,0.17669546604156494
11794,497,0.12581075727939606
11795,497,0.17253249883651733
11796,497,0.1146911010146141
11797,497,0.13256670534610748
11798,497,0.2151821255683899
11799,497,0.12660379707813263
11800,497,0.097590871155262
11801,497,0.13642637431621552
11802,498,0.03194963186979294
11803,498,0.24306708574295044
11804,498,0.16009344160556793
11805,498,0.17714080214500427
11806,498,0.03332328051328659
11807,498,0.07524073123931885
11808,498,0.04771823436021805
11809,498,0.09749910235404968
11810,498,0.2134835422039032
11811,498,0.0765698105096817
11812,498,0.12906727194786072
11813,498,0.12257248163223267
11814,498,0.12656421959400177
11815,498,0.15511493384838104
11816,498,0.24189165234565735
11817,498,0.11651137471199036
11818,499,0.11135262995958328
11819,499,0.22408120334148407
11820,499,0.17678098380565643
11821,499,0.141153022646904
11822,499,0.08519550412893295
11823,499,0.07634365558624268
11824,499,0.23003876209259033
11825,499,0.1188943162560463
11826,499,0.06455842405557632
11827,499,0.06670831143856049
11828,499,0.18568097054958344
11829,499,0.07996885478496552
11830,499,0.16948235034942627
11831,499,0.1203175038099289
11832,499,0.16300241649150848
11833,499,0.2543641924858093
11834,500,0.07594747096300125
11835,500,0.23468580842018127
11836,500,0.044416457414627075
11837,500,0.06806940585374832
11838,500,0.08312563598155975
11839,500,0.1421058624982834
11840,500,0.17592324316501617
11841,500,0.12337816506624222
11842,500,0.1698983758687973
11843,500,0.16196835041046143
11844,500,0.0647025778889656
11845,500,0.17157942056655884
11846,500,0.08100584149360657
11847,500,0.12186803668737411
11848,500,0.07790923863649368
11849,500,0.23231241106987
11850,500,0.11854533851146698
11851,500,0.21902844309806824
11852,500,0.19637221097946167
11853,500,0.1262899786233902
11854,500,0.08138678222894669
11855,500,0.17427651584148407
11856,500,0.22967103123664856
11857,500,0.17348814010620117
11858,501,0.13119806349277496
11859,501,0.16033144295215607
11860,501,0.1523813158273697
11861,501,0.17477944493293762
11862,501,0.10921800881624222
11863,501,0.12513186037540436
11864,501,0.1461629867553711
11865,501,0.06677936762571335
11866,501,0.13879254460334778
11867,502,0.15808792412281036
11868,502,0.30178409814834595
11869,502,0.10005365312099457
11870,502,0.125596284866333
11871,502,0.16299620270729065
11872,502,0.21023991703987122
11873,502,0.0924566313624382
11874,502,0.2806088328361511
11875,502,0.1299581229686737
11876,502,0.025804786011576653
11877,502,0.10821979492902756
11878,502,0.19136972725391388
11879,502,0.15756548941135406
11880,502,0.09141507744789124
11881,502,0.0660470500588417
11882,503,0.17569726705551147
11883,503,0.08465442806482315
11884,503,0.13477088510990143
11885,503,0.2302526831626892
11886,503,0.0769287645816803
11887,503,0.08332153409719467
11888,503,0.19455379247665405
11889,503,0.0360548235476017
11890,503,0.0666428729891777
11891,503,0.08002554625272751
11892,503,0.07351227104663849
11893,503,0.2244890034198761
11894,503,0.13311433792114258
11895,503,0.1864846795797348
11896,503,0.37607139348983765
11897,503,0.08729861676692963
11898,503,0.06816323101520538
11899,503,0.15926432609558105
11900,503,0.22293375432491302
11901,504,0.22122777998447418
11902,504,0.0898980051279068
11903,504,0.3063288927078247
11904,504,0.3072894215583801
11905,504,0.11898043006658554
11906,504,0.12537585198879242
11907,504,0.08239353448152542
11908,504,0.08560019731521606
11909,504,0.08387394994497299
11910,504,0.01816105842590332
11911,504,0.02414129301905632
11912,504,0.17406919598579407
11913,504,0.12757687270641327
11914,504,0.02537536434829235
11915,504,0.1650928407907486
11916,504,0.3689371645450592
11917,504,0.07739882916212082
11918,505,0.09217239171266556
11919,505,0.15331745147705078
11920,505,0.14084838330745697
11921,505,0.21657498180866241
11922,505,0.07360890507698059
11923,505,0.01700407639145851
11924,505,0.06359066069126129
11925,505,0.1173442080616951
11926,505,0.021859461441636086
11927,505,0.07328318059444427
11928,505,0.10132550448179245
11929,505,0.01993708685040474
11930,505,0.45224449038505554
11931,505,0.07364064455032349
11932,505,0.16143110394477844
11933,505,0.066871277987957
11934,505,0.10501305758953094
11935,505,0.1729486882686615
11936,505,0.12473613023757935
11937,505,0.0745481327176094
11938,505,0.07275491952896118
11939,505,0.18079118430614471
11940,506,0.07539830356836319
11941,506,0.16592532396316528
11942,506,0.06434908509254456
11943,506,0.24383161962032318
11944,506,0.061322540044784546
11945,506,0.08523475378751755
11946,506,0.24314585328102112
11947,506,0.17805595695972443
11948,506,0.08850255608558655
11949,506,0.15310542285442352
11950,506,0.12711405754089355
11951,506,0.16623377799987793
11952,506,0.3841433823108673
11953,506,0.08670499920845032
11954,506,0.15384265780448914
11955,506,0.2646177113056183
11956,506,0.08954647183418274
11957,506,0.16857585310935974
11958,507,0.06540495902299881
11959,507,0.1980852335691452
11960,507,0.11683337390422821
11961,507,0.1613890528678894
11962,507,0.07984738051891327
11963,507,0.10451406240463257
11964,507,0.17566271126270294
11965,507,0.17937159538269043
11966,507,0.24312499165534973
11967,507,0.18763567507266998
11968,507,0.1264592409133911
11969,507,0.029185349121689796
11970,507,0.10369700193405151
11971,507,0.08096545934677124
11972,507,0.16856220364570618
11973,507,0.1712382286787033
11974,507,0.06982949376106262
11975,507,0.07403720915317535
11976,507,0.128224715590477
11977,507,0.12687498331069946
11978,508,0.07061754167079926
11979,508,0.2072363793849945
11980,508,0.06381544470787048
11981,508,0.14625784754753113
11982,508,0.21588383615016937
11983,508,0.2743358016014099
11984,508,0.0747450664639473
11985,508,0.13397297263145447
11986,508,0.18366394937038422
11987,508,0.026265377178788185
11988,508,0.17054088413715363
11989,508,0.1709885448217392
11990,508,0.13309909403324127
11991,508,0.17089760303497314
11992,508,0.19683393836021423
11993,509,0.1697005331516266
11994,509,0.22043895721435547
11995,509,0.10880450904369354
11996,509,0.08690206706523895
11997,509,0.11508187651634216
11998,509,0.07887839525938034
11999,509,0.18328338861465454
12000,509,0.25578802824020386
12001,509,0.1751241683959961
12002,509,0.1805092990398407
12003,509,0.3145917057991028
12004,509,0.24758665263652802
12005,509,0.2028394341468811
12006,509,0.08730614185333252
12007,509,0.07317380607128143
12008,509,0.2697179317474365
12009,509,0.42445653676986694
12010,509,0.17118874192237854
12011,509,0.11043865978717804
12012,509,0.17438869178295135
12013,509,0.21980443596839905
12014,509,0.07372666150331497
12015,510,0.3878174126148224
12016,510,0.26788023114204407
12017,510,0.18279413878917694
12018,510,0.26938962936401367
12019,510,0.13393865525722504
12020,510,0.14309875667095184
12021,510,0.13244405388832092
12022,510,0.17516514658927917
12023,510,0.1404908448457718
12024,510,0.15835250914096832
12025,510,0.08822906017303467
12026,510,0.17741794884204865
12027,510,0.18728725612163544
12028,510,0.12653054296970367
12029,510,0.037261780351400375
12030,510,0.27433210611343384
12031,510,0.14446215331554413
12032,510,0.13104775547981262
12033,510,0.024854810908436775
12034,510,0.13324782252311707
12035,510,0.06764879077672958
12036,511,0.22540073096752167
12037,511,0.17284922301769257
12038,511,0.07415196299552917
12039,511,0.12141811102628708
12040,511,0.1294926106929779
12041,511,0.08643760532140732
12042,511,0.22692476212978363
12043,511,0.1765466332435608
12044,511,0.2204924076795578
12045,511,0.1607445627450943
12046,511,0.2120106965303421
12047,511,0.0891730785369873
12048,511,0.14960569143295288
12049,511,0.07426010817289352
12050,511,0.08663899451494217
12051,511,0.12648873031139374
12052,511,0.11217881739139557
12053,512,0.07915761321783066
12054,512,0.17705655097961426
12055,512,0.21541419625282288
12056,512,0.12930725514888763
12057,512,0.1224871352314949
12058,512,0.142795130610466
12059,512,0.20220538973808289
12060,512,0.17551979422569275
12061,512,0.19878867268562317
12062,512,0.20327460765838623
12063,512,0.16143588721752167
12064,512,0.23351344466209412
12065,512,0.029002200812101364
12066,512,0.08980422466993332
12067,512,0.22569771111011505
12068,512,0.21515227854251862
12069,512,0.03591129183769226
12070,512,0.26998430490493774
12071,512,0.22644223272800446
12072,512,0.1444375365972519
12073,512,0.18092267215251923
12074,512,0.11831524223089218
12075,513,0.21456724405288696
12076,513,0.09829796850681305
12077,513,0.18759648501873016
12078,513,0.1427600234746933
12079,513,0.14639171957969666
12080,513,0.032206472009420395
12081,513,0.23534847795963287
12082,513,0.31239384412765503
12083,513,0.17042677104473114
12084,513,0.11647699773311615
12085,513,0.2343670278787613
12086,513,0.12883977591991425
12087,513,0.27490997314453125
12088,513,0.11761441826820374
12089,513,0.21084871888160706
12090,513,0.11661451309919357
12091,513,0.1395723670721054
12092,513,0.08930011838674545
12093,514,0.028940344229340553
12094,514,0.22274836897850037
12095,514,0.07737772911787033
12096,514,0.023506630212068558
12097,514,0.17860856652259827
12098,514,0.08230902999639511
12099,514,0.2801157832145691
12100,514,0.13301341235637665
12101,514,0.1287086009979248
12102,514,0.3118283748626709
12103,514,0.1504044234752655
12104,514,0.12899266183376312
12105,514,0.08801337331533432
12106,514,0.13671144843101501
12107,514,0.12340802699327469
12108,514,0.21644455194473267
12109,514,0.025381602346897125
12110,514,0.1141374260187149
12111,514,0.14046768844127655
12112,514,0.07121915370225906
12113,514,0.22577603161334991
12114,514,0.11929964274168015
12115,514,0.24357759952545166
12116,514,0.2449495643377304
12117,514,0.1313307285308838
12118,515,0.0654606968164444
12119,515,0.0778098851442337
12120,515,0.1332089602947235
12121,515,0.16724495589733124
12122,515,0.27025991678237915
12123,515,0.06891700625419617
12124,515,0.18029159307479858
12125,515,0.14937254786491394
12126,515,0.07792643457651138
12127,515,0.24003922939300537
12128,515,0.17428381741046906
12129,515,0.27798566222190857
12130,515,0.12420095503330231
12131,515,0.20719389617443085
12132,515,0.0969860702753067
12133,515,0.08971884101629257
12134,515,0.08487893640995026
12135,515,0.08093278110027313
12136,515,0.15210282802581787
12137,515,0.17855997383594513
12138,515,0.07034634053707123
12139,515,0.16436012089252472
12140,516,0.28051918745040894
12141,516,0.07150577008724213
12142,516,0.21535319089889526
12143,516,0.023760415613651276
12144,516,0.11168374121189117
12145,516,0.11077254265546799
12146,516,0.11107053607702255
12147,516,0.14815378189086914
12148,516,0.07041174918413162
12149,516,0.01947641745209694
12150,516,0.21803344786167145
12151,516,0.10488759726285934
12152,516,0.16540062427520752
12153,516,0.11307694762945175
12154,517,0.13449802994728088
12155,517,0.18156754970550537
12156,517,0.03363752365112305
12157,517,0.12194880098104477
12158,517,0.16951964795589447
12159,517,0.12626804411411285
12160,517,0.017745187506079674
12161,517,0.22267480194568634
12162,517,0.4147084653377533
12163,517,0.07660473138093948
12164,517,0.2742314338684082
12165,517,0.1278725266456604
12166,517,0.0884087085723877
12167,517,0.21621467173099518
12168,517,0.08422556519508362
12169,517,0.21209992468357086
12170,517,0.1929539442062378
12171,517,0.06958920508623123
12172,518,0.08773531019687653
12173,518,0.11713840067386627
12174,518,0.16198571026325226
12175,518,0.0253775455057621
12176,518,0.06795051693916321
12177,518,0.04254372417926788
12178,518,0.14604449272155762
12179,518,0.08569447696208954
12180,519,0.18586263060569763
12181,519,0.1095203086733818
12182,519,0.13563580811023712
12183,519,0.11344941705465317
12184,519,0.07284937053918839
12185,519,0.33144259452819824
12186,519,0.137611985206604
12187,519,0.08665725588798523
12188,519,0.02418036013841629
12189,519,0.23093870282173157
12190,519,0.23541033267974854
12191,519,0.07352495193481445
12192,519,0.07715417444705963
12193,519,0.2491529881954193
12194,519,0.13658197224140167
12195,520,0.12463325262069702
12196,520,0.12431766837835312
12197,520,0.3807793855667114
12198,520,0.22515533864498138
12199,520,0.09107022732496262
12200,520,0.10723993182182312
12201,520,0.07044002413749695
12202,520,0.07805849611759186
12203,520,0.12469600141048431
12204,520,0.22424693405628204
12205,520,0.17564207315444946
12206,520,0.07266935706138611
12207,520,0.2974035441875458
12208,520,0.12977561354637146
12209,521,0.11947791278362274
12210,521,0.09102881699800491
12211,521,0.10316535085439682
12212,521,0.07637887448072433
12213,521,0.1680680513381958
12214,521,0.132866770029068
12215,521,0.15277022123336792
12216,521,0.1948786824941635
12217,521,0.11239031702280045
12218,521,0.12141917645931244
12219,521,0.1991080939769745
12220,521,0.14799591898918152
12221,521,0.023079972714185715
12222,521,0.18421202898025513
12223,521,0.28859490156173706
12224,521,0.24244573712348938
12225,521,0.21755054593086243
12226,521,0.05410030484199524
12227,521,0.12510430812835693
12228,522,0.18959708511829376
12229,522,0.08499638736248016
12230,522,0.2746688723564148
12231,522,0.1766500473022461
12232,522,0.025562815368175507
12233,522,0.19179095327854156
12234,522,0.20721253752708435
12235,522,0.0716201439499855
12236,522,0.11524220556020737
12237,522,0.1344064474105835
12238,522,0.12904682755470276
12239,522,0.07097572833299637
12240,522,0.26387250423431396
12241,522,0.0897407978773117
12242,523,0.10537636280059814
12243,523,0.13224558532238007
12244,523,0.11761314421892166
12245,523,0.36547237634658813
12246,523,0.23001600801944733
12247,523,0.21208521723747253
12248,523,0.27076780796051025
12249,523,0.03105163387954235
12250,524,0.16710780560970306
12251,524,0.23576796054840088
12252,524,0.1072545051574707
12253,524,0.2281934916973114
12254,524,0.16748273372650146
12255,524,0.08308587968349457
12256,524,0.17190521955490112
12257,524,0.18164002895355225
12258,524,0.08304809033870697
12259,524,0.08694948256015778
12260,524,0.12499777972698212
12261,524,0.10770368576049805
12262,524,0.1231791228055954
12263,524,0.2342752069234848
12264,524,0.1944141685962677
12265,524,0.08097320795059204
12266,524,0.2353837788105011
12267,524,0.0834929496049881
12268,524,0.17128074169158936
12269,524,0.35274720191955566
12270,524,0.23503607511520386
12271,525,0.2502470910549164
12272,525,0.1012934073805809
12273,525,0.12802205979824066
12274,525,0.10209105163812637
12275,525,0.16948659718036652
12276,525,0.22945508360862732
12277,525,0.16467462480068207
12278,525,0.519340991973877
12279,525,0.2723296284675598
12280,525,0.19701790809631348
12281,525,0.263159841299057
12282,525,0.09269527345895767
12283,525,0.38132497668266296
12284,525,0.149672269821167
12285,526,0.2739076316356659
12286,526,0.2592926025390625
12287,526,0.04425722733139992
12288,526,0.24538663029670715
12289,526,0.15777656435966492
12290,526,0.19694100320339203
12291,526,0.08962143212556839
12292,526,0.09756982326507568
12293,526,0.19307945668697357
12294,526,0.03382281959056854
12295,526,0.16607651114463806
12296,526,0.11855698376893997
12297,526,0.18260714411735535
12298,526,0.0752645879983902
12299,526,0.13727614283561707
12300,526,0.2987992465496063
12301,526,0.16166375577449799
12302,526,0.1970767378807068
12303,526,0.09144138544797897
12304,526,0.06928247213363647
12305,527,0.28342875838279724
12306,527,0.08272894471883774
12307,527,0.17932862043380737
12308,527,0.18366119265556335
12309,527,0.22907410562038422
12310,527,0.07509060949087143
12311,527,0.06842724233865738
12312,527,0.156579852104187
12313,527,0.09578186273574829
12314,527,0.2151242047548294
12315,527,0.2522449195384979
12316,527,0.07450754940509796
12317,527,0.16641274094581604
12318,527,0.07986298203468323
12319,527,0.11715706437826157
12320,527,0.12155308574438095
12321,527,0.12140820175409317
12322,527,0.21007338166236877
12323,527,0.09360934793949127
12324,527,0.11992072314023972
12325,528,0.19849710166454315
12326,528,0.13410888612270355
12327,528,0.02294849418103695
12328,528,0.2359304428100586
12329,528,0.1693052351474762
12330,528,0.13108700513839722
12331,528,0.1223481073975563
12332,528,0.0743430107831955
12333,528,0.1162826344370842
12334,528,0.1792210042476654
12335,528,0.06912845373153687
12336,528,0.08747252076864243
12337,528,0.0825396180152893
12338,528,0.08163303136825562
12339,528,0.11634722352027893
12340,528,0.17449499666690826
12341,529,0.2751809060573578
12342,529,0.20980849862098694
12343,529,0.043283697217702866
12344,529,0.08324456214904785
12345,529,0.15096816420555115
12346,529,0.16598640382289886
12347,529,0.1676943004131317
12348,529,0.23529700934886932
12349,529,0.2726764678955078
12350,529,0.100441575050354
12351,529,0.1386760175228119
12352,529,0.17942868173122406
12353,529,0.22116418182849884
12354,529,0.07332669198513031
12355,529,0.12272625416517258
12356,530,0.07847669720649719
12357,530,0.26233869791030884
12358,530,0.13113000988960266
12359,530,0.14102645218372345
12360,530,0.13718633353710175
12361,530,0.17611302435398102
12362,530,0.14065960049629211
12363,530,0.07081831246614456
12364,530,0.16682343184947968
12365,530,0.07873120903968811
12366,530,0.28330862522125244
12367,530,0.1653784066438675
12368,531,0.180262953042984
12369,531,0.12902262806892395
12370,531,0.1325780302286148
12371,531,0.13218171894550323
12372,531,0.0762849971652031
12373,531,0.2452385574579239
12374,531,0.1689627319574356
12375,531,0.13746680319309235
12376,531,0.07353691756725311
12377,531,0.0813576802611351
12378,531,0.17433932423591614
12379,531,0.24850204586982727
12380,531,0.1381734013557434
12381,531,0.1747501790523529
12382,531,0.2220505326986313
12383,531,0.2211126834154129
12384,531,0.06821110844612122
12385,531,0.13370905816555023
12386,531,0.2963300943374634
12387,532,0.1285596787929535
12388,532,0.3602301776409149
12389,532,0.2332369089126587
12390,532,0.1065945103764534
12391,532,0.0898694097995758
12392,532,0.074941486120224
12393,532,0.2222795933485031
12394,532,0.026322899386286736
12395,533,0.19400525093078613
12396,533,0.1281556338071823
12397,533,0.24506613612174988
12398,533,0.2247934341430664
12399,533,0.032437317073345184
12400,533,0.24683181941509247
12401,533,0.21792550384998322
12402,533,0.07644881308078766
12403,533,0.083524689078331
12404,533,0.1363530457019806
12405,533,0.029897574335336685
12406,533,0.11872195452451706
12407,533,0.12154407054185867
12408,533,0.2271573543548584
12409,533,0.18670925498008728
12410,533,0.15426287055015564
12411,533,0.13831931352615356
12412,533,0.17454524338245392
12413,533,0.23316504061222076
12414,533,0.10873864591121674
12415,534,0.08314013481140137
12416,534,0.11200400441884995
12417,534,0.06549949198961258
12418,534,0.12880845367908478
12419,534,0.049097251147031784
12420,534,0.1471724659204483
12421,534,0.030550075694918633
12422,534,0.26757967472076416
12423,534,0.28786399960517883
12424,534,0.029968934133648872
12425,534,0.34408923983573914
12426,534,0.15047520399093628
12427,534,0.019041428342461586
12428,534,0.36170637607574463
12429,534,0.2517469823360443
12430,534,0.0787392258644104
12431,534,0.3072201907634735
12432,534,0.2196039855480194
12433,534,0.3620457649230957
12434,535,0.2269885241985321
12435,535,0.2324233055114746
12436,535,0.11409741640090942
12437,535,0.13685934245586395
12438,535,0.17936596274375916
12439,535,0.026094883680343628
12440,535,0.20887276530265808
12441,535,0.17819812893867493
12442,535,0.1310405284166336
12443,535,0.09589226543903351
12444,535,0.19606617093086243
12445,535,0.14376352727413177
12446,535,0.19579200446605682
12447,535,0.2674850523471832
12448,536,0.025340422987937927
12449,536,0.03232238441705704
12450,536,0.09083317220211029
12451,536,0.08282102644443512
12452,536,0.12952683866024017
12453,536,0.12985321879386902
12454,536,0.14022935926914215
12455,536,0.3407456576824188
12456,536,0.17911291122436523
12457,536,0.20203077793121338
12458,536,0.2693750262260437
12459,536,0.29006344079971313
12460,536,0.2732227146625519
12461,536,0.06961294263601303
12462,537,0.1805073320865631
12463,537,0.30600571632385254
12464,537,0.08060690015554428
12465,537,0.12808866798877716
12466,537,0.1987224966287613
12467,537,0.14617013931274414
12468,537,0.4027289152145386
12469,537,0.07626321911811829
12470,537,0.07762933522462845
12471,537,0.09686251729726791
12472,537,0.17579783499240875
12473,537,0.19530412554740906
12474,537,0.18469662964344025
12475,537,0.037266939878463745
12476,537,0.04318683221936226
12477,537,0.18148016929626465
12478,537,0.1313258856534958
12479,538,0.18555301427841187
12480,538,0.08574821054935455
12481,538,0.2615331709384918
12482,538,0.16459567844867706
12483,538,0.2111053168773651
12484,538,0.1002490371465683
12485,538,0.24520152807235718
12486,538,0.20223195850849152
12487,538,0.2315807044506073
12488,538,0.16288982331752777
12489,538,0.1942203938961029
12490,538,0.2793045938014984
12491,538,0.1550011932849884
12492,538,0.18782463669776917
12493,538,0.13162308931350708
12494,538,0.09749521315097809
12495,538,0.23803649842739105
12496,538,0.0770215317606926
12497,538,0.37527966499328613
12498,538,0.2610701024532318
12499,538,0.07449965178966522
12500,539,0.2003481239080429
12501,539,0.16438251733779907
12502,539,0.08351708203554153
12503,539,0.1471772938966751
12504,539,0.1802334040403366
12505,539,0.08607988804578781
12506,539,0.1814689189195633
12507,539,0.17860418558120728
12508,539,0.13872794806957245
12509,539,0.2469835728406906
12510,539,0.022319834679365158
12511,540,0.1455194056034088
12512,540,0.11212358623743057
12513,540,0.12857890129089355
12514,540,0.11392660439014435
12515,540,0.19309929013252258
12516,540,0.15485407412052155
12517,540,0.17167417705059052
12518,540,0.028744421899318695
12519,540,0.08195140212774277
12520,540,0.2524980306625366
12521,540,0.11485516279935837
12522,540,0.07939552515745163
12523,540,0.29247796535491943
12524,540,0.19837115705013275
12525,540,0.16766463220119476
12526,540,0.12440849840641022
12527,540,0.14357461035251617
12528,541,0.18818120658397675
12529,541,0.23067502677440643
12530,541,0.1919124722480774
12531,541,0.1337262988090515
12532,541,0.2578630745410919
12533,541,0.21570587158203125
12534,541,0.17421667277812958
12535,541,0.09279248118400574
12536,541,0.13538607954978943
12537,541,0.22755487263202667
12538,541,0.20953328907489777
12539,541,0.06703272461891174
12540,541,0.0875270813703537
12541,541,0.08264829963445663
12542,541,0.07846041023731232
12543,541,0.2500932812690735
12544,541,0.17289499938488007
12545,541,0.2359543889760971
12546,541,0.1842305064201355
12547,541,0.1469181776046753
12548,542,0.17328929901123047
12549,542,0.08914288878440857
12550,542,0.1318151354789734
12551,542,0.21951840817928314
12552,542,0.23065033555030823
12553,542,0.16584208607673645
12554,542,0.06768835335969925
12555,542,0.27673184871673584
12556,542,0.18350499868392944
12557,542,0.15719641745090485
12558,542,0.06870158761739731
12559,542,0.15252915024757385
12560,542,0.11173076927661896
12561,542,0.1514754742383957
12562,542,0.25451064109802246
12563,542,0.08524005115032196
12564,542,0.24106699228286743
12565,542,0.18464288115501404
12566,542,0.08891183137893677
12567,542,0.18702760338783264
12568,542,0.03855441138148308
12569,543,0.07030811905860901
12570,543,0.08629512786865234
12571,543,0.16658882796764374
12572,543,0.08695383369922638
12573,543,0.09328575432300568
12574,543,0.13031712174415588
12575,543,0.3455013632774353
12576,543,0.2660835385322571
12577,543,0.34626972675323486
12578,543,0.17609803378582
12579,543,0.18158341944217682
12580,543,0.2568439841270447
12581,543,0.16291606426239014
12582,543,0.03585416078567505
12583,543,0.12415723502635956
12584,543,0.13224686682224274
12585,543,0.24687786400318146
12586,544,0.025073539465665817
12587,544,0.1498732715845108
12588,544,0.12758052349090576
12589,544,0.10797053575515747
12590,544,0.07244796305894852
12591,544,0.06983722746372223
12592,544,0.15255916118621826
12593,544,0.1256038099527359
12594,544,0.1266443282365799
12595,544,0.027824711054563522
12596,544,0.13630825281143188
12597,544,0.13006749749183655
12598,544,0.22967031598091125
12599,544,0.2078613042831421
12600,544,0.06697854399681091
12601,544,0.2700466811656952
12602,544,0.23491612076759338
12603,545,0.18219412863254547
12604,545,0.20599500834941864
12605,545,0.13744889199733734
12606,545,0.21995922923088074
12607,545,0.10236034542322159
12608,545,0.11631440371274948
12609,545,0.1267915666103363
12610,545,0.018558409065008163
12611,545,0.0331898108124733
12612,545,0.07672307640314102
12613,545,0.3030816912651062
12614,545,0.13636638224124908
12615,545,0.2105710208415985
12616,545,0.1768885999917984
12617,545,0.12664438784122467
12618,545,0.12167917191982269
12619,546,0.10440995544195175
12620,546,0.17686106264591217
12621,546,0.08058086037635803
12622,546,0.2217913717031479
12623,546,0.07640113681554794
12624,546,0.18138667941093445
12625,546,0.25927144289016724
12626,546,0.0762171596288681
12627,546,0.19368724524974823
12628,546,0.022751931101083755
12629,546,0.08082129806280136
12630,546,0.09128224104642868
12631,546,0.0744660347700119
12632,546,0.20215919613838196
12633,546,0.01914704218506813
12634,546,0.08577342331409454
12635,546,0.16480731964111328
12636,546,0.14000608026981354
12637,546,0.09200523048639297
12638,546,0.24038276076316833
12639,546,0.2164381742477417
12640,546,0.11995687335729599
12641,547,0.10881452262401581
12642,547,0.18287862837314606
12643,547,0.04049469903111458
12644,547,0.2919933795928955
12645,547,0.1305937021970749
12646,547,0.2356930524110794
12647,547,0.1836858093738556
12648,547,0.16523605585098267
12649,547,0.26070767641067505
12650,547,0.22541046142578125
12651,547,0.07947647571563721
12652,547,0.03233040124177933
12653,547,0.15516623854637146
12654,547,0.086153544485569
12655,548,0.13681215047836304
12656,548,0.0918896272778511
12657,548,0.11537816375494003
12658,548,0.18730787932872772
12659,548,0.08496897667646408
12660,548,0.09558660537004471
12661,548,0.19405940175056458
12662,548,0.06338734179735184
12663,548,0.17388108372688293
12664,548,0.07732762396335602
12665,548,0.16502825915813446
12666,548,0.17626312375068665
12667,548,0.06543801724910736
12668,548,0.08560851216316223
12669,548,0.11531007289886475
12670,548,0.1500847488641739
12671,549,0.12543638050556183
12672,549,0.28519853949546814
12673,549,0.2629421353340149
12674,549,0.08891602605581284
12675,549,0.1248897835612297
12676,549,0.07761752605438232
12677,549,0.22208882868289948
12678,549,0.07789930701255798
12679,549,0.17832879722118378
12680,549,0.2077561765909195
12681,549,0.23065507411956787
12682,549,0.16943883895874023
12683,549,0.17457091808319092
12684,549,0.1874798983335495
12685,549,0.2612382769584656
12686,549,0.1386406421661377
12687,549,0.14162124693393707
12688,550,0.1517343819141388
12689,550,0.21393145620822906
12690,550,0.024365054443478584
12691,550,0.12244807183742523
12692,550,0.2108057141304016
12693,550,0.14507776498794556
12694,550,0.07368867099285126
12695,550,0.22120194137096405
12696,550,0.23881438374519348
12697,550,0.14911264181137085
12698,550,0.1496095359325409
12699,550,0.1400132179260254
12700,550,0.08206550031900406
12701,550,0.1416359841823578
12702,550,0.07699180394411087
12703,550,0.13469994068145752
12704,550,0.1630134880542755
12705,550,0.14658740162849426
12706,550,0.24487358331680298
12707,550,0.21546995639801025
12708,550,0.08032366633415222
12709,551,0.22325366735458374
12710,551,0.02383955754339695
12711,551,0.12273375689983368
12712,551,0.14145371317863464
12713,551,0.1994132399559021
12714,551,0.18963457643985748
12715,551,0.13142630457878113
12716,551,0.27652889490127563
12717,551,0.18150141835212708
12718,551,0.22441750764846802
12719,551,0.16063261032104492
12720,551,0.1301252394914627
12721,551,0.07729166001081467
12722,551,0.12537769973278046
12723,551,0.23911942541599274
12724,552,0.13598090410232544
12725,552,0.23925656080245972
12726,552,0.2124895304441452
12727,552,0.18341055512428284
12728,552,0.24321210384368896
12729,552,0.2811416983604431
12730,552,0.08768855035305023
12731,552,0.1474512219429016
12732,552,0.16056767106056213
12733,552,0.1863267570734024
12734,552,0.21643434464931488
12735,552,0.06338628381490707
12736,552,0.1326332986354828
12737,552,0.07039225846529007
12738,552,0.19329515099525452
12739,552,0.20448216795921326
12740,553,0.17170698940753937
12741,553,0.2241126149892807
12742,553,0.1898118406534195
12743,553,0.18648673593997955
12744,553,0.08107345551252365
12745,553,0.2551769018173218
12746,553,0.11896190047264099
12747,553,0.09718622267246246
12748,553,0.10893117636442184
12749,553,0.11822466552257538
12750,553,0.16768983006477356
12751,553,0.08539346605539322
12752,554,0.23675967752933502
12753,554,0.31314122676849365
12754,554,0.16780900955200195
12755,554,0.11804629862308502
12756,554,0.07783403992652893
12757,554,0.07454837113618851
12758,554,0.17454850673675537
12759,554,0.07544863224029541
12760,554,0.13082091510295868
12761,554,0.03715655580163002
12762,554,0.22550609707832336
12763,554,0.07076548039913177
12764,554,0.2722979485988617
12765,554,0.031716011464595795
12766,555,0.06927645206451416
12767,555,0.21054668724536896
12768,555,0.06730639934539795
12769,555,0.12290142476558685
12770,555,0.10809268057346344
12771,555,0.08742605149745941
12772,555,0.025772418826818466
12773,555,0.0718839019536972
12774,555,0.2108602374792099
12775,555,0.06503067165613174
12776,555,0.21325334906578064
12777,555,0.07815457135438919
12778,555,0.2388121485710144
12779,555,0.2251642495393753
12780,555,0.09662002325057983
12781,555,0.3202415406703949
12782,555,0.0846535935997963
12783,555,0.17113320529460907
12784,556,0.3092329204082489
12785,556,0.16545552015304565
12786,556,0.12864895164966583
12787,556,0.22023054957389832
12788,556,0.16740307211875916
12789,556,0.17305389046669006
12790,556,0.26968517899513245
12791,556,0.14775881171226501
12792,556,0.1794009804725647
12793,556,0.029556741937994957
12794,556,0.06586749106645584
12795,556,0.06990905851125717
12796,556,0.2263820767402649
12797,556,0.1664285808801651
12798,556,0.17698761820793152
12799,556,0.07206836342811584
12800,556,0.21752238273620605
12801,556,0.22284169495105743
12802,556,0.11922572553157806
12803,556,0.12895914912223816
12804,556,0.12084662169218063
12805,556,0.10189872980117798
12806,556,0.1709764301776886
12807,556,0.08014604449272156
12808,556,0.23287561535835266
12809,556,0.1324315220117569
12810,556,0.1807766705751419
12811,556,0.31846627593040466
12812,556,0.28328564763069153
12813,557,0.2244221568107605
12814,557,0.21345563232898712
12815,557,0.15796619653701782
12816,557,0.1751355230808258
12817,557,0.2675362825393677
12818,557,0.14552628993988037
12819,557,0.3571236729621887
12820,557,0.08440781384706497
12821,557,0.07125164568424225
12822,557,0.34015509486198425
12823,557,0.07326950877904892
12824,557,0.03206248581409454
12825,557,0.023690056055784225
12826,557,0.23110218346118927
12827,557,0.08502671122550964
12828,557,0.11452514678239822
12829,558,0.2925874590873718
12830,558,0.0784171000123024
12831,558,0.2026941329240799
12832,558,0.2930281460285187
12833,558,0.21436628699302673
12834,558,0.24356243014335632
12835,558,0.19175338745117188
12836,558,0.13166074454784393
12837,558,0.08333159983158112
12838,558,0.2709506154060364
12839,558,0.23684436082839966
12840,558,0.09204407036304474
12841,558,0.2633599042892456
12842,558,0.2718425691127777
12843,558,0.09228281676769257
12844,558,0.12569209933280945
12845,558,0.14762228727340698
12846,559,0.12739738821983337
12847,559,0.22270536422729492
12848,559,0.13920597732067108
12849,559,0.2031944990158081
12850,559,0.08316613733768463
12851,559,0.022317396476864815
12852,559,0.02860807254910469
12853,559,0.18190805613994598
12854,559,0.1990606188774109
12855,559,0.11258867383003235
12856,559,0.21563178300857544
12857,559,0.1906490921974182
12858,559,0.18365326523780823
12859,559,0.21672338247299194
12860,559,0.11787564307451248
12861,559,0.08582623302936554
12862,559,0.22638553380966187
12863,559,0.2353859394788742
12864,560,0.03698825463652611
12865,560,0.30234387516975403
12866,560,0.13327591121196747
12867,560,0.17430312931537628
12868,560,0.3224228322505951
12869,560,0.21640686690807343
12870,560,0.17938371002674103
12871,560,0.0849866271018982
12872,560,0.21570490300655365
12873,560,0.10876815021038055
12874,560,0.13323891162872314
12875,560,0.11972269415855408
12876,560,0.3247165083885193
12877,560,0.12394224107265472
12878,560,0.07318157702684402
12879,560,0.17383018136024475
12880,561,0.3228309154510498
12881,561,0.1829688996076584
12882,561,0.25018635392189026
12883,561,0.13272491097450256
12884,561,0.19626355171203613
12885,561,0.1365157812833786
12886,561,0.0763063058257103
12887,561,0.1173311248421669
12888,561,0.061903662979602814
12889,561,0.23388265073299408
12890,561,0.1667921394109726
12891,561,0.12150856107473373
12892,561,0.29255059361457825
12893,561,0.12939231097698212
12894,561,0.13146346807479858
12895,561,0.15656645596027374
12896,561,0.08578610420227051
12897,561,0.14958514273166656
12898,561,0.1350180208683014
12899,561,0.1807432770729065
12900,562,0.11544954031705856
12901,562,0.06548143178224564
12902,562,0.21205200254917145
12903,562,0.07807943224906921
12904,562,0.13052964210510254
12905,562,0.02641155943274498
12906,562,0.07512766122817993
12907,562,0.34585168957710266
12908,562,0.0855054035782814
12909,562,0.16865397989749908
12910,562,0.4284261167049408
12911,562,0.34467506408691406
12912,562,0.024354245513677597
12913,562,0.2643846273422241
12914,562,0.26515135169029236
12915,562,0.14719228446483612
12916,562,0.19255810976028442
12917,563,0.13123129308223724
12918,563,0.11679916083812714
12919,563,0.17286723852157593
12920,563,0.15479184687137604
12921,563,0.2602088749408722
12922,563,0.1227661743760109
12923,563,0.18059852719306946
12924,563,0.0733054131269455
12925,563,0.2070569396018982
12926,563,0.18677584826946259
12927,563,0.06741812080144882
12928,563,0.2197812795639038
12929,563,0.12183837592601776
12930,563,0.11343196034431458
12931,563,0.08351287990808487
12932,563,0.20130841434001923
12933,563,0.1232968121767044
12934,563,0.1373845636844635
12935,563,0.07711488753557205
12936,563,0.02124575339257717
12937,564,0.04721352085471153
12938,564,0.16938729584217072
12939,564,0.022747550159692764
12940,564,0.23341014981269836
12941,564,0.286914587020874
12942,564,0.1656782627105713
12943,564,0.24213214218616486
12944,564,0.044432468712329865
12945,564,0.024156805127859116
12946,564,0.15399186313152313
12947,564,0.18102777004241943
12948,564,0.16281381249427795
12949,564,0.19489510357379913
12950,564,0.13374759256839752
12951,564,0.22641435265541077
12952,564,0.13688288629055023
12953,564,0.17200425267219543
12954,565,0.09900715947151184
12955,565,0.30564218759536743
12956,565,0.2535116672515869
12957,565,0.14075517654418945
12958,565,0.15557590126991272
12959,565,0.08216776698827744
12960,565,0.3265053331851959
12961,565,0.1583486795425415
12962,565,0.3083162009716034
12963,565,0.08115788549184799
12964,565,0.07809276133775711
12965,565,0.11670725792646408
12966,565,0.11334924399852753
12967,565,0.305509090423584
12968,566,0.18942368030548096
12969,566,0.19209256768226624
12970,566,0.09247072786092758
12971,566,0.2746210992336273
12972,566,0.12743322551250458
12973,566,0.08140048384666443
12974,566,0.12327099591493607
12975,566,0.18287065625190735
12976,567,0.1722843497991562
12977,567,0.12404470890760422
12978,567,0.19401097297668457
12979,567,0.16314540803432465
12980,567,0.1351483315229416
12981,567,0.1803150624036789
12982,567,0.21350960433483124
12983,567,0.06960343569517136
12984,567,0.03177783265709877
12985,567,0.0667944848537445
12986,567,0.08432834595441818
12987,567,0.13946345448493958
12988,567,0.16414432227611542
12989,567,0.07136848568916321
12990,567,0.12603862583637238
12991,567,0.05961541458964348
12992,568,0.16445164382457733
12993,568,0.16924546658992767
12994,568,0.13449499011039734
12995,568,0.166230708360672
12996,568,0.12189549952745438
12997,568,0.12706178426742554
12998,568,0.3282860815525055
12999,568,0.12873531877994537
13000,568,0.06117977946996689
13001,568,0.2532322406768799
13002,568,0.32643333077430725
13003,568,0.1737177073955536
13004,568,0.08406923711299896
13005,568,0.10096888244152069
13006,569,0.1703270524740219
13007,569,0.33838149905204773
13008,569,0.08180207014083862
13009,569,0.147064670920372
13010,569,0.1399005651473999
13011,569,0.20516803860664368
13012,569,0.13118597865104675
13013,569,0.1184188723564148
13014,569,0.28630635142326355
13015,569,0.0612240731716156
13016,569,0.23244597017765045
13017,569,0.07020679116249084
13018,569,0.216291144490242
13019,569,0.08296042680740356
13020,569,0.17996107041835785
13021,569,0.06660345196723938
13022,569,0.09009106457233429
13023,569,0.24539893865585327
13024,569,0.12863127887248993
13025,569,0.2047586292028427
13026,569,0.1567671298980713
13027,570,0.0724724531173706
13028,570,0.20277787744998932
13029,570,0.3740854859352112
13030,570,0.38924700021743774
13031,570,0.14697684347629547
13032,570,0.12353681027889252
13033,570,0.08030335605144501
13034,570,0.14120528101921082
13035,570,0.18378856778144836
13036,570,0.029470007866621017
13037,570,0.1211414560675621
13038,570,0.33045029640197754
13039,570,0.07854428887367249
13040,570,0.17166462540626526
13041,570,0.15197479724884033
13042,570,0.1438487470149994
13043,570,0.1694718301296234
13044,570,0.18137824535369873
13045,570,0.0834801197052002
13046,570,0.17648771405220032
13047,570,0.2206302136182785
13048,571,0.08615554869174957
13049,571,0.2763471305370331
13050,571,0.10860385000705719
13051,571,0.22998705506324768
13052,571,0.02224714122712612
13053,571,0.16584795713424683
13054,571,0.07957512140274048
13055,571,0.072224922478199
13056,571,0.14166359603405
13057,571,0.11104384064674377
13058,571,0.22543592751026154
13059,571,0.07704940438270569
13060,571,0.2837933897972107
13061,571,0.19002820551395416
13062,571,0.28737151622772217
13063,571,0.16383816301822662
13064,571,0.1160271018743515
13065,571,0.34358081221580505
13066,571,0.08205652236938477
13067,572,0.15307161211967468
13068,572,0.023646127432584763
13069,572,0.034668102860450745
13070,572,0.12163183838129044
13071,572,0.1019103080034256
13072,572,0.1440029889345169
13073,572,0.02364746294915676
13074,572,0.19275221228599548
13075,572,0.16988354921340942
13076,572,0.19901272654533386
13077,572,0.1455310881137848
13078,572,0.12859368324279785
13079,572,0.0378289520740509
13080,572,0.07150048017501831
13081,572,0.13742360472679138
13082,572,0.10505018383264542
13083,572,0.020848818123340607
13084,572,0.13251115381717682
13085,572,0.3847310543060303
13086,572,0.2789505124092102
13087,572,0.1398564577102661
13088,573,0.34802326560020447
13089,573,0.2741425037384033
13090,573,0.3074706494808197
13091,573,0.0929635614156723
13092,573,0.1276157647371292
13093,573,0.13592134416103363
13094,573,0.12564364075660706
13095,573,0.34626147150993347
13096,573,0.22052821516990662
13097,573,0.18448375165462494
13098,573,0.09093192964792252
13099,573,0.0927925556898117
13100,573,0.23414604365825653
13101,573,0.08454868197441101
13102,573,0.12107326090335846
13103,573,0.15088370442390442
13104,573,0.13902080059051514
13105,573,0.19437576830387115
13106,573,0.3424617350101471
13107,573,0.128026083111763
13108,573,0.16611522436141968
13109,573,0.13399279117584229
13110,574,0.3247305154800415
13111,574,0.22796356678009033
13112,574,0.033445537090301514
13113,574,0.18323343992233276
13114,574,0.22559697926044464
13115,574,0.07070781290531158
13116,574,0.06480541080236435
13117,574,0.21849636733531952
13118,574,0.1299123764038086
13119,574,0.36348116397857666
13120,574,0.026897912845015526
13121,574,0.17718292772769928
13122,574,0.08642134815454483
13123,574,0.13115717470645905
13124,574,0.3884614408016205
13125,574,0.08949189633131027
13126,574,0.19643805921077728
13127,575,0.13500693440437317
13128,575,0.02623562514781952
13129,575,0.07762332260608673
13130,575,0.07965558767318726
13131,575,0.13534703850746155
13132,575,0.11632981151342392
13133,575,0.3854982554912567
13134,575,0.11468680202960968
13135,575,0.11972151696681976
13136,575,0.07215376943349838
13137,575,0.14025188982486725
13138,575,0.24022433161735535
13139,575,0.17766112089157104
13140,575,0.17602771520614624
13141,575,0.24616536498069763
13142,575,0.15169182419776917
13143,575,0.1221056655049324
13144,575,0.19092606008052826
13145,575,0.22215183079242706
13146,575,0.3606397211551666
13147,575,0.2789401710033417
13148,575,0.2716982960700989
13149,576,0.2480296641588211
13150,576,0.0851765051484108
13151,576,0.3044392764568329
13152,576,0.11867991834878922
13153,576,0.22383040189743042
13154,576,0.20580872893333435
13155,576,0.07076866179704666
13156,576,0.2090131640434265
13157,576,0.16272875666618347
13158,577,0.24340029060840607
13159,577,0.28784218430519104
13160,577,0.21288996934890747
13161,577,0.14095889031887054
13162,577,0.1587349772453308
13163,577,0.17623160779476166
13164,577,0.1230781227350235
13165,577,0.13785749673843384
13166,577,0.07600473612546921
13167,577,0.2159615010023117
13168,577,0.11425261199474335
13169,577,0.08511725813150406
13170,577,0.0318143256008625
13171,577,0.01861266978085041
13172,577,0.18759822845458984
13173,577,0.3696553707122803
13174,577,0.1679115891456604
13175,577,0.3589631915092468
13176,577,0.17881272733211517
13177,577,0.15415897965431213
13178,577,0.2607834041118622
13179,577,0.17856964468955994
13180,578,0.08085572719573975
13181,578,0.11891445517539978
13182,578,0.23121900856494904
13183,578,0.17577803134918213
13184,578,0.0860392153263092
13185,578,0.13354788720607758
13186,578,0.09495922923088074
13187,578,0.07034290581941605
13188,578,0.142315074801445
13189,578,0.13996146619319916
13190,578,0.11884653568267822
13191,578,0.07511799037456512
13192,578,0.215999037027359
13193,578,0.11177483946084976
13194,578,0.1361110657453537
13195,578,0.13919514417648315
13196,578,0.119960255920887
13197,578,0.15711963176727295
13198,578,0.09505528956651688
13199,578,0.15940234065055847
13200,578,0.12443867325782776
13201,579,0.2006799727678299
13202,579,0.16392548382282257
13203,579,0.13521619141101837
13204,579,0.06693236529827118
13205,579,0.11795881390571594
13206,579,0.18728052079677582
13207,579,0.08372712135314941
13208,579,0.08862116187810898
13209,580,0.1936938464641571
13210,580,0.11011268198490143
13211,580,0.04932098463177681
13212,580,0.18939772248268127
13213,580,0.2000221312046051
13214,580,0.261781245470047
13215,580,0.21897868812084198
13216,580,0.21039502322673798
13217,580,0.0645376518368721
13218,580,0.12401986867189407
13219,580,0.28186899423599243
13220,580,0.08270132541656494
13221,580,0.18205875158309937
13222,580,0.12574054300785065
13223,580,0.10077134519815445
13224,580,0.11091070622205734
13225,580,0.13934971392154694
13226,580,0.02311290055513382
13227,581,0.1762167066335678
13228,581,0.14634773135185242
13229,581,0.08324755728244781
13230,581,0.2899405062198639
13231,581,0.3572876453399658
13232,581,0.06733758747577667
13233,581,0.1667226105928421
13234,581,0.13326185941696167
13235,581,0.09296002238988876
13236,581,0.19079715013504028
13237,581,0.12401213496923447
13238,581,0.20947293937206268
13239,581,0.08378112316131592
13240,581,0.21120986342430115
13241,581,0.12023122608661652
13242,581,0.10069026052951813
13243,581,0.24276237189769745
13244,581,0.3595837652683258
13245,581,0.22716569900512695
13246,581,0.02651989832520485
13247,581,0.07444459199905396
13248,581,0.13813850283622742
13249,582,0.2377970963716507
13250,582,0.21520189940929413
13251,582,0.11480863392353058
13252,582,0.08849181979894638
13253,582,0.026594674214720726
13254,582,0.2349121868610382
13255,582,0.19282090663909912
13256,582,0.14462579786777496
13257,582,0.21530182659626007
13258,582,0.07984991371631622
13259,582,0.12104345858097076
13260,582,0.2426624447107315
13261,582,0.16664956510066986
13262,582,0.2406923770904541
13263,582,0.10269314795732498
13264,582,0.11903004348278046
13265,582,0.3162924349308014
13266,582,0.035886991769075394
13267,582,0.30951377749443054
13268,582,0.22690211236476898
13269,582,0.08274979144334793
13270,582,0.08958996087312698
13271,583,0.13372787833213806
13272,583,0.12203581631183624
13273,583,0.17766517400741577
13274,583,0.12957040965557098
13275,583,0.1499219536781311
13276,583,0.34783872961997986
13277,583,0.12276174128055573
13278,583,0.02430979534983635
13279,583,0.07098384201526642
13280,583,0.13548775017261505
13281,583,0.24003927409648895
13282,583,0.19764338433742523
13283,584,0.07998182624578476
13284,584,0.1380120813846588
13285,584,0.21541021764278412
13286,584,0.212140291929245
13287,584,0.12237153947353363
13288,584,0.0740988478064537
13289,584,0.17697177827358246
13290,584,0.14210493862628937
13291,584,0.19804581999778748
13292,584,0.1894078105688095
13293,585,0.16592320799827576
13294,585,0.2953534424304962
13295,585,0.19788773357868195
13296,585,0.29476404190063477
13297,585,0.18288281559944153
13298,585,0.05853109434247017
13299,585,0.12441140413284302
13300,585,0.22170691192150116
13301,585,0.11890695244073868
13302,585,0.18041741847991943
13303,585,0.2389969676733017
13304,585,0.130777508020401
13305,585,0.06887886673212051
13306,585,0.032682158052921295
13307,585,0.1933349072933197
13308,585,0.0810040682554245
13309,585,0.08192840218544006
13310,585,0.02693381905555725
13311,585,0.14759467542171478
13312,586,0.13554689288139343
13313,586,0.22606737911701202
13314,586,0.07901410758495331
13315,586,0.25699669122695923
13316,586,0.12121766805648804
13317,586,0.1212291494011879
13318,586,0.33750447630882263
13319,586,0.08758892863988876
13320,586,0.13762333989143372
13321,586,0.015484296716749668
13322,586,0.07008994370698929
13323,586,0.1440722942352295
13324,586,0.18164728581905365
13325,586,0.16825640201568604
13326,586,0.027658574283123016
13327,586,0.12653210759162903
13328,586,0.11696729063987732
13329,586,0.3735458254814148
13330,586,0.13162371516227722
13331,586,0.0666034147143364
13332,586,0.07252392917871475
13333,586,0.11814326792955399
13334,587,0.17414411902427673
13335,587,0.12672488391399384
13336,587,0.2505479156970978
13337,587,0.18112260103225708
13338,587,0.1368185132741928
13339,587,0.14460964500904083
13340,587,0.17806865274906158
13341,587,0.06840597093105316
13342,587,0.034078843891620636
13343,587,0.0239791851490736
13344,587,0.10212539881467819
13345,587,0.14040565490722656
13346,587,0.16440337896347046
13347,587,0.15608443319797516
13348,587,0.11226881295442581
13349,587,0.27116793394088745
13350,587,0.030411602929234505
13351,587,0.21412837505340576
13352,587,0.21392697095870972
13353,587,0.2285652458667755
13354,587,0.21171008050441742
13355,588,0.2259051501750946
13356,588,0.1282840371131897
13357,588,0.26261088252067566
13358,588,0.1655583530664444
13359,588,0.2496817409992218
13360,588,0.18126516044139862
13361,588,0.17572498321533203
13362,588,0.34004226326942444
13363,588,0.183280348777771
13364,588,0.14607396721839905
13365,588,0.2157815843820572
13366,589,0.18967875838279724
13367,589,0.07555515319108963
13368,589,0.14296993613243103
13369,589,0.12809106707572937
13370,589,0.06389009952545166
13371,589,0.09340886026620865
13372,589,0.17942748963832855
13373,589,0.21254239976406097
13374,589,0.2238166332244873
13375,589,0.27858269214630127
13376,589,0.18726570904254913
13377,589,0.24755464494228363
13378,589,0.28695979714393616
13379,589,0.08832544088363647
13380,589,0.08232993632555008
13381,589,0.13982394337654114
13382,589,0.12880346179008484
13383,589,0.18871843814849854
13384,589,0.1334596425294876
13385,589,0.12110861390829086
13386,590,0.20526060461997986
13387,590,0.09532700479030609
13388,590,0.12199658900499344
13389,590,0.2660459578037262
13390,590,0.07192156463861465
13391,590,0.2690204381942749
13392,590,0.2123364508152008
13393,590,0.2511674761772156
13394,590,0.28142493963241577
13395,590,0.1899028867483139
13396,590,0.1425461322069168
13397,590,0.2389870285987854
13398,590,0.1886128932237625
13399,590,0.16967716813087463
13400,590,0.08269127458333969
13401,590,0.20059645175933838
13402,590,0.1492670178413391
13403,590,0.08677832037210464
13404,590,0.10854749381542206
13405,590,0.19832715392112732
13406,590,0.20088259875774384
13407,591,0.1675821840763092
13408,591,0.20692411065101624
13409,591,0.09086529910564423
13410,591,0.0828450545668602
13411,591,0.19386999309062958
13412,591,0.2853204607963562
13413,591,0.16491161286830902
13414,591,0.09789717942476273
13415,591,0.03339443355798721
13416,591,0.22277632355690002
13417,591,0.17319221794605255
13418,591,0.14117875695228577
13419,591,0.19871361553668976
13420,591,0.23163576424121857
13421,591,0.1813654601573944
13422,591,0.1912536919116974
13423,591,0.3454696536064148
13424,591,0.2941744327545166
13425,591,0.15622109174728394
13426,591,0.07543834298849106
13427,591,0.17805176973342896
13428,592,0.12848229706287384
13429,592,0.14892587065696716
13430,592,0.07070225477218628
13431,592,0.07720939069986343
13432,592,0.14035564661026
13433,592,0.13089995086193085
13434,592,0.18459874391555786
13435,592,0.16940976679325104
13436,592,0.02451203018426895
13437,592,0.12973403930664062
13438,592,0.07685209810733795
13439,592,0.18268369138240814
13440,592,0.015285501256585121
13441,592,0.12699852883815765
13442,592,0.22431807219982147
13443,592,0.3809738755226135
13444,592,0.2919163405895233
13445,592,0.12303400784730911
13446,592,0.13795801997184753
13447,592,0.17677387595176697
13448,592,0.15303096175193787
13449,592,0.08618541806936264
13450,593,0.17255765199661255
13451,593,0.22097992897033691
13452,593,0.17685768008232117
13453,593,0.17974376678466797
13454,593,0.08953642100095749
13455,593,0.20971062779426575
13456,593,0.2737419605255127
13457,593,0.07805617153644562
13458,593,0.11901062726974487
13459,593,0.15668223798274994
13460,593,0.22241373360157013
13461,593,0.2694814205169678
13462,593,0.2869294583797455
13463,593,0.14860081672668457
13464,593,0.13031631708145142
13465,593,0.26130399107933044
13466,593,0.17842912673950195
13467,593,0.17580167949199677
13468,593,0.31847327947616577
13469,593,0.24395424127578735
13470,593,0.1829446405172348
13471,594,0.33178701996803284
13472,594,0.12773072719573975
13473,594,0.3003448247909546
13474,594,0.12304378300905228
13475,594,0.1152162179350853
13476,594,0.13690273463726044
13477,594,0.2206118404865265
13478,594,0.13597844541072845
13479,594,0.12816180288791656
13480,594,0.09222573041915894
13481,594,0.0831652283668518
13482,594,0.17003189027309418
13483,594,0.06589040160179138
13484,595,0.15879665315151215
13485,595,0.15366315841674805
13486,595,0.3936448097229004
13487,595,0.26253771781921387
13488,595,0.1240275576710701
13489,595,0.19591230154037476
13490,595,0.04075762256979942
13491,595,0.13233354687690735
13492,595,0.19416823983192444
13493,595,0.07748208194971085
13494,595,0.11455649137496948
13495,595,0.2502151131629944
13496,595,0.08305326849222183
13497,596,0.2625619173049927
13498,596,0.08716587722301483
13499,596,0.15458223223686218
13500,596,0.2186269760131836
13501,596,0.1265631467103958
13502,596,0.07425108551979065
13503,596,0.40246155858039856
13504,596,0.1380912959575653
13505,596,0.07392848283052444
13506,596,0.2553149163722992
13507,596,0.12158402800559998
13508,596,0.23584416508674622
13509,596,0.16417065262794495
13510,596,0.12391801923513412
13511,596,0.18022951483726501
13512,596,0.06850854307413101
13513,597,0.12196360528469086
13514,597,0.25928986072540283
13515,597,0.06357955932617188
13516,597,0.03002624772489071
13517,597,0.18652573227882385
13518,597,0.17064131796360016
13519,597,0.16678929328918457
13520,597,0.1369011402130127
13521,597,0.1419088989496231
13522,597,0.08254063129425049
13523,597,0.13076962530612946
13524,597,0.024702169001102448
13525,597,0.24073156714439392
13526,597,0.1375078707933426
13527,597,0.11901544779539108
13528,597,0.17371535301208496
13529,597,0.13538038730621338
13530,597,0.3322121500968933
13531,597,0.14665062725543976
13532,597,0.17931948602199554
13533,597,0.1204349547624588
13534,598,0.2537941336631775
13535,598,0.11437755823135376
13536,598,0.11996889114379883
13537,598,0.15301696956157684
13538,598,0.03681337088346481
13539,598,0.17087827622890472
13540,598,0.18103232979774475
13541,598,0.1823468655347824
13542,598,0.1426585614681244
13543,598,0.18787196278572083
13544,598,0.24784158170223236
13545,599,0.18466892838478088
13546,599,0.47064751386642456
13547,599,0.24788083136081696
13548,599,0.14228230714797974
13549,599,0.1562533676624298
13550,599,0.19069796800613403
13551,599,0.1026821881532669
13552,599,0.08412358164787292
13553,599,0.24419009685516357
13554,599,0.2219299077987671
13555,599,0.07944127172231674
13556,599,0.14535431563854218
13557,599,0.24095892906188965
13558,599,0.11410047113895416
13559,599,0.28894808888435364
13560,599,0.14537715911865234
13561,599,0.14194101095199585
13562,599,0.2482074797153473
13563,599,0.19877642393112183
13564,599,0.20463570952415466
13565,599,0.1950167566537857
13566,600,0.19028989970684052
13567,600,0.19813016057014465
13568,600,0.2040918469429016
13569,600,0.16723762452602386
13570,600,0.13010363280773163
13571,600,0.13913676142692566
13572,600,0.24981902539730072
13573,600,0.24370314180850983
13574,600,0.08453432470560074
13575,600,0.06743406504392624
13576,600,0.34542471170425415
13577,601,0.08967962861061096
13578,601,0.2081470936536789
13579,601,0.11950357258319855
13580,601,0.17628377676010132
13581,601,0.22413504123687744
13582,601,0.08176706731319427
13583,601,0.20269018411636353
13584,601,0.03906087577342987
13585,601,0.420722633600235
13586,601,0.26287803053855896
13587,601,0.28533002734184265
13588,601,0.08393792808055878
13589,601,0.08016163110733032
13590,601,0.24043849110603333
13591,601,0.11411489546298981
13592,601,0.22605402767658234
13593,601,0.1379992812871933
13594,601,0.11074065417051315
13595,601,0.08559103310108185
13596,601,0.26238736510276794
13597,601,0.13516029715538025
13598,601,0.13264861702919006
13599,602,0.12335467338562012
13600,602,0.13220059871673584
13601,602,0.2556707262992859
13602,602,0.09531798958778381
13603,602,0.17904964089393616
13604,602,0.23505473136901855
13605,602,0.1844950169324875
13606,602,0.08704927563667297
13607,602,0.3781616687774658
13608,602,0.02111910842359066
13609,602,0.2971423268318176
13610,602,0.24132780730724335
13611,602,0.19370776414871216
13612,602,0.20505377650260925
13613,602,0.1468273401260376
13614,603,0.13814356923103333
13615,603,0.15084442496299744
13616,603,0.23982566595077515
13617,603,0.30516108870506287
13618,603,0.07740365713834763
13619,603,0.06843321025371552
13620,603,0.13769687712192535
13621,603,0.14250457286834717
13622,603,0.07498833537101746
13623,603,0.019803153350949287
13624,603,0.17526470124721527
13625,603,0.08595284819602966
13626,603,0.3042563796043396
13627,604,0.2554119825363159
13628,604,0.1760767251253128
13629,604,0.16736817359924316
13630,604,0.11840285360813141
13631,604,0.17179957032203674
13632,604,0.17752684652805328
13633,604,0.12160062044858932
13634,604,0.1383669525384903
13635,604,0.15601946413516998
13636,604,0.14213943481445312
13637,604,0.12660051882266998
13638,605,0.2491430938243866
13639,605,0.025226302444934845
13640,605,0.30084094405174255
13641,605,0.06533900648355484
13642,605,0.11857631802558899
13643,605,0.17863106727600098
13644,605,0.08343689143657684
13645,605,0.1874864101409912
13646,605,0.37610623240470886
13647,605,0.03108171559870243
13648,605,0.1968190222978592
13649,606,0.22580371797084808
13650,606,0.14061850309371948
13651,606,0.12268154323101044
13652,606,0.185516357421875
13653,606,0.1304944008588791
13654,606,0.017377788200974464
13655,606,0.24627578258514404
13656,606,0.02635999210178852
13657,606,0.061594296246767044
13658,606,0.3086770474910736
13659,606,0.18379852175712585
13660,606,0.17756637930870056
13661,606,0.1931464821100235
13662,606,0.1822085827589035
13663,606,0.19120527803897858
13664,607,0.06982798129320145
13665,607,0.16397979855537415
13666,607,0.18195396661758423
13667,607,0.07115107774734497
13668,607,0.1927923560142517
13669,607,0.2752036154270172
13670,607,0.19330808520317078
13671,607,0.24333010613918304
13672,607,0.07223574817180634
13673,607,0.04038038104772568
13674,607,0.1417500078678131
13675,607,0.1581798642873764
13676,607,0.08169782906770706
13677,607,0.27717965841293335
13678,607,0.2591710686683655
13679,607,0.07829049974679947
13680,607,0.17905765771865845
13681,608,0.34395238757133484
13682,608,0.029502974823117256
13683,608,0.12217875570058823
13684,608,0.18333443999290466
13685,608,0.13035139441490173
13686,608,0.19909028708934784
13687,608,0.08688344061374664
13688,608,0.24580739438533783
13689,609,0.22868867218494415
13690,609,0.2985483705997467
13691,609,0.23777490854263306
13692,609,0.22329078614711761
13693,609,0.2532067894935608
13694,609,0.24309805035591125
13695,609,0.28204619884490967
13696,609,0.06321798264980316
13697,609,0.08464045822620392
13698,609,0.11902579665184021
13699,609,0.2028358280658722
13700,609,0.13809208571910858
13701,609,0.327709823846817
13702,609,0.12515899538993835
13703,609,0.2633998692035675
13704,609,0.06787680089473724
13705,609,0.16863161325454712
13706,609,0.1332656741142273
13707,609,0.13010580837726593
13708,609,0.1890047788619995
13709,610,0.1729089319705963
13710,610,0.12422144412994385
13711,610,0.20435860753059387
13712,610,0.2756979763507843
13713,610,0.1375742107629776
13714,610,0.12454183399677277
13715,610,0.13707198202610016
13716,610,0.030517665669322014
13717,610,0.3324989378452301
13718,610,0.0842805951833725
13719,610,0.13394154608249664
13720,610,0.23460859060287476
13721,610,0.21934151649475098
13722,610,0.1693422645330429
13723,610,0.28569355607032776
13724,610,0.19687199592590332
13725,610,0.031595855951309204
13726,610,0.20800060033798218
13727,611,0.11933127790689468
13728,611,0.17786726355552673
13729,611,0.08528677374124527
13730,611,0.2284020036458969
13731,611,0.2191726118326187
13732,611,0.24554544687271118
13733,611,0.2871491611003876
13734,611,0.21993450820446014
13735,611,0.2506032884120941
13736,611,0.32727813720703125
13737,611,0.12095070630311966
13738,611,0.1293763965368271
13739,611,0.17524273693561554
13740,611,0.0750165730714798
13741,611,0.09945031255483627
13742,611,0.28789177536964417
13743,611,0.13117961585521698
13744,612,0.18314644694328308
13745,612,0.1820477545261383
13746,612,0.32724183797836304
13747,612,0.176655575633049
13748,612,0.23129719495773315
13749,612,0.12976209819316864
13750,612,0.06127671152353287
13751,612,0.15979981422424316
13752,612,0.026836875826120377
13753,612,0.18245694041252136
13754,612,0.18322888016700745
13755,612,0.06359031051397324
13756,612,0.0781812071800232
13757,612,0.29045167565345764
13758,612,0.1819543093442917
13759,613,0.3201907277107239
13760,613,0.01765897125005722
13761,613,0.21073728799819946
13762,613,0.09566684067249298
13763,613,0.10816194117069244
13764,613,0.14922112226486206
13765,613,0.31479787826538086
13766,613,0.03961968421936035
13767,613,0.1838945746421814
13768,613,0.07888780534267426
13769,614,0.17557722330093384
13770,614,0.29225897789001465
13771,614,0.2022431492805481
13772,614,0.15241049230098724
13773,614,0.17266622185707092
13774,614,0.07344202697277069
13775,614,0.13000887632369995
13776,614,0.2112146019935608
13777,614,0.3340913951396942
13778,614,0.2925778329372406
13779,614,0.280143678188324
13780,614,0.3126688003540039
13781,614,0.2761809527873993
13782,614,0.13993923366069794
13783,614,0.1860746443271637
13784,614,0.19499844312667847
13785,614,0.14436236023902893
13786,614,0.19212332367897034
13787,614,0.11821547150611877
13788,615,0.06932394206523895
13789,615,0.09367131441831589
13790,615,0.08192462474107742
13791,615,0.18559345602989197
13792,615,0.1794227957725525
13793,615,0.023378286510705948
13794,615,0.18848459422588348
13795,615,0.13668937981128693
13796,615,0.11789080500602722
13797,615,0.20953622460365295
13798,615,0.08753722906112671
13799,615,0.12817348539829254
13800,615,0.2815887928009033
13801,615,0.1305881142616272
13802,615,0.27559036016464233
13803,615,0.19135040044784546
13804,615,0.30160951614379883
13805,615,0.1905578076839447
13806,615,0.2202528864145279
13807,615,0.17871582508087158
13808,616,0.12856143712997437
13809,616,0.024187540635466576
13810,616,0.08853654563426971
13811,616,0.1414966732263565
13812,616,0.29567164182662964
13813,616,0.017367135733366013
13814,616,0.10857417434453964
13815,616,0.26034221053123474
13816,616,0.21641124784946442
13817,616,0.1298113316297531
13818,616,0.1706405133008957
13819,616,0.020790353417396545
13820,616,0.28403958678245544
13821,616,0.22392380237579346
13822,616,0.327924907207489
13823,616,0.08897437155246735
13824,616,0.22415581345558167
13825,616,0.032804131507873535
13826,616,0.028043968603014946
13827,616,0.17845146358013153
13828,616,0.22883273661136627
13829,616,0.1614789068698883
13830,616,0.13058069348335266
13831,617,0.07376265525817871
13832,617,0.29906460642814636
13833,617,0.08506838977336884
13834,617,0.026893623173236847
13835,617,0.250036358833313
13836,617,0.23767675459384918
13837,617,0.13605327904224396
13838,617,0.34910061955451965
13839,617,0.1153484582901001
13840,617,0.14408211410045624
13841,617,0.22423051297664642
13842,617,0.13440567255020142
13843,617,0.13204148411750793
13844,617,0.08835126459598541
13845,617,0.2323082685470581
13846,617,0.14809805154800415
13847,617,0.07762683928012848
13848,617,0.14021015167236328
13849,617,0.08405113965272903
13850,617,0.24982111155986786
13851,617,0.13719461858272552
13852,617,0.12790445983409882
13853,618,0.09024512022733688
13854,618,0.1473165601491928
13855,618,0.1290304958820343
13856,618,0.1935519576072693
13857,618,0.1424322873353958
13858,618,0.22286243736743927
13859,618,0.17717421054840088
13860,618,0.17725661396980286
13861,618,0.06487839668989182
13862,618,0.22478118538856506
13863,618,0.07199051231145859
13864,618,0.05883752182126045
13865,619,0.27156323194503784
13866,619,0.4089818000793457
13867,619,0.06155645102262497
13868,619,0.1219414547085762
13869,619,0.08868201076984406
13870,619,0.25200602412223816
13871,619,0.2801312804222107
13872,619,0.28362369537353516
13873,619,0.03885297104716301
13874,619,0.29352593421936035
13875,619,0.06912361085414886
13876,619,0.11502254009246826
13877,619,0.14686624705791473
13878,619,0.14401865005493164
13879,619,0.1239272728562355
13880,619,0.2610328197479248
13881,619,0.15145447850227356
13882,620,0.2314155548810959
13883,620,0.22881482541561127
13884,620,0.2529588043689728
13885,620,0.07002227753400803
13886,620,0.1909826099872589
13887,620,0.10960239171981812
13888,620,0.13423462212085724
13889,620,0.09981590509414673
13890,620,0.12463947385549545
13891,620,0.3690057396888733
13892,620,0.17008370161056519
13893,620,0.30379578471183777
13894,620,0.06942722201347351
13895,620,0.03132038936018944
13896,620,0.07108913362026215
13897,620,0.19454699754714966
13898,620,0.07247612625360489
13899,620,0.2438098043203354
13900,620,0.21099600195884705
13901,620,0.12038861215114594
13902,620,0.08181564509868622
13903,621,0.14069506525993347
13904,621,0.1933685839176178
13905,621,0.18616998195648193
13906,621,0.13233090937137604
13907,621,0.13926662504673004
13908,621,0.1952390968799591
13909,621,0.10950934141874313
13910,621,0.12521909177303314
13911,621,0.12400878965854645
13912,621,0.23373262584209442
13913,621,0.12609943747520447
13914,621,0.0921933501958847
13915,621,0.1498531997203827
13916,621,0.21023720502853394
13917,621,0.11643479764461517
13918,621,0.3394334316253662
13919,621,0.28905150294303894
13920,621,0.08653430640697479
13921,621,0.12833228707313538
13922,621,0.34176599979400635
13923,621,0.22760342061519623
13924,621,0.3111318051815033
13925,622,0.1495865285396576
13926,622,0.129892036318779
13927,622,0.11853675544261932
13928,622,0.14265704154968262
13929,622,0.23676413297653198
13930,622,0.3353748619556427
13931,622,0.11005070805549622
13932,622,0.12656846642494202
13933,622,0.3152430057525635
13934,622,0.2676796615123749
13935,622,0.3386971652507782
13936,622,0.10567072033882141
13937,622,0.08369233459234238
13938,622,0.0795147493481636
13939,622,0.09768033027648926
13940,622,0.14168088138103485
13941,622,0.07809781283140182
13942,622,0.12404502183198929
13943,623,0.13334906101226807
13944,623,0.3123120963573456
13945,623,0.24708527326583862
13946,623,0.13500577211380005
13947,623,0.1802055388689041
13948,623,0.19171422719955444
13949,623,0.32693976163864136
13950,623,0.02572036348283291
13951,623,0.1988392025232315
13952,623,0.24078494310379028
13953,623,0.05834990367293358
13954,623,0.1872369796037674
13955,623,0.11515074968338013
13956,623,0.15621672570705414
13957,623,0.09094476699829102
13958,623,0.13854356110095978
13959,624,0.4740363359451294
13960,624,0.1439446359872818
13961,624,0.18458402156829834
13962,624,0.08130630105733871
13963,624,0.14008688926696777
13964,624,0.024238262325525284
13965,624,0.1528724730014801
13966,624,0.06515172868967056
13967,624,0.13552451133728027
13968,624,0.1871502846479416
13969,624,0.1368483006954193
13970,624,0.17255762219429016
13971,624,0.2900906205177307
13972,624,0.18107829988002777
13973,624,0.286337673664093
13974,624,0.1434241533279419
13975,624,0.24322587251663208
13976,624,0.11922145634889603
13977,625,0.07764257490634918
13978,625,0.2002047747373581
13979,625,0.13383646309375763
13980,625,0.22129982709884644
13981,625,0.13934428989887238
13982,625,0.0778222605586052
13983,625,0.11309299618005753
13984,625,0.1161000207066536
13985,625,0.019882649183273315
13986,625,0.3004096448421478
13987,625,0.2671066224575043
13988,625,0.24288596212863922
13989,625,0.08152012526988983
13990,625,0.22879652678966522
13991,625,0.2903274595737457
13992,625,0.032264746725559235
13993,625,0.06522426754236221
13994,625,0.16911855340003967
13995,625,0.2292388379573822
13996,625,0.2072126418352127
13997,625,0.19440743327140808
13998,625,0.23451349139213562
13999,626,0.12405642122030258
14000,626,0.2688691318035126
14001,626,0.17305204272270203
14002,626,0.09225229173898697
14003,626,0.2492794245481491
14004,626,0.08796021342277527
14005,626,0.08154817670583725
14006,626,0.3054596483707428
14007,626,0.13828472793102264
14008,626,0.16724203526973724
14009,627,0.2955029606819153
14010,627,0.10087175667285919
14011,627,0.0472993329167366
14012,627,0.2035573124885559
14013,627,0.2464066445827484
14014,627,0.12811601161956787
14015,627,0.1415756195783615
14016,627,0.2881692945957184
14017,627,0.1279379278421402
14018,627,0.04972466826438904
14019,627,0.11421550810337067
14020,627,0.29431289434432983
14021,627,0.18139652907848358
14022,627,0.2656688392162323
14023,627,0.27713435888290405
14024,627,0.2251742035150528
14025,627,0.11799747496843338
14026,627,0.2539333701133728
14027,627,0.1338915079832077
14028,627,0.028515782207250595
14029,628,0.1388688087463379
14030,628,0.07667619735002518
14031,628,0.09917978942394257
14032,628,0.1517404019832611
14033,628,0.1622861921787262
14034,628,0.25904330611228943
14035,628,0.06285973638296127
14036,628,0.13007579743862152
14037,628,0.23174071311950684
14038,628,0.13196098804473877
14039,628,0.33516037464141846
14040,628,0.18739473819732666
14041,628,0.27003350853919983
14042,628,0.12031669914722443
14043,628,0.16002589464187622
14044,628,0.16265276074409485
14045,628,0.020269853994250298
14046,629,0.1351768970489502
14047,629,0.08398919552564621
14048,629,0.3128109574317932
14049,629,0.11236985772848129
14050,629,0.1360875815153122
14051,629,0.027832355350255966
14052,629,0.14129473268985748
14053,629,0.1893579363822937
14054,629,0.11690101027488708
14055,629,0.17626219987869263
14056,629,0.3567884862422943
14057,630,0.126358762383461
14058,630,0.2193063646554947
14059,630,0.11918488144874573
14060,630,0.06545021384954453
14061,630,0.02792719379067421
14062,630,0.1629370003938675
14063,630,0.21314720809459686
14064,630,0.3846207559108734
14065,630,0.1398417055606842
14066,630,0.12852005660533905
14067,630,0.12351648509502411
14068,630,0.19706203043460846
14069,630,0.11431469023227692
14070,631,0.17437966167926788
14071,631,0.2707946002483368
14072,631,0.0699063241481781
14073,631,0.07838216423988342
14074,631,0.30725380778312683
14075,631,0.11998573690652847
14076,631,0.020884433761239052
14077,631,0.18840014934539795
14078,631,0.018551617860794067
14079,631,0.22278420627117157
14080,631,0.11408557742834091
14081,631,0.2981369197368622
14082,631,0.24725529551506042
14083,631,0.13278327882289886
14084,631,0.18841172754764557
14085,631,0.14167770743370056
14086,631,0.11266691982746124
14087,631,0.24642054736614227
14088,631,0.2353646159172058
14089,631,0.19487611949443817
14090,631,0.22677911818027496
14091,631,0.1325995922088623
14092,631,0.030344324186444283
14093,631,0.14222872257232666
14094,632,0.19253799319267273
14095,632,0.24503882229328156
14096,632,0.12416532635688782
14097,632,0.2056579440832138
14098,632,0.024473680183291435
14099,632,0.18584498763084412
14100,632,0.23092828691005707
14101,632,0.29788678884506226
14102,632,0.1994195580482483
14103,632,0.17871002852916718
14104,632,0.0891401469707489
14105,632,0.2436978667974472
14106,632,0.24133744835853577
14107,632,0.2621520161628723
14108,633,0.21108682453632355
14109,633,0.10791831463575363
14110,633,0.02216927707195282
14111,633,0.14091235399246216
14112,633,0.20516617596149445
14113,633,0.04239386320114136
14114,633,0.02705838903784752
14115,633,0.18717963993549347
14116,633,0.18935823440551758
14117,633,0.2475895881652832
14118,633,0.22180113196372986
14119,633,0.17682650685310364
14120,633,0.18817561864852905
14121,633,0.13083107769489288
14122,633,0.134038507938385
14123,633,0.0868767499923706
14124,633,0.1292676478624344
14125,633,0.24820370972156525
14126,633,0.2192569077014923
14127,633,0.09545726329088211
14128,633,0.03454744815826416
14129,634,0.2376316785812378
14130,634,0.12244489789009094
14131,634,0.1733112931251526
14132,634,0.08831232786178589
14133,634,0.07337833940982819
14134,634,0.03952411562204361
14135,634,0.11433354020118713
14136,634,0.0892176404595375
14137,634,0.12788018584251404
14138,634,0.2872837781906128
14139,634,0.124080590903759
14140,634,0.24816295504570007
14141,634,0.12599168717861176
14142,634,0.01806434988975525
14143,634,0.13277360796928406
14144,634,0.0213353019207716
14145,634,0.22031192481517792
14146,634,0.12163688987493515
14147,634,0.18902912735939026
14148,634,0.11882195621728897
14149,634,0.17479534447193146
14150,634,0.1510913372039795
14151,634,0.2154092937707901
14152,634,0.03750569373369217
14153,634,0.22191408276557922
14154,634,0.08973671495914459
14155,634,0.17871089279651642
14156,635,0.17941370606422424
14157,635,0.19048123061656952
14158,635,0.11011394113302231
14159,635,0.1836584508419037
14160,635,0.06871340423822403
14161,635,0.14083100855350494
14162,635,0.17082564532756805
14163,635,0.13160111010074615
14164,635,0.1792757213115692
14165,635,0.12640996277332306
14166,635,0.23161357641220093
14167,635,0.14111576974391937
14168,635,0.02193942479789257
14169,635,0.34833791851997375
14170,635,0.23755283653736115
14171,635,0.14057177305221558
14172,635,0.1656275987625122
14173,635,0.11563337594270706
14174,635,0.015575247816741467
14175,635,0.08777997642755508
14176,635,0.2324405312538147
14177,636,0.19408617913722992
14178,636,0.09701760113239288
14179,636,0.13308455049991608
14180,636,0.08934388309717178
14181,636,0.1690070629119873
14182,636,0.14026640355587006
14183,636,0.13441279530525208
14184,636,0.1745414435863495
14185,637,0.16760589182376862
14186,637,0.2418234497308731
14187,637,0.07289047539234161
14188,637,0.11679975688457489
14189,637,0.18668296933174133
14190,637,0.2873879671096802
14191,637,0.18697991967201233
14192,637,0.23258182406425476
14193,637,0.13851527869701385
14194,637,0.20156991481781006
14195,637,0.23010492324829102
14196,637,0.235100656747818
14197,637,0.13321080803871155
14198,637,0.18539945781230927
14199,638,0.0758516862988472
14200,638,0.32874324917793274
14201,638,0.12324634939432144
14202,638,0.18214192986488342
14203,638,0.09442072361707687
14204,638,0.17672988772392273
14205,638,0.07347109168767929
14206,638,0.06831712275743484
14207,638,0.10934305936098099
14208,638,0.08250252902507782
14209,638,0.16204187273979187
14210,638,0.3734993040561676
14211,638,0.18217335641384125
14212,638,0.18952323496341705
14213,638,0.09701139479875565
14214,638,0.13640716671943665
14215,638,0.18690036237239838
14216,638,0.14387153089046478
14217,638,0.21285004913806915
14218,638,0.1798761487007141
14219,638,0.17809201776981354
14220,638,0.13117751479148865
14221,638,0.30009278655052185
14222,639,0.07137028872966766
14223,639,0.21873801946640015
14224,639,0.17467756569385529
14225,639,0.13191238045692444
14226,639,0.03218812867999077
14227,639,0.07959707826375961
14228,639,0.05949746072292328
14229,639,0.28190377354621887
14230,640,0.32083046436309814
14231,640,0.026927920058369637
14232,640,0.17679119110107422
14233,640,0.17075669765472412
14234,640,0.21826714277267456
14235,640,0.11602995544672012
14236,640,0.30315643548965454
14237,640,0.13146904110908508
14238,640,0.10995166003704071
14239,640,0.18995320796966553
14240,640,0.3035091757774353
14241,640,0.17561142146587372
14242,641,0.142247274518013
14243,641,0.13180965185165405
14244,641,0.06795691698789597
14245,641,0.29549258947372437
14246,641,0.07797003537416458
14247,641,0.14262865483760834
14248,641,0.1266666203737259
14249,641,0.17992883920669556
14250,641,0.2918368875980377
14251,641,0.08242995291948318
14252,641,0.17375525832176208
14253,641,0.30604198575019836
14254,641,0.26872795820236206
14255,641,0.138198122382164
14256,641,0.020100126042962074
14257,641,0.07356256246566772
14258,641,0.2208012342453003
14259,641,0.10835424065589905
14260,641,0.19784867763519287
14261,641,0.08497938513755798
14262,641,0.27090325951576233
14263,642,0.2384377419948578
14264,642,0.0773363783955574
14265,642,0.13430346548557281
14266,642,0.343291699886322
14267,642,0.15335527062416077
14268,642,0.12531104683876038
14269,642,0.1942775547504425
14270,642,0.23941028118133545
14271,642,0.30527380108833313
14272,642,0.2793712019920349
14273,642,0.13397453725337982
14274,642,0.1843636929988861
14275,642,0.1761680543422699
14276,643,0.1705872267484665
14277,643,0.08583513647317886
14278,643,0.19482696056365967
14279,643,0.18157900869846344
14280,643,0.2592458724975586
14281,643,0.22137948870658875
14282,643,0.13491640985012054
14283,643,0.08126860857009888
14284,643,0.1751267910003662
14285,643,0.2201954424381256
14286,643,0.24761837720870972
14287,643,0.016832120716571808
14288,644,0.26760101318359375
14289,644,0.18353770673274994
14290,644,0.1093137338757515
14291,644,0.12890416383743286
14292,644,0.17599837481975555
14293,644,0.12142813205718994
14294,644,0.12816542387008667
14295,644,0.09032601118087769
14296,645,0.12009957432746887
14297,645,0.13111372292041779
14298,645,0.3502698242664337
14299,645,0.23922023177146912
14300,645,0.18105044960975647
14301,645,0.07881603389978409
14302,645,0.08083131164312363
14303,645,0.12067271769046783
14304,645,0.27777260541915894
14305,645,0.07997041940689087
14306,645,0.08695539832115173
14307,645,0.18124999105930328
14308,645,0.24680250883102417
14309,645,0.32701149582862854
14310,645,0.24113990366458893
14311,645,0.26533809304237366
14312,645,0.1278516799211502
14313,645,0.3278493583202362
14314,645,0.1423724740743637
14315,645,0.18974491953849792
14316,646,0.13591110706329346
14317,646,0.1740361452102661
14318,646,0.21970875561237335
14319,646,0.1979132890701294
14320,646,0.31640955805778503
14321,646,0.18223820626735687
14322,646,0.0804835632443428
14323,646,0.14349780976772308
14324,646,0.13571245968341827
14325,646,0.0906054750084877
14326,646,0.33265379071235657
14327,646,0.018961619585752487
14328,646,0.09605409950017929
14329,646,0.1991664469242096
14330,646,0.1823633462190628
14331,646,0.13054320216178894
14332,646,0.19360724091529846
14333,646,0.08239428699016571
14334,646,0.2368338704109192
14335,646,0.3391766846179962
14336,646,0.13352784514427185
14337,646,0.13129088282585144
14338,646,0.13250096142292023
14339,647,0.14919675886631012
14340,647,0.13566964864730835
14341,647,0.0873211994767189
14342,647,0.13614784181118011
14343,647,0.18532440066337585
14344,647,0.1739903688430786
14345,647,0.16899551451206207
14346,647,0.30784013867378235
14347,647,0.02993454784154892
14348,647,0.06938214600086212
14349,647,0.19317568838596344
14350,647,0.14330387115478516
14351,647,0.22802957892417908
14352,647,0.1386624127626419
14353,647,0.22299189865589142
14354,647,0.1402418613433838
14355,647,0.19788500666618347
14356,647,0.18844608962535858
14357,648,0.13393211364746094
14358,648,0.06761503219604492
14359,648,0.09174446016550064
14360,648,0.18079115450382233
14361,648,0.07128800451755524
14362,648,0.091239333152771
14363,648,0.18150782585144043
14364,648,0.18149329721927643
14365,648,0.13506938517093658
14366,648,0.15682047605514526
14367,648,0.13137860596179962
14368,648,0.2786509096622467
14369,648,0.07882341742515564
14370,648,0.0906604751944542
14371,648,0.168211430311203
14372,648,0.09048620611429214
14373,648,0.144303560256958
14374,648,0.18397699296474457
14375,648,0.13815099000930786
14376,648,0.12913595139980316
14377,648,0.13391731679439545
14378,648,0.12782852351665497
14379,648,0.08595159649848938
14380,649,0.07645294815301895
14381,649,0.2203167825937271
14382,649,0.3750782310962677
14383,649,0.130663201212883
14384,649,0.11800214648246765
14385,649,0.17037928104400635
14386,649,0.12089129537343979
14387,649,0.2224421352148056
14388,649,0.22231711447238922
14389,649,0.06945229321718216
14390,649,0.13016293942928314
14391,649,0.12926334142684937
14392,649,0.17348627746105194
14393,649,0.07624738663434982
14394,649,0.16773658990859985
14395,649,0.23876765370368958
14396,649,0.22226502001285553
14397,649,0.13226090371608734
14398,650,0.12555678188800812
14399,650,0.23239140212535858
14400,650,0.018948938697576523
14401,650,0.018488112837076187
14402,650,0.18309740722179413
14403,650,0.1689143180847168
14404,650,0.023686256259679794
14405,650,0.22074417769908905
14406,650,0.23763516545295715
14407,650,0.07840292155742645
14408,650,0.07320196181535721
14409,650,0.1908208280801773
14410,650,0.1315547525882721
14411,650,0.1831555962562561
14412,650,0.1793290227651596
14413,650,0.14151926338672638
14414,650,0.17913715541362762
14415,650,0.23934713006019592
14416,650,0.39421990513801575
14417,650,0.07692581415176392
14418,650,0.22999447584152222
