optimization_step,episode,loss
1,4,0.4520255923271179
2,4,0.466516375541687
3,4,0.5080193877220154
4,4,0.2607324421405792
5,4,0.26125234365463257
6,4,0.1475435346364975
7,4,0.203513503074646
8,4,0.1448974311351776
9,4,0.13765768706798553
10,4,0.1438390016555786
11,4,0.11123059689998627
12,4,0.07010342925786972
13,4,0.11334648728370667
14,4,0.07162026315927505
15,4,0.055527664721012115
16,4,0.06959077715873718
17,4,0.061140257865190506
18,4,0.23724514245986938
19,4,0.20504392683506012
20,4,0.08191881328821182
21,4,0.06582581251859665
22,4,0.04928657039999962
23,4,0.06420369446277618
24,4,0.04798536002635956
25,4,0.059886861592531204
26,4,0.0441955104470253
27,5,0.05242455005645752
28,5,0.18879790604114532
29,5,0.03411256894469261
30,5,0.02625749446451664
31,5,0.032435934990644455
32,5,0.1900373101234436
33,5,0.03274158760905266
34,5,0.03012995980679989
35,5,0.027954814955592155
36,5,0.02517460286617279
37,5,0.02808348275721073
38,5,0.020923100411891937
39,5,0.016878783702850342
40,5,0.017559967935085297
41,5,0.025547480210661888
42,5,0.010938498191535473
43,5,0.023387933149933815
44,5,0.03580135852098465
45,5,0.018173977732658386
46,5,0.013225293718278408
47,5,0.04627107456326485
48,5,0.026171434670686722
49,5,0.019662149250507355
50,5,0.1888328343629837
51,5,0.1876598596572876
52,5,0.013195010833442211
53,5,0.1765970140695572
54,5,0.017568428069353104
55,5,0.026478182524442673
56,5,0.18541575968265533
57,5,0.026651490479707718
58,5,0.1839490532875061
59,5,0.015727972611784935
60,5,0.0199030339717865
61,5,0.015967674553394318
62,5,0.01541203074157238
63,5,0.17105142772197723
64,5,0.022911744192242622
65,5,0.01926599070429802
66,5,0.008211730979382992
67,5,0.03123200684785843
68,5,0.022490745410323143
69,5,0.01659921370446682
70,5,0.014978112652897835
71,5,0.01252196915447712
72,5,0.019693290814757347
73,5,0.011830582283437252
74,5,0.016847781836986542
75,5,0.013660049065947533
76,5,0.17423038184642792
77,5,0.013671286404132843
78,5,0.016041520982980728
79,5,0.014557519927620888
80,5,0.17558422684669495
81,5,0.014043042436242104
82,5,0.014785433188080788
83,5,0.02396019548177719
84,5,0.05442008376121521
85,5,0.023259444162249565
86,5,0.018155083060264587
87,5,0.014595725573599339
88,5,0.014158290810883045
89,5,0.029950834810733795
90,5,0.018892735242843628
91,5,0.02552245929837227
92,5,0.026873799040913582
93,5,0.019327668473124504
94,5,0.013499187305569649
95,5,0.01625560037791729
96,5,0.012276018038392067
97,5,0.01819581538438797
98,5,0.024238619953393936
99,5,0.021585999056696892
100,5,0.015176238492131233
101,5,0.007374294102191925
102,5,0.01159919798374176
103,5,0.006903701461851597
104,5,0.01234499178826809
105,5,0.024644169956445694
106,5,0.008380670100450516
107,5,0.004605341237038374
108,5,0.02277017943561077
109,5,0.00680956058204174
110,5,0.022774983197450638
111,5,0.00969594344496727
112,5,0.02099309302866459
113,5,0.010187809355556965
114,5,0.014889184385538101
115,5,0.01760859787464142
116,5,0.009319267235696316
117,5,0.01940878853201866
118,5,0.013254314661026001
119,5,0.010501923970878124
120,5,0.01442153099924326
121,5,0.01149019319564104
122,5,0.010050913318991661
123,5,0.01340944692492485
124,5,0.022628579288721085
125,5,0.005216206889599562
126,5,0.019943222403526306
127,5,0.006334288511425257
128,5,0.020996352657675743
129,5,0.16615745425224304
130,5,0.007488845847547054
131,5,0.005658471491187811
132,5,0.01797308772802353
133,5,0.18500977754592896
134,5,0.023572860285639763
135,5,0.013840685598552227
136,5,0.009415589272975922
137,5,0.013312811963260174
138,5,0.008485552854835987
139,5,0.005477489437907934
140,5,0.010129448026418686
141,5,0.016340456902980804
142,5,0.007715545129030943
143,5,0.009049884043633938
144,5,0.010071325115859509
145,5,0.00713410135358572
146,5,0.017065303400158882
147,5,0.019492562860250473
148,5,0.005191904958337545
149,5,0.00357198272831738
150,5,0.004758426919579506
151,5,0.005166324786841869
152,5,0.011388251557946205
153,5,0.017901143059134483
154,5,0.009956912137567997
155,5,0.00905747339129448
156,5,0.02576480619609356
157,5,0.009450113400816917
158,5,0.011409935541450977
159,5,0.005204384680837393
160,5,0.025101404637098312
161,5,0.0072853825986385345
162,5,0.01877623051404953
163,5,0.012280582450330257
164,5,0.004884250927716494
165,5,0.006329290568828583
166,5,0.006111146416515112
167,5,0.16835856437683105
168,5,0.00818384438753128
169,5,0.01014852523803711
170,5,0.019941499456763268
171,5,0.007823780179023743
172,5,0.01745087280869484
173,5,0.015268583782017231
174,5,0.007765989750623703
175,5,0.015194675885140896
176,5,0.02487928234040737
177,6,0.009065497666597366
178,6,0.024927984923124313
179,6,0.01380105596035719
180,6,0.004974157549440861
181,6,0.007783635053783655
182,6,0.005673391278833151
183,6,0.015355831012129784
184,6,0.007662973366677761
185,6,0.010952681303024292
186,6,0.010633361525833607
187,6,0.1594625860452652
188,6,0.16132773458957672
189,6,0.016356468200683594
190,6,0.022161738947033882
191,6,0.019389726221561432
192,6,0.00988851860165596
193,6,0.018435226753354073
194,6,0.004854116123169661
195,6,0.005699391942471266
196,6,0.15942642092704773
197,6,0.013374898582696915
198,6,0.008511367253959179
199,6,0.014039641246199608
200,6,0.00795751716941595
201,6,0.012236671522259712
202,6,0.019908357411623
203,6,0.017900850623846054
204,6,0.011958487331867218
205,6,0.011191761121153831
206,6,0.16501960158348083
207,6,0.01071388553828001
208,6,0.008720505982637405
209,6,0.008889351971447468
210,6,0.011761212721467018
211,6,0.014695115387439728
212,6,0.00789889506995678
213,6,0.012411145493388176
214,6,0.018397126346826553
215,6,0.005852978210896254
216,6,0.008481254801154137
217,6,0.014755478128790855
218,6,0.005880686454474926
219,6,0.017682652920484543
220,6,0.029972435906529427
221,6,0.015612873248755932
222,6,0.00669181440025568
223,6,0.02010316587984562
224,6,0.015721162781119347
225,6,0.012443996965885162
226,6,0.009684775955975056
227,6,0.004615555517375469
228,6,0.018156731501221657
229,6,0.014925826340913773
230,6,0.020529408007860184
231,6,0.026290932670235634
232,6,0.008701658807694912
233,6,0.013708272948861122
234,6,0.009609797038137913
235,6,0.02845882624387741
236,6,0.012317176908254623
237,6,0.023213030770421028
238,6,0.01442593615502119
239,6,0.00961304735392332
240,6,0.010174078866839409
241,6,0.014260554686188698
242,6,0.014829014427959919
243,6,0.009198763407766819
244,6,0.021526992321014404
245,6,0.006292564794421196
246,6,0.0068868352100253105
247,6,0.023045819252729416
248,6,0.008504806086421013
249,6,0.014010901562869549
250,6,0.006387237925082445
251,6,0.30644938349723816
252,6,0.15406596660614014
253,6,0.09839461743831635
254,6,0.0757095068693161
255,6,0.043781477957963943
256,6,0.0701228603720665
257,6,0.24051274359226227
258,6,0.08374744653701782
259,6,0.06705710291862488
260,6,0.2742655873298645
261,6,0.23194986581802368
262,6,0.07857277244329453
263,6,0.06338218599557877
264,6,0.045862436294555664
265,6,0.056055180728435516
266,6,0.04817011579871178
267,6,0.0353027805685997
268,6,0.05016614496707916
269,6,0.04560910165309906
270,6,0.069881372153759
271,6,0.029807724058628082
272,6,0.03222648799419403
273,6,0.02434532344341278
274,6,0.043575964868068695
275,6,0.02940402366220951
276,6,0.0293299350887537
277,6,0.02091793343424797
278,7,0.04615652933716774
279,7,0.033365894109010696
280,7,0.03231850638985634
281,7,0.042927149683237076
282,7,0.05210107937455177
283,7,0.051513489335775375
284,7,0.03126266598701477
285,7,0.03900819271802902
286,7,0.021777348592877388
287,7,0.04698000103235245
288,7,0.031187886372208595
289,7,0.03670794889330864
290,7,0.026010965928435326
291,7,0.049515463411808014
292,7,0.031376615166664124
293,7,0.025119449943304062
294,7,0.03646783158183098
295,7,0.2119850367307663
296,7,0.026381300762295723
297,7,0.03240370750427246
298,7,0.18121829628944397
299,7,0.033502575010061264
300,7,0.0442013181746006
301,7,0.022339995950460434
302,7,0.02520735003054142
303,7,0.1934688538312912
304,7,0.020433487370610237
305,7,0.015458302572369576
306,7,0.01483818981796503
307,7,0.019545389339327812
308,7,0.029850807040929794
309,7,0.037177924066782
310,7,0.17614485323429108
311,7,0.016930244863033295
312,7,0.023332417011260986
313,7,0.015034284442663193
314,7,0.02074175514280796
315,7,0.012969626113772392
316,7,0.02557133138179779
317,7,0.0263858363032341
318,7,0.042672306299209595
319,7,0.013566474430263042
320,7,0.024909410625696182
321,7,0.025925947353243828
322,7,0.023953914642333984
323,7,0.1695576161146164
324,7,0.03322024643421173
325,7,0.023817939683794975
326,7,0.024724042043089867
327,7,0.041995346546173096
328,7,0.006539184600114822
329,7,0.021379582583904266
330,7,0.023463211953639984
331,7,0.01937830075621605
332,7,0.01736048236489296
333,7,0.02329457551240921
334,7,0.18023546040058136
335,7,0.016666673123836517
336,7,0.019983459264039993
337,7,0.04916366562247276
338,7,0.03646574914455414
339,7,0.16567102074623108
340,7,0.01951548270881176
341,7,0.01456379983574152
342,7,0.18501996994018555
343,7,0.01879504695534706
344,7,0.030623815953731537
345,7,0.021001189947128296
346,7,0.022471655160188675
347,7,0.17015446722507477
348,7,0.010250703431665897
349,7,0.02557741105556488
350,7,0.006468052044510841
351,7,0.03402969613671303
352,7,0.0246948953717947
353,7,0.18244041502475739
354,7,0.165679469704628
355,7,0.03404735028743744
356,7,0.016079040244221687
357,7,0.18111589550971985
358,7,0.01760445535182953
359,7,0.029252080246806145
360,7,0.03538745641708374
361,7,0.018056780099868774
362,7,0.03216400742530823
363,7,0.015225179493427277
364,7,0.033175431191921234
365,7,0.01278294064104557
366,7,0.01986631192266941
367,7,0.01201084814965725
368,7,0.01916128769516945
369,7,0.025307953357696533
370,7,0.009116523899137974
371,7,0.00838636513799429
372,7,0.18690386414527893
373,7,0.1864374279975891
374,7,0.021636473014950752
375,7,0.021962065249681473
376,7,0.015988538041710854
377,7,0.01721367985010147
378,7,0.017911776900291443
379,7,0.018791168928146362
380,7,0.025925787165760994
381,7,0.027531839907169342
382,7,0.014073021709918976
383,7,0.011917753145098686
384,7,0.15634439885616302
385,7,0.03400449827313423
386,7,0.015080355107784271
387,7,0.024508828297257423
388,7,0.010707629844546318
389,7,0.16620206832885742
390,7,0.16511820256710052
391,7,0.1616418957710266
392,7,0.17309224605560303
393,7,0.007420739624649286
394,7,0.01906510256230831
395,7,0.025518108159303665
396,7,0.1669134497642517
397,7,0.019933877512812614
398,7,0.31373780965805054
399,7,0.16719314455986023
400,7,0.02507973276078701
401,7,0.017710275948047638
402,7,0.015943091362714767
403,7,0.01364204753190279
404,7,0.015784207731485367
405,7,0.006536904256790876
406,7,0.03010486252605915
407,7,0.010679885745048523
408,7,0.02821468375623226
409,7,0.018866682425141335
410,7,0.20535294711589813
411,7,0.014833991415798664
412,7,0.010427438654005527
413,7,0.01671372540295124
414,7,0.014742850326001644
415,7,0.024010948836803436
416,7,0.15647955238819122
417,7,0.02274516224861145
418,7,0.02458953484892845
419,7,0.009252086281776428
420,7,0.026813089847564697
421,7,0.031904369592666626
422,7,0.01147887110710144
423,7,0.01656518317759037
424,7,0.16272272169589996
425,7,0.020951950922608376
426,7,0.008765708655118942
427,7,0.023741301149129868
428,8,0.016224566847085953
429,8,0.013471814803779125
430,8,0.030121250078082085
431,8,0.007324256002902985
432,8,0.006735140457749367
433,8,0.17081615328788757
434,8,0.17549468576908112
435,8,0.011462630704045296
436,8,0.01986701786518097
437,8,0.033232953399419785
438,8,0.021395407617092133
439,8,0.017667608335614204
440,8,0.01869925856590271
441,8,0.018583521246910095
442,8,0.010768075473606586
443,8,0.16515713930130005
444,8,0.009325678460299969
445,8,0.017302703112363815
446,8,0.16506284475326538
447,8,0.015490707010030746
448,8,0.0072485413402318954
449,8,0.011086175218224525
450,8,0.16053752601146698
451,8,0.01457599550485611
452,8,0.17414923012256622
453,8,0.022470831871032715
454,8,0.011892419308423996
455,8,0.1742590218782425
456,8,0.02514834702014923
457,8,0.022227570414543152
458,8,0.01152835600078106
459,8,0.020417355000972748
460,8,0.0049496786668896675
461,8,0.15419042110443115
462,8,0.01447114534676075
463,8,0.012970654293894768
464,8,0.020352663472294807
465,8,0.019190659746527672
466,8,0.01476166769862175
467,8,0.01982196420431137
468,8,0.01634005270898342
469,8,0.027308430522680283
470,8,0.016161728650331497
471,8,0.011913220398128033
472,8,0.015224791131913662
473,8,0.012855267152190208
474,8,0.021541791036725044
475,8,0.023692661896348
476,8,0.032220855355262756
477,8,0.02499150112271309
478,8,0.011843707412481308
479,8,0.015288989059627056
480,8,0.009697096422314644
481,8,0.023259438574314117
482,8,0.017524966970086098
483,8,0.013545460999011993
484,8,0.02198614925146103
485,8,0.008822556585073471
486,8,0.02556135505437851
487,8,0.02468244358897209
488,8,0.018005579710006714
489,8,0.010201969183981419
490,8,0.012633507139980793
491,8,0.018523557111620903
492,8,0.0210645142942667
493,8,0.007502061314880848
494,8,0.011477693915367126
495,8,0.018781986087560654
496,8,0.175174281001091
497,8,0.014146731235086918
498,8,0.00686140451580286
499,8,0.014605598524212837
500,8,0.018257837742567062
501,8,0.11339493095874786
502,8,0.11793366074562073
503,8,0.1272391378879547
504,8,0.09272132068872452
505,8,0.08392595499753952
506,8,0.06106781214475632
507,8,0.09761449694633484
508,8,0.025684896856546402
509,8,0.07124615460634232
510,8,0.05012291669845581
511,8,0.04845109209418297
512,8,0.06514550000429153
513,8,0.03932667896151543
514,8,0.053231168538331985
515,8,0.17796769738197327
516,8,0.05629333108663559
517,8,0.0265914648771286
518,8,0.041802529245615005
519,8,0.040294211357831955
520,8,0.04365695267915726
521,8,0.036773260682821274
522,8,0.02689841017127037
523,8,0.023949412629008293
524,8,0.0349716991186142
525,8,0.03560199961066246
526,8,0.021301856264472008
527,8,0.05612276494503021
528,8,0.03980262577533722
529,8,0.1762823611497879
530,8,0.025994835421442986
531,8,0.022952739149332047
532,8,0.04140665382146835
533,8,0.02117982879281044
534,8,0.02909928746521473
535,8,0.013290667906403542
536,8,0.021333269774913788
537,8,0.013971998356282711
538,8,0.022473223507404327
539,8,0.03906821459531784
540,8,0.02566930279135704
541,8,0.01053951308131218
542,8,0.15999285876750946
543,8,0.026259230449795723
544,8,0.025539370253682137
545,8,0.03272848203778267
546,8,0.013699439354240894
547,8,0.02530333586037159
548,8,0.012158750556409359
549,8,0.006769067142158747
550,8,0.04373680800199509
551,8,0.031540896743535995
552,8,0.030156893655657768
553,8,0.019226931035518646
554,8,0.01941755600273609
555,8,0.04109090566635132
556,8,0.014283522963523865
557,8,0.03443664312362671
558,8,0.016529450193047523
559,8,0.16113728284835815
560,8,0.024045191705226898
561,8,0.17059724032878876
562,8,0.02054235339164734
563,8,0.1762101948261261
564,8,0.025446001440286636
565,8,0.02896052785217762
566,8,0.009592427872121334
567,8,0.008630519732832909
568,8,0.029256392270326614
569,8,0.020017927512526512
570,8,0.01806965284049511
571,8,0.015980593860149384
572,8,0.02567877620458603
573,8,0.020207295194268227
574,8,0.011608296073973179
575,8,0.03218865394592285
576,8,0.010455411858856678
577,8,0.016239875927567482
578,9,0.020843833684921265
579,9,0.01326311007142067
580,9,0.013115113601088524
581,9,0.01822284609079361
582,9,0.02116004191339016
583,9,0.016565600410103798
584,9,0.01405592542141676
585,9,0.16586489975452423
586,9,0.00841394905000925
587,9,0.15779690444469452
588,9,0.011182155460119247
589,9,0.02738756313920021
590,9,0.02305586263537407
591,9,0.01805739291012287
592,9,0.3063870072364807
593,9,0.006866571493446827
594,9,0.009285851381719112
595,9,0.013961336575448513
596,9,0.010882513597607613
597,9,0.017929792404174805
598,9,0.028649084270000458
599,9,0.024438856169581413
600,9,0.02359313890337944
601,9,0.008323488757014275
602,9,0.16908955574035645
603,9,0.016896776854991913
604,9,0.010642758570611477
605,9,0.018474068492650986
606,9,0.017516104504466057
607,9,0.15548980236053467
608,9,0.036643631756305695
609,9,0.011121173389256
610,9,0.018986735492944717
611,9,0.015044521540403366
612,9,0.007987911812961102
613,9,0.014108862727880478
614,9,0.005933274514973164
615,9,0.15087546408176422
616,9,0.1544753462076187
617,9,0.013179339468479156
618,9,0.01857851631939411
619,9,0.011235074140131474
620,9,0.010222364217042923
621,9,0.15445221960544586
622,9,0.011119425296783447
623,9,0.010220547206699848
624,9,0.15089592337608337
625,9,0.015156712383031845
626,9,0.015062253922224045
627,9,0.026029836386442184
628,9,0.025824034586548805
629,9,0.01713898405432701
630,9,0.013291553594172001
631,9,0.02252843789756298
632,9,0.015399412252008915
633,9,0.011217734776437283
634,9,0.009801797568798065
635,9,0.03018854558467865
636,9,0.14431427419185638
637,9,0.01098010502755642
638,9,0.02586405724287033
639,9,0.013640922494232655
640,9,0.15693561732769012
641,9,0.016866710036993027
642,9,0.028265109285712242
643,9,0.01334321778267622
644,9,0.15086321532726288
645,9,0.015255393460392952
646,9,0.009272259660065174
647,9,0.009308157488703728
648,9,0.01389019750058651
649,9,0.009587766602635384
650,9,0.16572535037994385
651,9,0.014530450105667114
652,9,0.006265671458095312
653,9,0.01702604442834854
654,9,0.015725450590252876
655,9,0.020288530737161636
656,9,0.014929892495274544
657,9,0.026605410501360893
658,9,0.024780288338661194
659,9,0.011699678376317024
660,9,0.015024744905531406
661,10,0.006048454903066158
662,10,0.01974998414516449
663,10,0.01828678883612156
664,10,0.02133619785308838
665,10,0.018304703757166862
666,10,0.03560134395956993
667,10,0.020497487857937813
668,10,0.02743254043161869
669,10,0.01998775824904442
670,10,0.03106039948761463
671,10,0.005150636658072472
672,10,0.1598907709121704
673,10,0.009154221042990685
674,10,0.02320804074406624
675,10,0.014113540761172771
676,10,0.17431089282035828
677,10,0.018765702843666077
678,10,0.015402048826217651
679,10,0.13725179433822632
680,10,0.016232196241617203
681,10,0.010963009670376778
682,10,0.02260732464492321
683,10,0.017751967534422874
684,10,0.012751869857311249
685,10,0.018030768260359764
686,10,0.024989504367113113
687,10,0.015175540000200272
688,10,0.15562602877616882
689,10,0.010009074583649635
690,10,0.022080576047301292
691,10,0.020654333755373955
692,10,0.15451547503471375
693,10,0.15132856369018555
694,10,0.01844414696097374
695,10,0.019713614135980606
696,10,0.0193789079785347
697,10,0.019838085398077965
698,10,0.010362652130424976
699,10,0.01839361898601055
700,10,0.014820778742432594
701,10,0.020323997363448143
702,10,0.013756074011325836
703,10,0.019165880978107452
704,10,0.010806143283843994
705,10,0.018522106111049652
706,10,0.005364519543945789
707,10,0.013805725611746311
708,10,0.017463471740484238
709,10,0.017278630286455154
710,10,0.006655517965555191
711,10,0.01587420515716076
712,10,0.012522963806986809
713,10,0.0050134980119764805
714,10,0.012568033300340176
715,10,0.011271169409155846
716,10,0.01743960753083229
717,10,0.021035993471741676
718,10,0.017749257385730743
719,10,0.015732428058981895
720,10,0.009036306291818619
721,10,0.016572579741477966
722,10,0.00826606247574091
723,10,0.019863232970237732
724,10,0.01068134419620037
725,10,0.015403933823108673
726,10,0.008711984381079674
727,10,0.015901461243629456
728,10,0.015592901036143303
729,10,0.15040266513824463
730,10,0.011960193514823914
731,10,0.11787325888872147
732,10,0.02234615385532379
733,10,0.010835866443812847
734,10,0.01161771547049284
735,10,0.1610236018896103
736,10,0.009884539060294628
737,10,0.014754971489310265
738,10,0.01448898110538721
739,10,0.01381792314350605
740,10,0.025560980662703514
741,10,0.14751552045345306
742,10,0.010414582677185535
743,10,0.016050688922405243
744,10,0.01259593851864338
745,10,0.015225911512970924
746,10,0.011761318892240524
747,10,0.15862436592578888
748,10,0.01701100915670395
749,10,0.11735550314188004
750,10,0.011564455926418304
751,10,0.10732963681221008
752,10,0.24944627285003662
753,10,0.09397199004888535
754,10,0.08447146415710449
755,10,0.05840250104665756
756,10,0.062385156750679016
757,10,0.05954473465681076
758,10,0.06435523182153702
759,10,0.033691197633743286
760,10,0.06182108819484711
761,10,0.036979082971811295
762,10,0.039595674723386765
763,10,0.16584569215774536
764,10,0.03817888721823692
765,10,0.04399201273918152
766,10,0.14054341614246368
767,10,0.02917051501572132
768,10,0.06464333087205887
769,10,0.034252479672431946
770,10,0.028412161394953728
771,10,0.022193003445863724
772,10,0.02782171592116356
773,10,0.017062053084373474
774,10,0.021651001647114754
775,10,0.02421882003545761
776,10,0.03782707452774048
777,10,0.1986009180545807
778,10,0.03020590730011463
779,10,0.01697857305407524
780,10,0.022364865988492966
781,10,0.026615293696522713
782,10,0.034054625779390335
783,10,0.02173253521323204
784,10,0.05368775874376297
785,10,0.15025615692138672
786,10,0.1281595230102539
787,10,0.028166595846414566
788,10,0.1667356938123703
789,10,0.021659430116415024
790,10,0.01082123164087534
791,10,0.014965171925723553
792,10,0.02161678671836853
793,10,0.018026277422904968
794,10,0.03181130439043045
795,10,0.014486584812402725
796,10,0.01247176993638277
797,10,0.017184048891067505
798,10,0.15050190687179565
799,10,0.015382340177893639
800,10,0.019807295873761177
801,10,0.020914314314723015
802,10,0.019155560061335564
803,10,0.015420583076775074
804,10,0.018013743683695793
805,10,0.03921414911746979
806,10,0.007973158732056618
807,10,0.014476614072918892
808,10,0.019971691071987152
809,10,0.0209382101893425
810,10,0.020104864612221718
811,11,0.023860253393650055
812,11,0.030248694121837616
813,11,0.009303361177444458
814,11,0.006705803330987692
815,11,0.00974492821842432
816,11,0.1155126541852951
817,11,0.021556485444307327
818,11,0.020045451819896698
819,11,0.010646309703588486
820,11,0.016146138310432434
821,11,0.022615298628807068
822,11,0.029203219339251518
823,11,0.02397298812866211
824,11,0.02835797518491745
825,11,0.011455731466412544
826,11,0.031404782086610794
827,11,0.011002201586961746
828,11,0.037794653326272964
829,11,0.11379022151231766
830,11,0.012892620638012886
831,11,0.021525532007217407
832,11,0.01144927367568016
833,11,0.011964041739702225
834,11,0.24315319955348969
835,11,0.01759510114789009
836,11,0.02132550999522209
837,11,0.01445023063570261
838,11,0.019887279719114304
839,11,0.016795381903648376
840,11,0.018752846866846085
841,11,0.013237359933555126
842,11,0.01836443692445755
843,11,0.018279679119586945
844,11,0.025773247703909874
845,11,0.019989991560578346
846,11,0.009337101131677628
847,11,0.019530359655618668
848,11,0.019496072083711624
849,11,0.011899804696440697
850,11,0.02150297723710537
851,11,0.01950177550315857
852,11,0.0177434291690588
853,11,0.01798138953745365
854,11,0.012312699109315872
855,11,0.15355223417282104
856,11,0.007754790596663952
857,11,0.018405349925160408
858,11,0.025449994951486588
859,11,0.010416081175208092
860,11,0.10965622216463089
861,11,0.02441171370446682
862,11,0.021771706640720367
863,11,0.015296664088964462
864,11,0.023811938241124153
865,11,0.02167368493974209
866,11,0.01418368611484766
867,11,0.014447902329266071
868,11,0.0124060595408082
869,11,0.0280410535633564
870,11,0.020266657695174217
871,11,0.023776059970259666
872,11,0.011770113371312618
873,11,0.02415025606751442
874,11,0.01912957988679409
875,11,0.10832248628139496
876,11,0.01764151081442833
877,11,0.017950639128684998
878,11,0.022568684071302414
879,11,0.018055662512779236
880,11,0.03178856521844864
881,11,0.012358330190181732
882,11,0.1564319133758545
883,11,0.013885809108614922
884,11,0.01820048689842224
885,11,0.018148230388760567
886,11,0.02208307757973671
887,11,0.11624015122652054
888,11,0.017095418646931648
889,11,0.10154066234827042
890,11,0.012190242297947407
891,11,0.017327308654785156
892,11,0.016225075349211693
893,11,0.01675880327820778
894,11,0.00925572868436575
895,11,0.01562829315662384
896,11,0.010444052517414093
897,11,0.015877829864621162
898,11,0.015350772067904472
899,11,0.014088709838688374
900,11,0.010360405780375004
901,11,0.015433854423463345
902,11,0.14366105198860168
903,11,0.015319653786718845
904,11,0.15252970159053802
905,11,0.013083121739327908
906,11,0.01783245988190174
907,11,0.14797118306159973
908,11,0.14595811069011688
909,11,0.015353497117757797
910,11,0.021704671904444695
911,11,0.008771359920501709
912,11,0.01763884536921978
913,11,0.013962184078991413
914,11,0.01892325095832348
915,11,0.010884751565754414
916,11,0.013080617412924767
917,11,0.016821235418319702
918,11,0.011197238229215145
919,11,0.014028245583176613
920,11,0.017726849764585495
921,11,0.011304398998618126
922,11,0.024407051503658295
923,11,0.01603260450065136
924,11,0.017451945692300797
925,11,0.014983030036091805
926,11,0.00876090582460165
927,11,0.13324235379695892
928,11,0.024142196401953697
929,11,0.01983405090868473
930,11,0.011120934970676899
931,11,0.008249195292592049
932,11,0.10403452068567276
933,11,0.008877682499587536
934,11,0.019441988319158554
935,11,0.01222848892211914
936,11,0.011609415523707867
937,11,0.019241206347942352
938,11,0.014021763578057289
939,11,0.007606833707541227
940,11,0.013150972314178944
941,11,0.014550804160535336
942,11,0.009732365608215332
943,11,0.02251387946307659
944,11,0.008314616046845913
945,11,0.01208939217031002
946,11,0.015856340527534485
947,11,0.02768203802406788
948,11,0.014788661152124405
949,11,0.01852831244468689
950,11,0.011452394537627697
951,11,0.00955360196530819
952,11,0.02425789274275303
953,11,0.026397813111543655
954,11,0.017619848251342773
955,11,0.14472612738609314
956,11,0.1388474553823471
957,11,0.14487728476524353
958,11,0.008794097229838371
959,11,0.01156969740986824
960,11,0.01676909066736698
961,12,0.014712654054164886
962,12,0.008997723460197449
963,12,0.015721017494797707
964,12,0.15515796840190887
965,12,0.018583277240395546
966,12,0.025508586317300797
967,12,0.01114236656576395
968,12,0.014199594967067242
969,12,0.14472739398479462
970,12,0.007381790317595005
971,12,0.011429047212004662
972,12,0.01737033948302269
973,12,0.009526864625513554
974,12,0.02793656475841999
975,12,0.014278223738074303
976,12,0.00933859497308731
977,12,0.021757809445261955
978,12,0.012236160226166248
979,12,0.013177553191781044
980,12,0.016945237293839455
981,12,0.0091488566249609
982,12,0.025955893099308014
983,12,0.016234461218118668
984,12,0.1608492136001587
985,12,0.013400180265307426
986,12,0.013317089527845383
987,12,0.13737323880195618
988,12,0.018947681412100792
989,12,0.0129395155236125
990,12,0.013769084587693214
991,12,0.11264944821596146
992,12,0.003462032647803426
993,12,0.022665442898869514
994,12,0.009930819272994995
995,12,0.014123409986495972
996,12,0.013863461092114449
997,12,0.009586066007614136
998,12,0.14241230487823486
999,12,0.017034407705068588
1000,12,0.01268739067018032
1001,12,0.10706457495689392
1002,12,0.07783007621765137
1003,12,0.09221848100423813
1004,12,0.07229313999414444
1005,12,0.08803112059831619
1006,12,0.057612139731645584
1007,12,0.05057628080248833
1008,12,0.04695715010166168
1009,12,0.03073633834719658
1010,12,0.03439009189605713
1011,12,0.05117145925760269
1012,12,0.07300279289484024
1013,12,0.041860535740852356
1014,12,0.04052884876728058
1015,12,0.0446753092110157
1016,12,0.023963311687111855
1017,12,0.04604613780975342
1018,12,0.04175250232219696
1019,12,0.03255360946059227
1020,12,0.1429753452539444
1021,12,0.03162072226405144
1022,12,0.013147092424333096
1023,12,0.03204483166337013
1024,12,0.025186030194163322
1025,12,0.02631508558988571
1026,12,0.030574699863791466
1027,12,0.020746612921357155
1028,12,0.14790472388267517
1029,12,0.12841103971004486
1030,12,0.1152181625366211
1031,12,0.01778508350253105
1032,12,0.03773164749145508
1033,12,0.013367120176553726
1034,12,0.1037602499127388
1035,12,0.025187870487570763
1036,12,0.020188884809613228
1037,12,0.04291677847504616
1038,12,0.02149730548262596
1039,12,0.013873605988919735
1040,12,0.01237516850233078
1041,12,0.017232127487659454
1042,12,0.018941735848784447
1043,12,0.028907105326652527
1044,12,0.011785258539021015
1045,12,0.010950831696391106
1046,12,0.0164449755102396
1047,12,0.019604291766881943
1048,12,0.03158804029226303
1049,12,0.024794023483991623
1050,12,0.01212117075920105
1051,12,0.023740099743008614
1052,12,0.017964322119951248
1053,12,0.027098679915070534
1054,12,0.022217145189642906
1055,12,0.011577066965401173
1056,12,0.011163742281496525
1057,12,0.020519858226180077
1058,12,0.02512720599770546
1059,12,0.011990232393145561
1060,12,0.011500931344926357
1061,12,0.00944150798022747
1062,12,0.01259720791131258
1063,12,0.014832091517746449
1064,12,0.014510292559862137
1065,12,0.029043111950159073
1066,12,0.007858267985284328
1067,12,0.021936897188425064
1068,12,0.10361348092556
1069,12,0.014065084978938103
1070,12,0.010578889399766922
1071,12,0.010460888966917992
1072,12,0.007570808753371239
1073,12,0.018937310203909874
1074,12,0.01319767814129591
1075,12,0.15136300027370453
1076,12,0.09233811497688293
1077,12,0.031132951378822327
1078,12,0.011871577240526676
1079,12,0.014374103397130966
1080,12,0.013911492191255093
1081,12,0.018751371651887894
1082,12,0.1492467224597931
1083,12,0.015781844034790993
1084,12,0.022560657933354378
1085,12,0.13642434775829315
1086,12,0.0136747220531106
1087,12,0.014561541378498077
1088,12,0.015620279125869274
1089,12,0.02179005555808544
1090,12,0.008744750171899796
1091,12,0.016854694113135338
1092,12,0.025948558002710342
1093,12,0.02898562327027321
1094,12,0.011261506006121635
1095,12,0.019183404743671417
1096,12,0.012035741470754147
1097,12,0.016544656828045845
1098,12,0.010900555178523064
1099,12,0.022843416780233383
1100,12,0.006557884626090527
1101,12,0.020006535574793816
1102,12,0.017692003399133682
1103,12,0.009990081191062927
1104,12,0.02463650517165661
1105,12,0.02241107076406479
1106,12,0.012934280559420586
1107,12,0.010930974036455154
1108,12,0.012903588823974133
1109,12,0.012698201462626457
1110,12,0.020966291427612305
1111,13,0.015321830287575722
1112,13,0.014539999887347221
1113,13,0.01047044899314642
1114,13,0.01997019350528717
1115,13,0.012600153684616089
1116,13,0.015658745542168617
1117,13,0.010615367442369461
1118,13,0.027623901143670082
1119,13,0.03181842342019081
1120,13,0.008483950048685074
1121,13,0.155369371175766
1122,13,0.009916095994412899
1123,13,0.017705038189888
1124,13,0.016161203384399414
1125,13,0.02464817650616169
1126,13,0.09677665680646896
1127,13,0.015557944774627686
1128,13,0.007858100347220898
1129,13,0.12611576914787292
1130,13,0.011495223268866539
1131,13,0.03745458275079727
1132,13,0.03000449761748314
1133,13,0.01841632090508938
1134,13,0.0958017036318779
1135,13,0.0237786415964365
1136,13,0.015023907646536827
1137,13,0.010703321546316147
1138,13,0.00803220272064209
1139,13,0.01823611557483673
1140,13,0.021600287407636642
1141,13,0.02098940871655941
1142,13,0.01984376832842827
1143,13,0.009397541172802448
1144,13,0.01091289333999157
1145,13,0.011044874787330627
1146,13,0.029393620789051056
1147,13,0.007363608572632074
1148,13,0.009621518664062023
1149,13,0.009618210606276989
1150,13,0.018841229379177094
1151,13,0.01664368063211441
1152,13,0.01543457806110382
1153,13,0.013831129297614098
1154,13,0.014552799053490162
1155,13,0.0117061547935009
1156,13,0.011265863664448261
1157,13,0.013704707846045494
1158,13,0.12737731635570526
1159,13,0.1345422863960266
1160,13,0.014338509179651737
1161,13,0.010726092383265495
1162,13,0.024104710668325424
1163,13,0.008486337959766388
1164,13,0.14524133503437042
1165,13,0.12746408581733704
1166,13,0.01057081762701273
1167,13,0.011489740572869778
1168,13,0.018239762634038925
1169,13,0.016064323484897614
1170,13,0.013865357264876366
1171,13,0.01355153787881136
1172,13,0.021806376054883003
1173,13,0.007575197145342827
1174,13,0.12862791121006012
1175,13,0.011213845573365688
1176,13,0.012719035148620605
1177,13,0.009724393486976624
1178,13,0.007200860884040594
1179,13,0.024072697386145592
1180,13,0.1374412178993225
1181,13,0.01223872508853674
1182,13,0.005672049708664417
1183,13,0.010854555293917656
1184,13,0.00897426437586546
1185,13,0.013660612516105175
1186,13,0.008094306103885174
1187,13,0.014493941329419613
1188,13,0.0134088434278965
1189,13,0.012255859561264515
1190,13,0.007795426994562149
1191,13,0.007643886376172304
1192,13,0.12429022789001465
1193,13,0.014936299063265324
1194,13,0.016420451924204826
1195,13,0.009522135369479656
1196,13,0.005977618042379618
1197,13,0.009422112256288528
1198,13,0.010484478436410427
1199,13,0.010441204532980919
1200,13,0.027630941942334175
1201,13,0.018772592768073082
1202,13,0.00820071529597044
1203,13,0.010414538905024529
1204,13,0.015018874779343605
1205,13,0.008062849752604961
1206,13,0.030804144218564034
1207,13,0.011537550017237663
1208,13,0.13343793153762817
1209,13,0.009201088920235634
1210,13,0.010598070919513702
1211,13,0.1312136948108673
1212,13,0.21491751074790955
1213,13,0.007857934571802616
1214,13,0.016403542831540108
1215,13,0.00918423943221569
1216,13,0.13976769149303436
1217,13,0.019848152995109558
1218,13,0.02079959772527218
1219,13,0.007644330151379108
1220,13,0.013164994306862354
1221,13,0.011282642371952534
1222,13,0.009703237563371658
1223,13,0.007230982184410095
1224,13,0.006471017841249704
1225,13,0.013622872531414032
1226,13,0.015430857427418232
1227,13,0.13645121455192566
1228,13,0.03314954787492752
1229,13,0.012795899994671345
1230,13,0.011213991791009903
1231,13,0.01633753441274166
1232,13,0.0860416442155838
1233,13,0.014090048149228096
1234,13,0.010172226466238499
1235,13,0.02189171127974987
1236,13,0.1368366777896881
1237,13,0.010456855408847332
1238,13,0.01025058701634407
1239,13,0.01124423649162054
1240,13,0.023481277748942375
1241,13,0.017208438366651535
1242,13,0.13141287863254547
1243,13,0.007993423379957676
1244,13,0.007671872619539499
1245,13,0.008967365138232708
1246,13,0.01035841554403305
1247,13,0.008164597675204277
1248,13,0.008668061345815659
1249,13,0.016847725957632065
1250,13,0.018465202301740646
1251,13,0.07958666980266571
1252,13,0.07607637345790863
1253,13,0.07672986388206482
1254,13,0.17270156741142273
1255,13,0.062096744775772095
1256,13,0.17188185453414917
1257,13,0.05773080885410309
1258,13,0.03507651016116142
1259,13,0.0407625176012516
1260,13,0.022841759026050568
1261,14,0.027806635946035385
1262,14,0.059850335121154785
1263,14,0.0386170856654644
1264,14,0.14597897231578827
1265,14,0.12608806788921356
1266,14,0.015818418934941292
1267,14,0.05517648160457611
1268,14,0.0390680730342865
1269,14,0.03616948053240776
1270,14,0.018691297620534897
1271,14,0.08614394813776016
1272,14,0.030111204832792282
1273,14,0.03721153363585472
1274,14,0.024830425158143044
1275,14,0.027571937069296837
1276,14,0.023888932541012764
1277,14,0.017262669280171394
1278,14,0.019848598167300224
1279,14,0.022170571610331535
1280,14,0.12468961626291275
1281,14,0.01725020259618759
1282,14,0.019293764606118202
1283,14,0.12175433337688446
1284,14,0.025151992216706276
1285,14,0.016453009098768234
1286,14,0.023383911699056625
1287,14,0.019461600109934807
1288,14,0.012413274496793747
1289,14,0.1192844808101654
1290,14,0.03248557820916176
1291,14,0.013778310269117355
1292,14,0.1366991102695465
1293,14,0.009026342071592808
1294,14,0.01990363746881485
1295,14,0.022503837943077087
1296,14,0.014633139595389366
1297,14,0.01619252935051918
1298,14,0.02514006197452545
1299,14,0.027799081057310104
1300,14,0.011869415640830994
1301,14,0.024233190342783928
1302,14,0.025411706417798996
1303,14,0.017269086092710495
1304,14,0.020843664184212685
1305,14,0.03098471835255623
1306,14,0.014603854157030582
1307,14,0.023430166766047478
1308,14,0.009910797700285912
1309,14,0.02859584428369999
1310,14,0.012104115448892117
1311,14,0.13726556301116943
1312,14,0.019102297723293304
1313,14,0.030651288107037544
1314,14,0.011298015713691711
1315,14,0.013863395899534225
1316,14,0.009374522604048252
1317,14,0.02951124683022499
1318,14,0.010278171859681606
1319,14,0.015746502205729485
1320,14,0.13927356898784637
1321,14,0.02240004390478134
1322,14,0.02007634937763214
1323,14,0.014632515609264374
1324,14,0.011717135086655617
1325,14,0.03091290593147278
1326,14,0.009987729601562023
1327,14,0.014649605378508568
1328,14,0.017024246975779533
1329,14,0.02130267396569252
1330,14,0.009553027339279652
1331,14,0.1099938377737999
1332,14,0.028144121170043945
1333,14,0.03558335080742836
1334,14,0.014851704239845276
1335,14,0.029964448884129524
1336,14,0.011534178629517555
1337,14,0.00961417704820633
1338,14,0.023111479356884956
1339,14,0.008357018232345581
1340,14,0.02590484544634819
1341,14,0.019805418327450752
1342,14,0.016767628490924835
1343,14,0.02507801540195942
1344,14,0.015517625957727432
1345,14,0.014906585216522217
1346,14,0.02319735288619995
1347,14,0.013593422248959541
1348,14,0.01778959296643734
1349,14,0.012669894844293594
1350,14,0.016278214752674103
1351,14,0.12616881728172302
1352,14,0.0210295170545578
1353,14,0.1343051642179489
1354,14,0.007311640307307243
1355,14,0.023821717128157616
1356,14,0.018058596178889275
1357,14,0.016201674938201904
1358,14,0.013716033659875393
1359,14,0.0095808831974864
1360,14,0.02322184480726719
1361,14,0.1303083896636963
1362,14,0.013793830759823322
1363,14,0.009788110852241516
1364,14,0.024150095880031586
1365,14,0.022572342306375504
1366,14,0.12592586874961853
1367,14,0.017083121463656425
1368,14,0.017197363078594208
1369,14,0.1182020753622055
1370,14,0.012592600658535957
1371,14,0.008596519008278847
1372,14,0.01938473992049694
1373,14,0.010787204839289188
1374,14,0.020244508981704712
1375,14,0.008917700499296188
1376,14,0.016777513548731804
1377,14,0.019779019057750702
1378,14,0.042256273329257965
1379,14,0.00824714358896017
1380,14,0.012918381951749325
1381,14,0.01005003321915865
1382,14,0.010328218340873718
1383,14,0.01385704055428505
1384,14,0.017791837453842163
1385,14,0.010502954944968224
1386,14,0.01985442452132702
1387,14,0.008670571260154247
1388,14,0.01831919699907303
1389,14,0.03304088115692139
1390,14,0.14634224772453308
1391,14,0.013151966966688633
1392,14,0.01532493531703949
1393,14,0.011644929647445679
1394,14,0.02286325953900814
1395,14,0.018994422629475594
1396,14,0.010906359180808067
1397,14,0.09050751477479935
1398,14,0.022793956100940704
1399,14,0.017100494354963303
1400,14,0.00925691332668066
1401,14,0.02221168763935566
1402,14,0.01613779366016388
1403,14,0.007643561810255051
1404,14,0.01100672222673893
1405,14,0.0135989710688591
1406,14,0.013149367645382881
1407,14,0.02282700501382351
1408,14,0.13473691046237946
1409,14,0.016952326521277428
1410,14,0.017717020586133003
1411,15,0.01596004143357277
1412,15,0.012813336215913296
1413,15,0.008284594863653183
1414,15,0.019184323027729988
1415,15,0.013615809381008148
1416,15,0.011720593087375164
1417,15,0.009687046520411968
1418,15,0.04586480185389519
1419,15,0.1335914582014084
1420,15,0.009619630873203278
1421,15,0.019805386662483215
1422,15,0.01016555167734623
1423,15,0.018860578536987305
1424,15,0.018296023830771446
1425,15,0.014461847022175789
1426,15,0.009166983887553215
1427,15,0.007516138721257448
1428,15,0.02002481184899807
1429,15,0.016800053417682648
1430,15,0.012350218370556831
1431,15,0.009196007624268532
1432,15,0.011353426612913609
1433,15,0.012403296306729317
1434,15,0.12460021674633026
1435,15,0.010370506905019283
1436,15,0.01724807359278202
1437,15,0.007079461123794317
1438,15,0.01642359234392643
1439,15,0.01152168307453394
1440,15,0.017446797341108322
1441,15,0.02408045530319214
1442,15,0.006429016590118408
1443,15,0.12118156999349594
1444,15,0.01127710472792387
1445,15,0.019962415099143982
1446,15,0.014777880162000656
1447,15,0.010446896776556969
1448,15,0.023089630529284477
1449,15,0.018640540540218353
1450,15,0.012530572712421417
1451,15,0.030799413099884987
1452,15,0.013762987218797207
1453,15,0.018164632841944695
1454,15,0.026562832295894623
1455,15,0.014395252801477909
1456,15,0.0186668299138546
1457,15,0.009126289747655392
1458,15,0.01129884272813797
1459,15,0.01305073406547308
1460,15,0.008205781690776348
1461,15,0.014261849224567413
1462,15,0.028201861307024956
1463,15,0.018454259261488914
1464,15,0.006559852976351976
1465,15,0.011615431867539883
1466,15,0.01841861568391323
1467,15,0.028279555961489677
1468,15,0.010193253867328167
1469,15,0.014123624190688133
1470,15,0.009191098622977734
1471,15,0.01051169354468584
1472,15,0.010084478184580803
1473,15,0.008578207343816757
1474,15,0.016912193968892097
1475,15,0.014552398584783077
1476,15,0.009523165412247181
1477,15,0.013421726413071156
1478,15,0.12146409600973129
1479,15,0.01485910639166832
1480,15,0.015338803641498089
1481,15,0.018139608204364777
1482,15,0.01855955459177494
1483,15,0.014776044525206089
1484,15,0.12233342230319977
1485,15,0.02007296495139599
1486,15,0.01108519360423088
1487,15,0.01562892459332943
1488,15,0.011128351092338562
1489,15,0.008649405092000961
1490,15,0.017043329775333405
1491,15,0.02693595364689827
1492,15,0.13456688821315765
1493,16,0.014494094997644424
1494,16,0.016063639894127846
1495,16,0.00913268607109785
1496,16,0.014020012691617012
1497,16,0.012205548584461212
1498,16,0.02809525839984417
1499,16,0.014745650812983513
1500,16,0.020862076431512833
1501,16,0.07703010737895966
1502,16,0.07447817921638489
1503,16,0.1484791487455368
1504,16,0.03750590980052948
1505,16,0.04901167005300522
1506,16,0.07015936821699142
1507,16,0.04598882794380188
1508,16,0.04850665107369423
1509,16,0.030007559806108475
1510,16,0.024246318265795708
1511,16,0.033544816076755524
1512,16,0.020754966884851456
1513,16,0.10390246659517288
1514,16,0.026803623884916306
1515,16,0.09751429408788681
1516,16,0.023235782980918884
1517,16,0.023457013070583344
1518,16,0.026456749066710472
1519,16,0.06989677995443344
1520,16,0.013605082407593727
1521,16,0.022693341597914696
1522,16,0.03833654150366783
1523,16,0.019522476941347122
1524,16,0.017675872892141342
1525,16,0.01712200976908207
1526,16,0.03203776851296425
1527,16,0.023390864953398705
1528,16,0.0156384389847517
1529,16,0.017620721831917763
1530,16,0.12567511200904846
1531,16,0.11856573075056076
1532,16,0.013876380398869514
1533,16,0.0937887653708458
1534,16,0.013571868650615215
1535,16,0.019440006464719772
1536,16,0.12843218445777893
1537,16,0.08337406069040298
1538,16,0.02915874309837818
1539,16,0.016379550099372864
1540,16,0.024401765316724777
1541,16,0.017322290688753128
1542,16,0.017266198992729187
1543,16,0.01834437996149063
1544,16,0.026819607242941856
1545,16,0.017027799040079117
1546,16,0.03669707849621773
1547,16,0.019847054034471512
1548,16,0.016842199489474297
1549,16,0.03885472193360329
1550,16,0.015666581690311432
1551,16,0.013423215597867966
1552,16,0.015303638763725758
1553,16,0.014923455193638802
1554,16,0.012406477704644203
1555,16,0.018152840435504913
1556,16,0.022903984412550926
1557,16,0.03029157593846321
1558,16,0.021336235105991364
1559,16,0.017677059397101402
1560,16,0.01472605112940073
1561,16,0.01841300167143345
1562,16,0.017434529960155487
1563,16,0.020942991599440575
1564,16,0.01790180243551731
1565,16,0.02978314645588398
1566,16,0.024981796741485596
1567,16,0.017120428383350372
1568,16,0.012883840128779411
1569,16,0.011549027636647224
1570,16,0.009530422277748585
1571,16,0.02280149608850479
1572,16,0.020633772015571594
1573,16,0.018736641854047775
1574,16,0.11429913341999054
1575,16,0.015837855637073517
1576,16,0.012122223153710365
1577,16,0.012812577188014984
1578,16,0.023874323815107346
1579,16,0.018490709364414215
1580,16,0.015026241540908813
1581,16,0.019446179270744324
1582,16,0.01862356998026371
1583,16,0.0194387286901474
1584,16,0.012073099613189697
1585,16,0.015253102406859398
1586,16,0.11514085531234741
1587,16,0.030438126996159554
1588,16,0.019508367404341698
1589,16,0.019587870687246323
1590,16,0.02877267450094223
1591,16,0.01437685452401638
1592,16,0.01952897384762764
1593,16,0.010481849312782288
1594,16,0.009822345338761806
1595,16,0.01304333284497261
1596,16,0.11465860903263092
1597,16,0.029468150809407234
1598,16,0.014785630628466606
1599,16,0.09069029986858368
1600,16,0.019689898937940598
1601,16,0.019166555255651474
1602,16,0.011051876470446587
1603,16,0.020487342029809952
1604,16,0.011347180232405663
1605,16,0.017962908372282982
1606,16,0.028515852987766266
1607,16,0.010828197002410889
1608,16,0.033838462084531784
1609,16,0.0196218378841877
1610,16,0.020136255770921707
1611,16,0.018967682495713234
1612,16,0.020880255848169327
1613,16,0.025375062599778175
1614,16,0.020271290093660355
1615,16,0.019589578732848167
1616,16,0.021536342799663544
1617,16,0.013467470183968544
1618,16,0.018779350444674492
1619,16,0.013034014031291008
1620,16,0.005755930673331022
1621,16,0.016993429511785507
1622,16,0.013315476477146149
1623,16,0.01965128257870674
1624,16,0.01983014866709709
1625,16,0.029361119493842125
1626,16,0.013160373084247112
1627,16,0.011316508986055851
1628,16,0.014017276465892792
1629,16,0.014756946824491024
1630,16,0.01512832846492529
1631,16,0.02675647847354412
1632,16,0.02017415314912796
1633,16,0.020925533026456833
1634,16,0.015710119158029556
1635,16,0.030716244131326675
1636,16,0.13628968596458435
1637,16,0.019144665449857712
1638,16,0.01369661558419466
1639,16,0.012752596288919449
1640,16,0.023489028215408325
1641,16,0.1331317126750946
1642,16,0.038709864020347595
1643,17,0.026979167014360428
1644,17,0.01730433851480484
1645,17,0.11895100772380829
1646,17,0.017521260306239128
1647,17,0.022938130423426628
1648,17,0.030527321621775627
1649,17,0.019064677879214287
1650,17,0.022578107193112373
1651,17,0.018991732969880104
1652,17,0.03453521430492401
1653,17,0.020377088338136673
1654,17,0.01771339401602745
1655,17,0.019468611106276512
1656,17,0.03284288942813873
1657,17,0.01567939668893814
1658,17,0.015257533639669418
1659,17,0.015858566388487816
1660,17,0.01413152925670147
1661,17,0.012349721044301987
1662,17,0.028419818729162216
1663,17,0.015302819199860096
1664,17,0.020754637196660042
1665,17,0.014954299665987492
1666,17,0.015823964029550552
1667,17,0.020719047635793686
1668,17,0.013855881057679653
1669,17,0.028437191620469093
1670,17,0.024744410067796707
1671,17,0.024810876697301865
1672,17,0.02531702071428299
1673,17,0.017008597031235695
1674,17,0.020585188642144203
1675,17,0.10911937803030014
1676,17,0.01413208618760109
1677,17,0.018098438158631325
1678,17,0.02187102846801281
1679,17,0.016106102615594864
1680,17,0.015280033461749554
1681,17,0.012098604813218117
1682,17,0.022019490599632263
1683,17,0.022897912189364433
1684,17,0.01722913607954979
1685,17,0.02182784304022789
1686,17,0.012194382958114147
1687,18,0.010828153230249882
1688,18,0.02010689117014408
1689,18,0.021435115486383438
1690,18,0.014261811040341854
1691,18,0.11641881614923477
1692,18,0.028400475159287453
1693,18,0.038466572761535645
1694,18,0.012681575492024422
1695,18,0.012804651632905006
1696,18,0.014272663742303848
1697,18,0.02791837975382805
1698,18,0.019558904692530632
1699,18,0.008141439408063889
1700,18,0.014589959755539894
1701,18,0.021795298904180527
1702,18,0.014749844558537006
1703,18,0.017750611528754234
1704,18,0.018203070387244225
1705,18,0.021032333374023438
1706,18,0.010031932033598423
1707,18,0.019284917041659355
1708,18,0.021034248173236847
1709,18,0.0237959586083889
1710,18,0.021879639476537704
1711,18,0.03682849556207657
1712,18,0.016435077413916588
1713,18,0.013826465234160423
1714,18,0.016846496611833572
1715,18,0.018925730139017105
1716,18,0.017323091626167297
1717,18,0.024130985140800476
1718,18,0.010828045196831226
1719,18,0.01590072363615036
1720,18,0.019764713943004608
1721,18,0.017204413190484047
1722,18,0.017476502805948257
1723,18,0.02201247215270996
1724,18,0.02735954523086548
1725,18,0.021923957392573357
1726,18,0.009787284769117832
1727,18,0.01296412292867899
1728,18,0.03819609433412552
1729,18,0.014919767156243324
1730,18,0.017476148903369904
1731,18,0.01636839658021927
1732,18,0.016664711758494377
1733,18,0.017970839515328407
1734,18,0.01817825622856617
1735,18,0.01602683588862419
1736,18,0.11355327069759369
1737,18,0.010629860684275627
1738,18,0.01685817912220955
1739,18,0.026191098615527153
1740,18,0.029362326487898827
1741,18,0.0368826799094677
1742,18,0.010779664851725101
1743,18,0.01717911846935749
1744,18,0.021036718040704727
1745,18,0.02066187746822834
1746,18,0.02262316644191742
1747,18,0.08951641619205475
1748,18,0.013581239618360996
1749,18,0.11955858021974564
1750,18,0.012477082200348377
1751,18,0.06348159909248352
1752,18,0.0448579341173172
1753,18,0.06320559978485107
1754,18,0.1541137546300888
1755,18,0.0281897634267807
1756,18,0.06254465878009796
1757,18,0.05721673369407654
1758,18,0.028427470475435257
1759,18,0.03523522987961769
1760,18,0.030415814369916916
1761,18,0.13396216928958893
1762,18,0.038975656032562256
1763,18,0.05090675503015518
1764,18,0.0382058285176754
1765,18,0.14091257750988007
1766,18,0.09583532810211182
1767,18,0.12372621893882751
1768,18,0.0360938236117363
1769,18,0.11421288549900055
1770,18,0.027842145413160324
1771,18,0.017315572127699852
1772,18,0.13115951418876648
1773,18,0.03052198700606823
1774,18,0.11833552271127701
1775,18,0.02225971221923828
1776,18,0.023802584037184715
1777,18,0.021023545414209366
1778,18,0.02741897851228714
1779,18,0.026481732726097107
1780,18,0.12150974571704865
1781,18,0.013147428631782532
1782,18,0.028454767540097237
1783,18,0.01737271621823311
1784,18,0.023321498185396194
1785,18,0.016122078523039818
1786,18,0.030276138335466385
1787,18,0.014452742412686348
1788,18,0.02281869202852249
1789,18,0.012608984485268593
1790,18,0.01607363671064377
1791,18,0.1031002551317215
1792,18,0.12575794756412506
1793,18,0.01554197072982788
1794,18,0.01516900397837162
1795,18,0.020593371242284775
1796,18,0.02060544677078724
1797,18,0.01727929338812828
1798,18,0.006556755863130093
1799,18,0.11255212873220444
1800,18,0.01762852817773819
1801,18,0.010902922600507736
1802,18,0.019731171429157257
1803,18,0.018935229629278183
1804,18,0.19291770458221436
1805,18,0.01369601208716631
1806,18,0.011140522547066212
1807,18,0.028647664934396744
1808,18,0.013711393810808659
1809,18,0.033607542514801025
1810,18,0.022036336362361908
1811,18,0.018818136304616928
1812,18,0.01856839843094349
1813,18,0.013099238276481628
1814,18,0.012824120000004768
1815,18,0.025703661143779755
1816,18,0.11646894365549088
1817,18,0.01350935734808445
1818,18,0.042159564793109894
1819,18,0.01710934191942215
1820,18,0.012363423593342304
1821,18,0.12381234765052795
1822,18,0.081448033452034
1823,18,0.017451275140047073
1824,18,0.02335992269217968
1825,18,0.014889382757246494
1826,18,0.015102366916835308
1827,18,0.13272470235824585
1828,18,0.015324600040912628
1829,18,0.017168499529361725
1830,18,0.018628157675266266
1831,18,0.01900620199739933
1832,18,0.025026684626936913
1833,18,0.011245325207710266
1834,18,0.021535413339734077
1835,18,0.10860183835029602
1836,18,0.12728236615657806
1837,19,0.11578194051980972
1838,19,0.013007530942559242
1839,19,0.008864909410476685
1840,19,0.019214775413274765
1841,19,0.020489100366830826
1842,19,0.016857098788022995
1843,19,0.014532375149428844
1844,19,0.01629459857940674
1845,19,0.21827185153961182
1846,19,0.025291595607995987
1847,19,0.022260606288909912
1848,19,0.10604129731655121
1849,19,0.01070489827543497
1850,19,0.022302251309156418
1851,19,0.011270676739513874
1852,19,0.025823887437582016
1853,19,0.021985484287142754
1854,19,0.024378754198551178
1855,19,0.015984000638127327
1856,19,0.009820718318223953
1857,19,0.015093527734279633
1858,19,0.01601073145866394
1859,19,0.01815091446042061
1860,19,0.012916650623083115
1861,19,0.019790135324001312
1862,19,0.010531711392104626
1863,19,0.01459637749940157
1864,19,0.012932986952364445
1865,19,0.01454802043735981
1866,19,0.011965768411755562
1867,19,0.02202487364411354
1868,19,0.011550777591764927
1869,19,0.09221649169921875
1870,19,0.12311550229787827
1871,19,0.01800561137497425
1872,19,0.010556441731750965
1873,19,0.015831628814339638
1874,19,0.018696585670113564
1875,19,0.019577179104089737
1876,19,0.021609708666801453
1877,19,0.018577130511403084
1878,19,0.01684598997235298
1879,19,0.015778331086039543
1880,19,0.015104818157851696
1881,19,0.01447360310703516
1882,19,0.015139054507017136
1883,19,0.016832061111927032
1884,19,0.015277117490768433
1885,19,0.010965779423713684
1886,19,0.016329580917954445
1887,19,0.011223742738366127
1888,19,0.01981365494430065
1889,19,0.017210043966770172
1890,19,0.021973561495542526
1891,19,0.022414205595850945
1892,19,0.0194114800542593
1893,19,0.012750017456710339
1894,19,0.015095526352524757
1895,19,0.024438757449388504
1896,19,0.023277323693037033
1897,19,0.020135410130023956
1898,19,0.019594287499785423
1899,19,0.016746200621128082
1900,19,0.016732027754187584
1901,19,0.022819720208644867
1902,19,0.008243627846240997
1903,19,0.02459864318370819
1904,19,0.10376475751399994
1905,19,0.012327400967478752
1906,19,0.022519713267683983
1907,19,0.010725493542850018
1908,19,0.019725393503904343
1909,19,0.016853008419275284
1910,19,0.025454510003328323
1911,19,0.022564101964235306
1912,19,0.01896711252629757
1913,19,0.02393772266805172
1914,19,0.021908199414610863
1915,19,0.08515085279941559
1916,19,0.02684996835887432
1917,19,0.01209207996726036
1918,19,0.020205842331051826
1919,19,0.11644790321588516
1920,19,0.013378610834479332
1921,19,0.014054331928491592
1922,19,0.025386570021510124
1923,19,0.0260897446423769
1924,19,0.02448520064353943
1925,19,0.018928267061710358
1926,19,0.015941964462399483
1927,19,0.017907865345478058
1928,19,0.02827264741063118
1929,19,0.015198853798210621
1930,19,0.014498479664325714
1931,19,0.10302276909351349
1932,19,0.028317339718341827
1933,19,0.03482843190431595
1934,19,0.009291849099099636
1935,19,0.017513424158096313
1936,19,0.018858622759580612
1937,19,0.025622054934501648
1938,19,0.010559511370956898
1939,19,0.1101272776722908
1940,19,0.01991088129580021
1941,19,0.009723396971821785
1942,19,0.0078160110861063
1943,19,0.009588705375790596
1944,19,0.2023000568151474
1945,19,0.1880049854516983
1946,19,0.023984160274267197
1947,19,0.12140395492315292
1948,19,0.01667681150138378
1949,19,0.013213434256613255
1950,19,0.018618660047650337
1951,19,0.012565983459353447
1952,19,0.021759962663054466
1953,19,0.1099565252661705
1954,19,0.08139029145240784
1955,19,0.02205975353717804
1956,19,0.012086499482393265
1957,19,0.01835421845316887
1958,19,0.014540479518473148
1959,19,0.010229242034256458
1960,19,0.015672847628593445
1961,19,0.017294814810156822
1962,19,0.025587040930986404
1963,19,0.01482987217605114
1964,19,0.008052149787545204
1965,19,0.017555980011820793
1966,19,0.00897157657891512
1967,19,0.009494378231465816
1968,19,0.02027519792318344
1969,19,0.010611218400299549
1970,19,0.02046714536845684
1971,19,0.0247358288615942
1972,19,0.01599149778485298
1973,19,0.08278578519821167
1974,19,0.01075375359505415
1975,19,0.013736112974584103
1976,19,0.026067862287163734
1977,19,0.016390522941946983
1978,19,0.014735673554241657
1979,19,0.017055252566933632
1980,19,0.011074967682361603
1981,19,0.021343061700463295
1982,19,0.10848978906869888
1983,19,0.00923843588680029
1984,19,0.07079629600048065
1985,19,0.01213135663419962
1986,19,0.009884355589747429
1987,20,0.00651600630953908
1988,20,0.013234157115221024
1989,20,0.012148595415055752
1990,20,0.027193976566195488
1991,20,0.01511632651090622
1992,20,0.00826228316873312
1993,20,0.020009085536003113
1994,20,0.009476954117417336
1995,20,0.08109182864427567
1996,20,0.025735024362802505
1997,20,0.008237010799348354
1998,20,0.02037435956299305
1999,20,0.012796351686120033
2000,20,0.009397449903190136
2001,20,0.1206083670258522
2002,20,0.14493952691555023
2003,20,0.02703072875738144
2004,20,0.06523574143648148
2005,20,0.09965633600950241
2006,20,0.09654372185468674
2007,20,0.018344469368457794
2008,20,0.13816604018211365
2009,20,0.1312757432460785
2010,20,0.03190414234995842
2011,20,0.1303098350763321
2012,20,0.024183258414268494
2013,20,0.027237262576818466
2014,20,0.015931203961372375
2015,20,0.0275323074311018
2016,20,0.03855249285697937
2017,20,0.021991169080138206
2018,20,0.034947529435157776
2019,20,0.02598506025969982
2020,20,0.031933002173900604
2021,20,0.032944969832897186
2022,20,0.01830488070845604
2023,20,0.022524656727910042
2024,20,0.014364481903612614
2025,20,0.022260190919041634
2026,20,0.015165627934038639
2027,20,0.11132349818944931
2028,20,0.13332386314868927
2029,20,0.030192382633686066
2030,20,0.10608579963445663
2031,20,0.12878616154193878
2032,20,0.12845180928707123
2033,20,0.01996179297566414
2034,20,0.10812215507030487
2035,20,0.01795891299843788
2036,20,0.021023616194725037
2037,20,0.019079133868217468
2038,20,0.027202775701880455
2039,20,0.03158818185329437
2040,20,0.013189665973186493
2041,20,0.019077444449067116
2042,20,0.014685791917145252
2043,20,0.018908556550741196
2044,20,0.023368461057543755
2045,20,0.023140454664826393
2046,20,0.022139307111501694
2047,20,0.012664174661040306
2048,20,0.030231907963752747
2049,20,0.017597617581486702
2050,20,0.017335981130599976
2051,20,0.014249931089580059
2052,20,0.0156342014670372
2053,20,0.024959154427051544
2054,20,0.010485721752047539
2055,20,0.01602705754339695
2056,20,0.11276702582836151
2057,20,0.017317891120910645
2058,20,0.03263077139854431
2059,20,0.015284966677427292
2060,20,0.027536064386367798
2061,20,0.01748991385102272
2062,20,0.008503914810717106
2063,20,0.011354300193488598
2064,20,0.11302071809768677
2065,20,0.10374168306589127
2066,20,0.020395386964082718
2067,20,0.01330114621669054
2068,20,0.016481386497616768
2069,20,0.026212621480226517
2070,20,0.010502438992261887
2071,20,0.018307702615857124
2072,20,0.07585038244724274
2073,20,0.02094210498034954
2074,20,0.02084420435130596
2075,20,0.010193081572651863
2076,20,0.016128607094287872
2077,20,0.02362324669957161
2078,20,0.021357297897338867
2079,20,0.017564106732606888
2080,20,0.023476656526327133
2081,20,0.02106759324669838
2082,20,0.012039494700729847
2083,20,0.11342753469944
2084,20,0.02838476188480854
2085,20,0.011952167376875877
2086,20,0.010948442853987217
2087,20,0.018482252955436707
2088,20,0.012181608006358147
2089,20,0.019637109711766243
2090,20,0.016670770943164825
2091,20,0.01980755850672722
2092,20,0.014449394308030605
2093,20,0.018186232075095177
2094,20,0.016407102346420288
2095,20,0.011568085290491581
2096,20,0.024605609476566315
2097,20,0.10811857879161835
2098,20,0.10474707931280136
2099,20,0.012836547568440437
2100,20,0.01410585269331932
2101,20,0.007379040587693453
2102,20,0.10562995821237564
2103,20,0.02530302107334137
2104,20,0.00784316286444664
2105,20,0.11449415981769562
2106,20,0.01064168568700552
2107,20,0.11188026517629623
2108,20,0.009563643485307693
2109,20,0.0200995821505785
2110,20,0.01990070939064026
2111,20,0.007037306670099497
2112,20,0.1305593103170395
2113,20,0.0217779278755188
2114,20,0.01575777307152748
2115,20,0.02236533723771572
2116,20,0.018924925476312637
2117,20,0.022262979298830032
2118,20,0.013410975225269794
2119,20,0.016525281593203545
2120,20,0.019625328481197357
2121,20,0.018329763785004616
2122,20,0.020975278690457344
2123,20,0.027575965970754623
2124,20,0.01773023046553135
2125,20,0.01902124099433422
2126,20,0.037152986973524094
2127,20,0.02271130122244358
2128,20,0.01653522625565529
2129,20,0.025817252695560455
2130,20,0.018563030287623405
2131,20,0.10788354277610779
2132,20,0.015185029245913029
2133,20,0.12219573557376862
2134,20,0.016419382765889168
2135,20,0.028593407943844795
2136,20,0.07571934908628464
2137,21,0.030826013535261154
2138,21,0.03899829089641571
2139,21,0.1218072772026062
2140,21,0.02280798740684986
2141,21,0.025432661175727844
2142,21,0.018767960369586945
2143,21,0.014789859764277935
2144,21,0.01337589044123888
2145,21,0.020841777324676514
2146,21,0.031705502420663834
2147,21,0.01771419309079647
2148,21,0.013733302243053913
2149,21,0.024237025529146194
2150,21,0.011160055175423622
2151,21,0.07960265129804611
2152,21,0.11244320869445801
2153,21,0.010145949199795723
2154,21,0.018781965598464012
2155,21,0.01739596202969551
2156,21,0.12275736033916473
2157,21,0.026567243039608
2158,21,0.024342915043234825
2159,21,0.010627025738358498
2160,21,0.014367308467626572
2161,21,0.017632560804486275
2162,21,0.021095026284456253
2163,21,0.012658203020691872
2164,21,0.015125823207199574
2165,21,0.016346579417586327
2166,21,0.21963191032409668
2167,21,0.011819114908576012
2168,21,0.016344580799341202
2169,21,0.011906659230589867
2170,21,0.014230449683964252
2171,21,0.0191236212849617
2172,21,0.026765579357743263
2173,21,0.015948085114359856
2174,21,0.01242508552968502
2175,21,0.018101155757904053
2176,21,0.01725318282842636
2177,21,0.018178798258304596
2178,21,0.010862056165933609
2179,21,0.01194889098405838
2180,21,0.020840568467974663
2181,21,0.012546855956315994
2182,21,0.02075628936290741
2183,21,0.016678839921951294
2184,21,0.030840376392006874
2185,21,0.012396418489515781
2186,21,0.024093056097626686
2187,21,0.016088731586933136
2188,21,0.01067164447158575
2189,21,0.0131353959441185
2190,21,0.025354871526360512
2191,21,0.020159458741545677
2192,21,0.015705715864896774
2193,21,0.013549722731113434
2194,21,0.016486376523971558
2195,21,0.019525965675711632
2196,21,0.010665273293852806
2197,21,0.035511478781700134
2198,21,0.0095909982919693
2199,21,0.00717879505828023
2200,21,0.08262354135513306
2201,21,0.019674841314554214
2202,21,0.11021881550550461
2203,21,0.017545100301504135
2204,21,0.015015159733593464
2205,21,0.008401764556765556
2206,21,0.011992243118584156
2207,21,0.013701161369681358
2208,21,0.015071646310389042
2209,21,0.017855316400527954
2210,21,0.016654886305332184
2211,21,0.01637587696313858
2212,21,0.01174552459269762
2213,21,0.013146312907338142
2214,21,0.08185921609401703
2215,21,0.01688576489686966
2216,21,0.018272923305630684
2217,21,0.009070966392755508
2218,21,0.012042779475450516
2219,21,0.06753577291965485
2220,21,0.01278338860720396
2221,21,0.006129801273345947
2222,21,0.017489856109023094
2223,21,0.018612898886203766
2224,21,0.009387834928929806
2225,21,0.01150292344391346
2226,21,0.008975177071988583
2227,21,0.10056784749031067
2228,21,0.012902787886559963
2229,21,0.10939887911081314
2230,21,0.12522704899311066
2231,21,0.009520620107650757
2232,21,0.012407873757183552
2233,21,0.022068673744797707
2234,21,0.01473210472613573
2235,21,0.018091943114995956
2236,21,0.012921575456857681
2237,21,0.010200941003859043
2238,21,0.0085200360044837
2239,21,0.01882803440093994
2240,21,0.013360334560275078
2241,21,0.018530692905187607
2242,21,0.015221729874610901
2243,21,0.0143550094217062
2244,21,0.10489438474178314
2245,21,0.10930421948432922
2246,21,0.019089726731181145
2247,21,0.017619885504245758
2248,21,0.013776740059256554
2249,21,0.01661953516304493
2250,21,0.013652108609676361
2251,21,0.09133175760507584
2252,21,0.0822039321064949
2253,21,0.06713495403528214
2254,21,0.09892301261425018
2255,21,0.06503698974847794
2256,21,0.0633019432425499
2257,21,0.177144393324852
2258,21,0.09933937340974808
2259,21,0.021195515990257263
2260,21,0.05313359200954437
2261,21,0.0462222620844841
2262,21,0.15781401097774506
2263,21,0.15287047624588013
2264,21,0.12890248000621796
2265,21,0.03683585301041603
2266,21,0.05445040762424469
2267,21,0.04765806347131729
2268,21,0.11853887140750885
2269,21,0.02978181093931198
2270,21,0.027910109609365463
2271,21,0.028106551617383957
2272,21,0.033871546387672424
2273,21,0.030542057007551193
2274,21,0.022762198001146317
2275,21,0.027051452547311783
2276,21,0.12989886105060577
2277,21,0.11388088762760162
2278,21,0.02125508338212967
2279,21,0.01860572025179863
2280,21,0.022152461111545563
2281,21,0.03284255042672157
2282,21,0.02141922153532505
2283,21,0.021353842690587044
2284,21,0.0370420403778553
2285,21,0.021396998316049576
2286,21,0.03271462768316269
2287,22,0.03800330311059952
2288,22,0.11208642274141312
2289,22,0.04081021621823311
2290,22,0.019808117300271988
2291,22,0.0150748947635293
2292,22,0.014445745386183262
2293,22,0.021676799282431602
2294,22,0.01981789991259575
2295,22,0.015239977277815342
2296,22,0.011726118624210358
2297,22,0.02032233402132988
2298,22,0.018608085811138153
2299,22,0.018229510635137558
2300,22,0.023613855242729187
2301,22,0.11688537895679474
2302,22,0.027348201721906662
2303,22,0.024371888488531113
2304,22,0.019559193402528763
2305,22,0.08614867925643921
2306,22,0.024984214454889297
2307,22,0.021553251892328262
2308,22,0.02398286759853363
2309,22,0.017858345061540604
2310,22,0.019694030284881592
2311,22,0.013708610087633133
2312,22,0.011584868654608727
2313,22,0.01773901842534542
2314,22,0.01860646903514862
2315,22,0.015663115307688713
2316,22,0.017931481823325157
2317,22,0.023294802755117416
2318,22,0.024541370570659637
2319,22,0.020949186757206917
2320,22,0.026669941842556
2321,22,0.020448988303542137
2322,22,0.09795109927654266
2323,22,0.18783476948738098
2324,22,0.02343037724494934
2325,22,0.11283715814352036
2326,22,0.015353452414274216
2327,22,0.010112730786204338
2328,22,0.022398337721824646
2329,22,0.009681244380772114
2330,22,0.01594424806535244
2331,22,0.01954348012804985
2332,22,0.012763897888362408
2333,22,0.023402497172355652
2334,22,0.1187780573964119
2335,22,0.09123994410037994
2336,22,0.11964830756187439
2337,22,0.023339230567216873
2338,22,0.020945381373167038
2339,22,0.022438477724790573
2340,22,0.015254536643624306
2341,22,0.01901540532708168
2342,22,0.012165096588432789
2343,22,0.01631874591112137
2344,22,0.021323446184396744
2345,22,0.026746001094579697
2346,22,0.041143421083688736
2347,22,0.02108897641301155
2348,22,0.017605923116207123
2349,22,0.01813441514968872
2350,22,0.020372986793518066
2351,22,0.09437505155801773
2352,22,0.026121068745851517
2353,22,0.023215055465698242
2354,22,0.013835268095135689
2355,22,0.10702283680438995
2356,22,0.012104330584406853
2357,22,0.025579407811164856
2358,22,0.022516999393701553
2359,22,0.03575228527188301
2360,22,0.01867920346558094
2361,22,0.02558981440961361
2362,22,0.0323069766163826
2363,22,0.019959373399615288
2364,22,0.029480036348104477
2365,22,0.027493325993418694
2366,22,0.12366684526205063
2367,22,0.02661755122244358
2368,22,0.16888253390789032
2369,22,0.01740151271224022
2370,22,0.02615588717162609
2371,22,0.0204010009765625
2372,22,0.014885114505887032
2373,22,0.014753463678061962
2374,22,0.023308787494897842
2375,22,0.02303178235888481
2376,22,0.012998229824006557
2377,22,0.021605752408504486
2378,22,0.010664774104952812
2379,22,0.017336156219244003
2380,22,0.014561374671757221
2381,22,0.02387067675590515
2382,22,0.01625945419073105
2383,22,0.009692996740341187
2384,22,0.01973959244787693
2385,22,0.11519709974527359
2386,22,0.01145024225115776
2387,22,0.02041003108024597
2388,22,0.0308698620647192
2389,22,0.023987948894500732
2390,22,0.020981203764677048
2391,22,0.01938793994486332
2392,22,0.021759308874607086
2393,22,0.11392951756715775
2394,22,0.028554508462548256
2395,22,0.021956780925393105
2396,22,0.010352320969104767
2397,22,0.031556811183691025
2398,22,0.01266693975776434
2399,22,0.08953431993722916
2400,22,0.01047492865473032
2401,22,0.024217424914240837
2402,22,0.02629215642809868
2403,22,0.010805143043398857
2404,23,0.018469326198101044
2405,23,0.011471102945506573
2406,23,0.020226696506142616
2407,23,0.030933035537600517
2408,23,0.014503402635455132
2409,23,0.014738994650542736
2410,23,0.07447625696659088
2411,23,0.11041945219039917
2412,23,0.2064136564731598
2413,23,0.023249682039022446
2414,23,0.00874718464910984
2415,23,0.11341210454702377
2416,23,0.023333724588155746
2417,23,0.0199858658015728
2418,23,0.01980673521757126
2419,23,0.010574568063020706
2420,23,0.020038725808262825
2421,23,0.033998750150203705
2422,23,0.008564192801713943
2423,23,0.017347877845168114
2424,23,0.018001887947320938
2425,23,0.025096941739320755
2426,23,0.037230584770441055
2427,23,0.01609160006046295
2428,23,0.028629353269934654
2429,23,0.014950308948755264
2430,23,0.018463987857103348
2431,23,0.014536584727466106
2432,23,0.021914854645729065
2433,23,0.02291679009795189
2434,23,0.020155534148216248
2435,23,0.09950795769691467
2436,23,0.020910821855068207
2437,23,0.013096566312015057
2438,23,0.017116976901888847
2439,23,0.0179582666605711
2440,23,0.010492182336747646
2441,23,0.01945730671286583
2442,23,0.020682860165834427
2443,23,0.00758762052282691
2444,23,0.024495398625731468
2445,23,0.01320611871778965
2446,23,0.01586395874619484
2447,23,0.11247394233942032
2448,23,0.01395400706678629
2449,23,0.014639965258538723
2450,23,0.013685083016753197
2451,23,0.013676892966032028
2452,23,0.013463372364640236
2453,23,0.01639721915125847
2454,23,0.016829315572977066
2455,23,0.0144721120595932
2456,23,0.12520794570446014
2457,23,0.011735187843441963
2458,23,0.07948599755764008
2459,23,0.021205751225352287
2460,23,0.0780210942029953
2461,23,0.01911502331495285
2462,23,0.023005183786153793
2463,23,0.010865695774555206
2464,23,0.01723206788301468
2465,23,0.027156807482242584
2466,23,0.016718853265047073
2467,23,0.010322906076908112
2468,23,0.024966690689325333
2469,23,0.025984007865190506
2470,23,0.028501151129603386
2471,23,0.017424123361706734
2472,23,0.020791666582226753
2473,23,0.027895933017134666
2474,23,0.010051611810922623
2475,23,0.011712512001395226
2476,23,0.025689657777547836
2477,23,0.019093167036771774
2478,23,0.01852438971400261
2479,23,0.017568927258253098
2480,23,0.018804026767611504
2481,23,0.06923815608024597
2482,23,0.015344629064202309
2483,23,0.02208808995783329
2484,23,0.01959783025085926
2485,23,0.012889654375612736
2486,23,0.023448267951607704
2487,23,0.10609741508960724
2488,23,0.028872797265648842
2489,23,0.01120985858142376
2490,23,0.1223767101764679
2491,23,0.11263199150562286
2492,23,0.014231918379664421
2493,23,0.016497738659381866
2494,23,0.03698283061385155
2495,23,0.01829368621110916
2496,23,0.035755455493927
2497,23,0.009032240137457848
2498,23,0.010718565434217453
2499,23,0.017136167734861374
2500,23,0.01394040696322918
2501,23,0.07942080497741699
2502,23,0.08024173229932785
2503,23,0.054533205926418304
2504,23,0.05164895951747894
2505,23,0.047313060611486435
2506,23,0.05902350693941116
2507,23,0.05388273671269417
2508,23,0.032616741955280304
2509,23,0.03015824221074581
2510,23,0.031221255660057068
2511,23,0.029950233176350594
2512,23,0.03291095793247223
2513,23,0.04273026064038277
2514,23,0.1439894437789917
2515,23,0.032349009066820145
2516,23,0.01944565214216709
2517,23,0.10569707304239273
2518,23,0.056928932666778564
2519,23,0.03887932002544403
2520,23,0.032358862459659576
2521,23,0.03709878772497177
2522,23,0.047386284917593
2523,23,0.027119241654872894
2524,23,0.025976214557886124
2525,23,0.03170305863022804
2526,23,0.03720046579837799
2527,23,0.0198249239474535
2528,23,0.07879243791103363
2529,23,0.02839149907231331
2530,23,0.026896193623542786
2531,23,0.019227882847189903
2532,23,0.03643845021724701
2533,23,0.02721722237765789
2534,23,0.08286385238170624
2535,23,0.12036950886249542
2536,23,0.017997408285737038
2537,23,0.02532278746366501
2538,23,0.03579216077923775
2539,23,0.038080353289842606
2540,23,0.02072201669216156
2541,23,0.02421853505074978
2542,23,0.028035473078489304
2543,23,0.019957009702920914
2544,23,0.025333691388368607
2545,23,0.11107180267572403
2546,23,0.11113467812538147
2547,23,0.11321383714675903
2548,23,0.01366930827498436
2549,23,0.09012168645858765
2550,23,0.01575668342411518
2551,23,0.020083114504814148
2552,23,0.027297968044877052
2553,23,0.031136570498347282
2554,24,0.018913784995675087
2555,24,0.0825590044260025
2556,24,0.019016053527593613
2557,24,0.027236655354499817
2558,24,0.028585126623511314
2559,24,0.0710461288690567
2560,24,0.03560655191540718
2561,24,0.12321269512176514
2562,24,0.11335355043411255
2563,24,0.19571584463119507
2564,24,0.022868288680911064
2565,24,0.02670019306242466
2566,24,0.021013077348470688
2567,24,0.014245480298995972
2568,24,0.026534147560596466
2569,24,0.026013260707259178
2570,24,0.020817913115024567
2571,24,0.02360318973660469
2572,24,0.07631077617406845
2573,24,0.03456050902605057
2574,24,0.016122015193104744
2575,24,0.01548813097178936
2576,24,0.026200834661722183
2577,24,0.026067934930324554
2578,24,0.01673380844295025
2579,24,0.012765264138579369
2580,24,0.017734868451952934
2581,24,0.0169772170484066
2582,24,0.03133310005068779
2583,24,0.031159833073616028
2584,24,0.030609751120209694
2585,24,0.039717916399240494
2586,25,0.03308579698204994
2587,25,0.028960300609469414
2588,25,0.022744817659258842
2589,25,0.024794790893793106
2590,25,0.016983097419142723
2591,25,0.024967091158032417
2592,25,0.1011560708284378
2593,25,0.11344365775585175
2594,25,0.014774603769183159
2595,25,0.0907839834690094
2596,25,0.030315924435853958
2597,25,0.016331057995557785
2598,25,0.026510559022426605
2599,25,0.013089997693896294
2600,25,0.021725503727793694
2601,25,0.024833278730511665
2602,25,0.010342670604586601
2603,25,0.017618007957935333
2604,25,0.00832693837583065
2605,25,0.01257147267460823
2606,25,0.022108644247055054
2607,25,0.011132044717669487
2608,25,0.015911316499114037
2609,25,0.035883571952581406
2610,25,0.025272587314248085
2611,25,0.02616918459534645
2612,25,0.020488476380705833
2613,25,0.08041712641716003
2614,25,0.023682791739702225
2615,25,0.06904882192611694
2616,25,0.021341636776924133
2617,25,0.028279244899749756
2618,25,0.09745796024799347
2619,25,0.030058186501264572
2620,25,0.02061588317155838
2621,25,0.027023108676075935
2622,25,0.037912603467702866
2623,25,0.02861606702208519
2624,26,0.022790227085351944
2625,26,0.014687092043459415
2626,26,0.015704119578003883
2627,26,0.020133908838033676
2628,26,0.0221124067902565
2629,26,0.014976965263485909
2630,26,0.11886163055896759
2631,26,0.11327871680259705
2632,26,0.02206188440322876
2633,26,0.026978889480233192
2634,26,0.0930093377828598
2635,26,0.01481935940682888
2636,26,0.027072377502918243
2637,26,0.01909220591187477
2638,26,0.0202313382178545
2639,26,0.10419141501188278
2640,26,0.023104671388864517
2641,26,0.011400136165320873
2642,26,0.03406031057238579
2643,26,0.01915151998400688
2644,26,0.12484245747327805
2645,26,0.017265846952795982
2646,26,0.1054670512676239
2647,26,0.012134249322116375
2648,26,0.11706186085939407
2649,26,0.01934242434799671
2650,26,0.022059638053178787
2651,26,0.027668336406350136
2652,26,0.029995514079928398
2653,26,0.019915848970413208
2654,26,0.027596522122621536
2655,26,0.03284264728426933
2656,26,0.01679258421063423
2657,26,0.015495085157454014
2658,26,0.08129406720399857
2659,26,0.02121027559041977
2660,26,0.019361495971679688
2661,26,0.01725778542459011
2662,26,0.024230074137449265
2663,26,0.02476455457508564
2664,26,0.022101743146777153
2665,26,0.01371493935585022
2666,26,0.07230882346630096
2667,26,0.06946264952421188
2668,26,0.11943517625331879
2669,26,0.02375168912112713
2670,26,0.02989904209971428
2671,26,0.017119385302066803
2672,26,0.013245604932308197
2673,26,0.027443382889032364
2674,26,0.019970960915088654
2675,26,0.022205408662557602
2676,26,0.1102999746799469
2677,26,0.023213807493448257
2678,26,0.016651012003421783
2679,26,0.016492580994963646
2680,26,0.06405775994062424
2681,26,0.01982567273080349
2682,26,0.03796224296092987
2683,26,0.026086483150720596
2684,27,0.02897152304649353
2685,27,0.019953038543462753
2686,27,0.023099655285477638
2687,27,0.02213277854025364
2688,27,0.027444228529930115
2689,27,0.022591672837734222
2690,27,0.021935172379016876
2691,27,0.03309310972690582
2692,27,0.07299074530601501
2693,27,0.0319393128156662
2694,27,0.025164010003209114
2695,27,0.017485879361629486
2696,27,0.026543747633695602
2697,27,0.02502191811800003
2698,27,0.025866765528917313
2699,27,0.017091335728764534
2700,27,0.03249464929103851
2701,27,0.01992986351251602
2702,27,0.018383251503109932
2703,27,0.10698962956666946
2704,27,0.014611644670367241
2705,27,0.021095916628837585
2706,27,0.08135610818862915
2707,27,0.07179074734449387
2708,27,0.019577767699956894
2709,27,0.08232350647449493
2710,27,0.019177421927452087
2711,27,0.022372158244252205
2712,27,0.019363269209861755
2713,27,0.014219166710972786
2714,27,0.020263321697711945
2715,27,0.019183922559022903
2716,27,0.017341619357466698
2717,27,0.11346688866615295
2718,27,0.21860088407993317
2719,27,0.012030435726046562
2720,27,0.019580688327550888
2721,27,0.018969213590025902
2722,27,0.2057679295539856
2723,27,0.02120928280055523
2724,27,0.02195289544761181
2725,27,0.01568320021033287
2726,27,0.022602541372179985
2727,27,0.11334463208913803
2728,27,0.026561830192804337
2729,27,0.09850925952196121
2730,27,0.017382921651005745
2731,27,0.02103857696056366
2732,27,0.023663761094212532
2733,27,0.024641787633299828
2734,27,0.027122514322400093
2735,27,0.016718177124857903
2736,27,0.015396082773804665
2737,27,0.08576878905296326
2738,27,0.022165628150105476
2739,27,0.01979593187570572
2740,27,0.010366424918174744
2741,27,0.016807373613119125
2742,27,0.024363089352846146
2743,27,0.01884179376065731
2744,27,0.013807647861540318
2745,27,0.0186390932649374
2746,27,0.11104259639978409
2747,27,0.020096994936466217
2748,27,0.031083980575203896
2749,27,0.10721438378095627
2750,27,0.2048400640487671
2751,27,0.04491293057799339
2752,27,0.06749583780765533
2753,27,0.05170384794473648
2754,27,0.03379049897193909
2755,27,0.0385485514998436
2756,27,0.04835043475031853
2757,27,0.044813577085733414
2758,27,0.12822586297988892
2759,27,0.02998540922999382
2760,27,0.028626613318920135
2761,27,0.02788558416068554
2762,27,0.029128864407539368
2763,27,0.02513108216226101
2764,27,0.124025858938694
2765,27,0.032147593796253204
2766,27,0.027038097381591797
2767,27,0.10366165637969971
2768,27,0.03909154236316681
2769,28,0.02403729408979416
2770,28,0.05036135017871857
2771,28,0.027152778580784798
2772,28,0.018923938274383545
2773,28,0.10978225618600845
2774,28,0.1653873771429062
2775,28,0.027900472283363342
2776,28,0.017808593809604645
2777,28,0.02066110447049141
2778,28,0.025811126455664635
2779,28,0.03458056226372719
2780,28,0.06504137068986893
2781,28,0.03399445116519928
2782,28,0.2160392552614212
2783,28,0.04576394334435463
2784,28,0.030357828363776207
2785,28,0.024965748190879822
2786,28,0.037651535123586655
2787,28,0.037833720445632935
2788,28,0.03126257285475731
2789,28,0.03070787526667118
2790,28,0.10119897127151489
2791,28,0.038364946842193604
2792,28,0.20626366138458252
2793,28,0.025825168937444687
2794,28,0.026840871199965477
2795,28,0.027064817026257515
2796,28,0.03596466779708862
2797,28,0.1113658994436264
2798,29,0.02143191546201706
2799,29,0.01744445413351059
2800,29,0.036241766065359116
2801,29,0.04203343763947487
2802,29,0.04412100836634636
2803,29,0.07500134408473969
2804,29,0.13162070512771606
2805,29,0.019508710131049156
2806,29,0.02596493996679783
2807,29,0.01899666339159012
2808,29,0.032017629593610764
2809,29,0.02232326939702034
2810,29,0.02853691764175892
2811,29,0.12393533438444138
2812,29,0.07783473283052444
2813,29,0.02025330811738968
2814,29,0.024575287476181984
2815,29,0.023214437067508698
2816,29,0.01890742778778076
2817,29,0.02301361784338951
2818,29,0.028459373861551285
2819,29,0.029288727790117264
2820,29,0.024629563093185425
2821,29,0.025357672944664955
2822,29,0.02436932362616062
2823,29,0.019137263298034668
2824,29,0.02208816260099411
2825,29,0.029454519972205162
2826,29,0.031808897852897644
2827,29,0.0917864441871643
2828,29,0.028399478644132614
2829,29,0.03040901944041252
2830,29,0.025886211544275284
2831,29,0.09142224490642548
2832,29,0.022593723610043526
2833,29,0.031100021675229073
2834,29,0.021597160026431084
2835,29,0.0180327370762825
2836,29,0.02277580462396145
2837,29,0.026888923719525337
2838,29,0.03481461852788925
2839,29,0.015442254021763802
2840,29,0.031357571482658386
2841,29,0.10589409619569778
2842,29,0.024229198694229126
2843,29,0.02495487593114376
2844,29,0.036077313125133514
2845,29,0.033428918570280075
2846,29,0.02894340455532074
2847,29,0.11274077743291855
2848,29,0.017801929265260696
2849,29,0.046846695244312286
2850,29,0.02670011669397354
2851,29,0.016403578221797943
2852,29,0.018973911181092262
2853,29,0.026064740493893623
2854,29,0.07192868739366531
2855,29,0.026006042957305908
2856,29,0.16540007293224335
2857,29,0.029788339510560036
2858,29,0.02991361916065216
2859,29,0.03166230395436287
2860,29,0.019359398633241653
2861,29,0.1124606728553772
2862,29,0.02269236370921135
2863,29,0.10297761857509613
2864,29,0.01983874849975109
2865,29,0.033517882227897644
2866,29,0.03212366998195648
2867,29,0.02151590958237648
2868,30,0.03406175971031189
2869,30,0.026591584086418152
2870,30,0.014178715646266937
2871,30,0.0559413768351078
2872,30,0.029484987258911133
2873,30,0.02810635045170784
2874,30,0.019403621554374695
2875,30,0.01854172721505165
2876,30,0.023898322135210037
2877,30,0.10228937119245529
2878,30,0.025453554466366768
2879,30,0.030034644529223442
2880,30,0.025395013391971588
2881,30,0.01905682310461998
2882,30,0.11440086364746094
2883,30,0.03483932092785835
2884,30,0.02565121278166771
2885,30,0.025696592405438423
2886,30,0.039674773812294006
2887,30,0.047692567110061646
2888,30,0.0235441941767931
2889,30,0.02486264891922474
2890,30,0.01952292211353779
2891,30,0.11108171194791794
2892,30,0.03144698217511177
2893,30,0.07799824327230453
2894,30,0.12213534861803055
2895,30,0.01768067106604576
2896,30,0.023968517780303955
2897,30,0.020073752850294113
2898,30,0.019775526598095894
2899,30,0.023852847516536713
2900,30,0.09848872572183609
2901,30,0.01890282705426216
2902,30,0.017818592488765717
2903,30,0.020310811698436737
2904,30,0.020031411200761795
2905,30,0.027420826256275177
2906,30,0.028242504224181175
2907,30,0.02126755751669407
2908,30,0.019086536020040512
2909,30,0.017918884754180908
2910,30,0.07415121793746948
2911,30,0.11051327735185623
2912,30,0.029182543978095055
2913,30,0.015165476128458977
2914,30,0.01116189081221819
2915,30,0.13422660529613495
2916,30,0.013682540506124496
2917,30,0.03526429086923599
2918,30,0.12229865789413452
2919,30,0.0198785662651062
2920,30,0.017864687368273735
2921,30,0.12667368352413177
2922,30,0.11584041267633438
2923,30,0.029941774904727936
2924,30,0.021777551621198654
2925,30,0.01568557322025299
2926,30,0.019772492349147797
2927,30,0.01411432959139347
2928,30,0.019166775047779083
2929,30,0.11807471513748169
2930,30,0.17772135138511658
2931,30,0.029885105788707733
2932,30,0.020907333120703697
2933,30,0.019835244864225388
2934,30,0.023047711700201035
2935,30,0.03341346234083176
2936,30,0.01903204247355461
2937,30,0.028608111664652824
2938,31,0.02130391076207161
2939,31,0.018816743046045303
2940,31,0.022964444011449814
2941,31,0.03320911526679993
2942,31,0.02655159868299961
2943,31,0.027508443221449852
2944,31,0.025406328961253166
2945,31,0.027296852320432663
2946,31,0.02006104588508606
2947,31,0.02843877486884594
2948,31,0.016382791101932526
2949,31,0.12114614248275757
2950,31,0.06160041689872742
2951,31,0.026207439601421356
2952,31,0.0287831649184227
2953,31,0.09995961934328079
2954,31,0.10016901791095734
2955,31,0.02677030861377716
2956,31,0.2101149559020996
2957,31,0.11490947008132935
2958,31,0.01915876194834709
2959,31,0.09886673092842102
2960,31,0.030977722257375717
2961,31,0.022052492946386337
2962,31,0.06437037885189056
2963,31,0.030860567465424538
2964,31,0.09505602717399597
2965,31,0.02794238179922104
2966,31,0.027839383110404015
2967,31,0.11405090242624283
2968,31,0.12351533770561218
2969,31,0.01740267127752304
2970,31,0.03809763491153717
2971,31,0.03834516927599907
2972,31,0.01707458682358265
2973,31,0.017658235505223274
2974,31,0.026397010311484337
2975,31,0.013960707932710648
2976,31,0.029403259977698326
2977,31,0.02484970912337303
2978,31,0.02454996109008789
2979,31,0.029194487258791924
2980,31,0.016901427879929543
2981,31,0.10126489400863647
2982,31,0.027906322851777077
2983,31,0.029776057228446007
2984,31,0.01514723151922226
2985,31,0.07499246299266815
2986,31,0.045163050293922424
2987,31,0.024247199296951294
2988,31,0.026366395875811577
2989,31,0.018819671124219894
2990,31,0.02695671282708645
2991,31,0.01339004933834076
2992,31,0.034913986921310425
2993,31,0.015437212772667408
2994,31,0.030904201790690422
2995,31,0.031440407037734985
2996,31,0.03664521872997284
2997,31,0.034787021577358246
2998,31,0.0172748900949955
2999,31,0.08208706229925156
3000,31,0.029953407123684883
3001,31,0.04012737795710564
3002,31,0.06316231936216354
3003,31,0.0471307635307312
3004,31,0.0857880562543869
3005,31,0.053306885063648224
3006,31,0.03371541202068329
3007,31,0.12642177939414978
3008,31,0.04245826601982117
3009,31,0.0364915132522583
3010,31,0.032933130860328674
3011,31,0.030541107058525085
3012,31,0.0365220382809639
3013,31,0.19557681679725647
3014,31,0.12314968556165695
3015,31,0.029904821887612343
3016,31,0.1132342740893364
3017,31,0.029795130714774132
3018,31,0.03427471965551376
3019,31,0.036150865256786346
3020,31,0.14361043274402618
3021,31,0.02997451089322567
3022,31,0.03748224303126335
3023,31,0.030504534021019936
3024,31,0.029242530465126038
3025,31,0.03255050256848335
3026,31,0.026680655777454376
3027,31,0.03775191307067871
3028,31,0.026658687740564346
3029,31,0.04010478034615517
3030,31,0.06114395707845688
3031,31,0.033908069133758545
3032,31,0.042181044816970825
3033,31,0.03396258503198624
3034,31,0.037684570997953415
3035,31,0.0286256056278944
3036,31,0.037694092839956284
3037,31,0.03354601562023163
3038,31,0.03969227522611618
3039,31,0.12101658433675766
3040,31,0.10867346078157425
3041,31,0.10864449292421341
3042,31,0.026208985596895218
3043,31,0.03629111871123314
3044,31,0.0330001562833786
3045,31,0.07114975154399872
3046,31,0.09939543902873993
3047,31,0.02576713263988495
3048,31,0.02690046839416027
3049,31,0.02680039033293724
3050,31,0.027149077504873276
3051,31,0.038725413382053375
3052,31,0.023695548996329308
3053,31,0.026512017473578453
3054,31,0.014843891374766827
3055,31,0.19486398994922638
3056,31,0.03829389438033104
3057,31,0.022147104144096375
3058,31,0.02946213260293007
3059,31,0.02123164013028145
3060,31,0.03544456511735916
3061,31,0.11921990662813187
3062,31,0.027802418917417526
3063,31,0.023145385086536407
3064,31,0.016652939841151237
3065,31,0.023499174043536186
3066,31,0.0298903975635767
3067,31,0.11578714847564697
3068,31,0.03497887775301933
3069,31,0.11977331340312958
3070,31,0.02274240180850029
3071,31,0.020815541967749596
3072,31,0.03315607085824013
3073,31,0.029582031071186066
3074,31,0.028266366571187973
3075,31,0.0247945673763752
3076,31,0.034937821328639984
3077,31,0.03155018016695976
3078,31,0.019751552492380142
3079,31,0.0448845811188221
3080,31,0.03378761187195778
3081,31,0.03392098844051361
3082,31,0.02640632726252079
3083,31,0.02035701274871826
3084,31,0.19225212931632996
3085,31,0.0319778211414814
3086,31,0.04287729039788246
3087,31,0.0299592986702919
3088,32,0.025919109582901
3089,32,0.01945497654378414
3090,32,0.03189471364021301
3091,32,0.03902323544025421
3092,32,0.02026115171611309
3093,32,0.017379872500896454
3094,32,0.018001217395067215
3095,32,0.0203724205493927
3096,32,0.020844072103500366
3097,32,0.02248241752386093
3098,32,0.0207386314868927
3099,32,0.02097775787115097
3100,32,0.10463987290859222
3101,32,0.02023162879049778
3102,32,0.0977143943309784
3103,32,0.01731487736105919
3104,32,0.0272297915071249
3105,32,0.0190892294049263
3106,32,0.029210122302174568
3107,32,0.01565493270754814
3108,32,0.020842330530285835
3109,32,0.025899676606059074
3110,32,0.059108346700668335
3111,32,0.11661612242460251
3112,32,0.024321138858795166
3113,32,0.03087124601006508
3114,32,0.03015679493546486
3115,32,0.07508397847414017
3116,32,0.024305304512381554
3117,32,0.023531120270490646
3118,32,0.10727545619010925
3119,32,0.03602953627705574
3120,32,0.029488272964954376
3121,32,0.042191170156002045
3122,32,0.024020301178097725
3123,32,0.10860734432935715
3124,32,0.01817433349788189
3125,32,0.01867963746190071
3126,32,0.030098941177129745
3127,32,0.03349047899246216
3128,32,0.01795831322669983
3129,32,0.02631625533103943
3130,32,0.04103322699666023
3131,32,0.01856756955385208
3132,32,0.022000139579176903
3133,32,0.11228962987661362
3134,32,0.03298795968294144
3135,32,0.022936105728149414
3136,32,0.019209159538149834
3137,32,0.02685636468231678
3138,32,0.02593662403523922
3139,32,0.015315496362745762
3140,32,0.016846004873514175
3141,32,0.01980198547244072
3142,32,0.0640498623251915
3143,32,0.0274298544973135
3144,32,0.02014840953052044
3145,32,0.09823577851057053
3146,32,0.03011510521173477
3147,32,0.013544682413339615
3148,32,0.016476279124617577
3149,32,0.04581204801797867
3150,32,0.11929608881473541
3151,32,0.020684994757175446
3152,32,0.02159377746284008
3153,32,0.024940740317106247
3154,32,0.03167496994137764
3155,32,0.10280447453260422
3156,32,0.018948890268802643
3157,32,0.02234756201505661
3158,32,0.11295591294765472
3159,32,0.025681372731924057
3160,32,0.07320282608270645
3161,32,0.10651125758886337
3162,32,0.024195581674575806
3163,32,0.01933419331908226
3164,32,0.08243665844202042
3165,32,0.029851408675312996
3166,32,0.0328492745757103
3167,32,0.10403668880462646
3168,32,0.02327563241124153
3169,32,0.028600644320249557
3170,32,0.0247757900506258
3171,32,0.02071046456694603
3172,32,0.023149391636252403
3173,32,0.03182859346270561
3174,32,0.10850129276514053
3175,32,0.02739948034286499
3176,32,0.023509716615080833
3177,32,0.019925270229578018
3178,32,0.016397865489125252
3179,32,0.0198247991502285
3180,32,0.020638173446059227
3181,32,0.023880772292613983
3182,32,0.03261936083436012
3183,32,0.017703788354992867
3184,32,0.073723703622818
3185,32,0.06247084587812424
3186,32,0.11400648951530457
3187,32,0.033195968717336655
3188,32,0.09021411836147308
3189,32,0.022589081898331642
3190,32,0.024868879467248917
3191,32,0.019629720598459244
3192,32,0.02479403093457222
3193,32,0.028618663549423218
3194,32,0.03328758850693703
3195,32,0.04549100995063782
3196,32,0.03548351675271988
3197,32,0.02473301813006401
3198,32,0.018626784905791283
3199,32,0.027782732620835304
3200,32,0.031038615852594376
3201,32,0.02660369873046875
3202,32,0.10382282733917236
3203,32,0.022979944944381714
3204,32,0.028308307752013206
3205,32,0.030753692612051964
3206,32,0.024612490087747574
3207,32,0.01825685426592827
3208,32,0.10229652374982834
3209,32,0.018910087645053864
3210,32,0.03127866983413696
3211,32,0.020205043256282806
3212,32,0.027663610875606537
3213,32,0.023662686347961426
3214,32,0.015201554633677006
3215,32,0.0321115218102932
3216,32,0.01919647306203842
3217,32,0.02809351123869419
3218,32,0.013125703670084476
3219,32,0.013504448346793652
3220,32,0.013539149425923824
3221,32,0.01767713949084282
3222,32,0.03152904286980629
3223,32,0.02409101463854313
3224,32,0.024727094918489456
3225,32,0.10318895429372787
3226,32,0.02733001671731472
3227,32,0.03387686237692833
3228,32,0.023917879909276962
3229,32,0.03130124509334564
3230,32,0.025881009176373482
3231,32,0.01740899682044983
3232,32,0.02043754979968071
3233,32,0.01383985485881567
3234,32,0.09279827028512955
3235,32,0.011590208858251572
3236,32,0.013827606104314327
3237,32,0.09030979871749878
3238,33,0.1956421136856079
3239,33,0.02015812322497368
3240,33,0.1208297461271286
3241,33,0.028192881494760513
3242,33,0.06761644780635834
3243,33,0.03652839735150337
3244,33,0.025535203516483307
3245,33,0.026144126430153847
3246,33,0.020283017307519913
3247,33,0.025270547717809677
3248,33,0.07640719413757324
3249,33,0.019631480798125267
3250,33,0.031206663697957993
3251,33,0.043355945497751236
3252,33,0.04860139638185501
3253,33,0.052604734897613525
3254,33,0.0310013759881258
3255,33,0.04556369036436081
3256,33,0.09792835265398026
3257,33,0.0421316884458065
3258,33,0.027763137593865395
3259,33,0.024398427456617355
3260,33,0.04021717235445976
3261,33,0.09964126348495483
3262,33,0.04004723206162453
3263,33,0.11177538335323334
3264,33,0.12155340611934662
3265,33,0.03529341146349907
3266,33,0.10509495437145233
3267,33,0.03187638521194458
3268,33,0.036438800394535065
3269,33,0.025008022785186768
3270,33,0.04979412630200386
3271,33,0.03749518096446991
3272,33,0.11627456545829773
3273,33,0.033474117517471313
3274,33,0.026862984523177147
3275,33,0.09659191220998764
3276,33,0.01917494274675846
3277,33,0.029114311560988426
3278,33,0.21947240829467773
3279,33,0.03178248181939125
3280,33,0.023770898580551147
3281,33,0.034108880907297134
3282,33,0.022563206031918526
3283,33,0.04017587751150131
3284,33,0.022099941968917847
3285,33,0.07991746813058853
3286,33,0.09520681202411652
3287,34,0.03876256197690964
3288,34,0.031559720635414124
3289,34,0.02522571012377739
3290,34,0.020426370203495026
3291,34,0.037316977977752686
3292,34,0.026059353724122047
3293,34,0.02960355579853058
3294,34,0.05619507655501366
3295,34,0.016954950988292694
3296,34,0.030543692409992218
3297,34,0.02596106007695198
3298,34,0.04033088684082031
3299,34,0.04908561706542969
3300,34,0.021211721003055573
3301,34,0.029681667685508728
3302,34,0.03222212940454483
3303,34,0.0614042654633522
3304,34,0.022925103083252907
3305,34,0.030218392610549927
3306,34,0.028577614575624466
3307,34,0.035930465906858444
3308,34,0.025939352810382843
3309,34,0.024335915222764015
3310,34,0.025826741009950638
3311,34,0.02445627935230732
3312,34,0.022978540509939194
3313,34,0.04060353711247444
3314,34,0.020571716129779816
3315,34,0.026660477742552757
3316,34,0.01908281445503235
3317,34,0.025841373950242996
3318,34,0.032413285225629807
3319,34,0.022748932242393494
3320,34,0.024664200842380524
3321,34,0.015120813623070717
3322,34,0.022813424468040466
3323,34,0.08000637590885162
3324,34,0.01903158240020275
3325,34,0.026708465069532394
3326,34,0.02579020895063877
3327,34,0.027041234076023102
3328,34,0.022642044350504875
3329,34,0.031720321625471115
3330,34,0.03459669277071953
3331,34,0.026552697643637657
3332,34,0.17720943689346313
3333,34,0.02751075103878975
3334,34,0.01979965716600418
3335,34,0.06795770674943924
3336,34,0.02403724007308483
3337,34,0.0376816987991333
3338,34,0.025181548669934273
3339,34,0.021014904603362083
3340,34,0.02039329893887043
3341,34,0.0288059301674366
3342,34,0.028637316077947617
3343,34,0.02044600248336792
3344,34,0.018962301313877106
3345,34,0.02331685461103916
3346,34,0.029770411550998688
3347,34,0.03102010488510132
3348,34,0.020444149151444435
3349,34,0.10272721946239471
3350,34,0.032635413110256195
3351,34,0.02994975820183754
3352,34,0.13359040021896362
3353,34,0.02257855050265789
3354,34,0.03410537540912628
3355,34,0.02915346808731556
3356,34,0.033338457345962524
3357,34,0.01734062097966671
3358,34,0.02738317847251892
3359,34,0.029050908982753754
3360,34,0.02986893802881241
3361,34,0.03067193552851677
3362,34,0.03406241163611412
3363,34,0.018522780388593674
3364,34,0.017412060871720314
3365,34,0.022069280967116356
3366,34,0.034840360283851624
3367,34,0.030858632177114487
3368,34,0.048867516219615936
3369,34,0.033766403794288635
3370,34,0.03169773891568184
3371,34,0.020944617688655853
3372,34,0.018248753622174263
3373,34,0.01628543995320797
3374,34,0.16547057032585144
3375,34,0.04116874188184738
3376,34,0.02990134246647358
3377,34,0.1094086766242981
3378,34,0.058046821504831314
3379,34,0.019879808649420738
3380,34,0.016543712466955185
3381,34,0.015408916398882866
3382,34,0.10748174786567688
3383,34,0.020648499950766563
3384,34,0.019471773877739906
3385,34,0.024300193414092064
3386,34,0.19765233993530273
3387,34,0.02333650551736355
3388,34,0.016908975318074226
3389,34,0.019145097583532333
3390,34,0.033206067979335785
3391,34,0.03604712337255478
3392,34,0.01936560869216919
3393,34,0.039139118045568466
3394,34,0.09654578566551208
3395,34,0.02603372558951378
3396,34,0.01750553771853447
3397,34,0.0252905935049057
3398,34,0.05086300149559975
3399,34,0.03566456213593483
3400,34,0.10710438340902328
3401,34,0.027442006394267082
3402,34,0.027387306094169617
3403,34,0.029185228049755096
3404,34,0.024250134825706482
3405,34,0.052490610629320145
3406,34,0.03019368089735508
3407,34,0.03683498129248619
3408,34,0.020186830312013626
3409,34,0.025259802117943764
3410,34,0.018847862258553505
3411,34,0.022150496020913124
3412,34,0.023604741320014
3413,34,0.06909480690956116
3414,34,0.04675709456205368
3415,34,0.029343660920858383
3416,34,0.023585990071296692
3417,34,0.02826010249555111
3418,34,0.02821928821504116
3419,34,0.03425363823771477
3420,34,0.040876440703868866
3421,34,0.017057616263628006
3422,34,0.013581197708845139
3423,34,0.019757673144340515
3424,34,0.029975349083542824
3425,34,0.09302574396133423
3426,34,0.0184331014752388
3427,34,0.020383058115839958
3428,34,0.16969692707061768
3429,34,0.018129713833332062
3430,34,0.025647876784205437
3431,34,0.01964370720088482
3432,34,0.10096073150634766
3433,34,0.022505704313516617
3434,34,0.0207675788551569
3435,34,0.018780745565891266
3436,34,0.020693175494670868
3437,35,0.028775736689567566
3438,35,0.01939832605421543
3439,35,0.013471760787069798
3440,35,0.018186818808317184
3441,35,0.0311293788254261
3442,35,0.02291085571050644
3443,35,0.02776992693543434
3444,35,0.026732003316283226
3445,35,0.10222966969013214
3446,35,0.03515150770545006
3447,35,0.02998337149620056
3448,35,0.025364961475133896
3449,35,0.01808024011552334
3450,35,0.014418467879295349
3451,35,0.02165745198726654
3452,35,0.020627960562705994
3453,35,0.023827092722058296
3454,35,0.02007981203496456
3455,35,0.020237965509295464
3456,35,0.03882456570863724
3457,35,0.0994357019662857
3458,35,0.0304594486951828
3459,35,0.029664166271686554
3460,35,0.017250066623091698
3461,35,0.019620226696133614
3462,35,0.09659141302108765
3463,35,0.024111976847052574
3464,35,0.017942454665899277
3465,35,0.10076280683279037
3466,36,0.02219141647219658
3467,36,0.020134536549448967
3468,36,0.021062292158603668
3469,36,0.03052787482738495
3470,36,0.061595603823661804
3471,36,0.024626007303595543
3472,36,0.017013713717460632
3473,36,0.11449210345745087
3474,36,0.05043208599090576
3475,36,0.023602791130542755
3476,36,0.027663037180900574
3477,36,0.01467949990183115
3478,36,0.0202388446778059
3479,37,0.02151688188314438
3480,37,0.014779730699956417
3481,37,0.04982836917042732
3482,37,0.027707990258932114
3483,37,0.10009303689002991
3484,37,0.02214016579091549
3485,37,0.017504526302218437
3486,37,0.017158595845103264
3487,37,0.018415095284581184
3488,37,0.03534781560301781
3489,37,0.03135654330253601
3490,37,0.01883569173514843
3491,37,0.01941864751279354
3492,37,0.017009561881422997
3493,37,0.19958004355430603
3494,37,0.014306769706308842
3495,37,0.026006486266851425
3496,37,0.02457796409726143
3497,37,0.029886402189731598
3498,37,0.024712765589356422
3499,37,0.02188028022646904
3500,37,0.11131085455417633
3501,37,0.09368588030338287
3502,37,0.040808845311403275
3503,37,0.050078004598617554
3504,37,0.029430432245135307
3505,37,0.03627568483352661
3506,37,0.08615376055240631
3507,37,0.03705630078911781
3508,37,0.02941870503127575
3509,37,0.0306790042668581
3510,37,0.02797125093638897
3511,37,0.04130273312330246
3512,37,0.03425680845975876
3513,37,0.03640273958444595
3514,37,0.030426103621721268
3515,37,0.021172164008021355
3516,37,0.02779044583439827
3517,37,0.029835212975740433
3518,37,0.044213954359292984
3519,37,0.03710094094276428
3520,37,0.027794482186436653
3521,37,0.021547922864556313
3522,37,0.03080582618713379
3523,37,0.036673422902822495
3524,37,0.027391349896788597
3525,37,0.024372337386012077
3526,37,0.020683325827121735
3527,37,0.04111761227250099
3528,37,0.026400316506624222
3529,37,0.0174180306494236
3530,37,0.042018625885248184
3531,37,0.09075281023979187
3532,37,0.07331307232379913
3533,37,0.03888308256864548
3534,37,0.023457076400518417
3535,37,0.08718956261873245
3536,37,0.09863968193531036
3537,37,0.024707859382033348
3538,37,0.06480947136878967
3539,37,0.029895534738898277
3540,37,0.02551245503127575
3541,37,0.035390060395002365
3542,37,0.04277663305401802
3543,37,0.03162626549601555
3544,37,0.034578584134578705
3545,37,0.10248339176177979
3546,37,0.08227052539587021
3547,37,0.024718202650547028
3548,37,0.031885892152786255
3549,37,0.02895805425941944
3550,37,0.0160248763859272
3551,37,0.02195618487894535
3552,37,0.06972482800483704
3553,37,0.04884416610002518
3554,37,0.03665471449494362
3555,37,0.019747113808989525
3556,37,0.03246680274605751
3557,37,0.02900298871099949
3558,37,0.04427433758974075
3559,37,0.10954876989126205
3560,37,0.02989991568028927
3561,37,0.09174506366252899
3562,37,0.023853112012147903
3563,37,0.02110358141362667
3564,37,0.028029125183820724
3565,37,0.023184318095445633
3566,37,0.030134549364447594
3567,37,0.022560304030776024
3568,37,0.024110225960612297
3569,37,0.023665690794587135
3570,37,0.04028823971748352
3571,37,0.028135787695646286
3572,37,0.10116652399301529
3573,37,0.026667945086956024
3574,37,0.1359693855047226
3575,37,0.02372094802558422
3576,37,0.07385431230068207
3577,37,0.02330157719552517
3578,37,0.02932773344218731
3579,37,0.02425909787416458
3580,37,0.027443787083029747
3581,37,0.09767882525920868
3582,37,0.03439125791192055
3583,37,0.02204912155866623
3584,37,0.027955006808042526
3585,37,0.02845761552453041
3586,37,0.032462164759635925
3587,37,0.02168135717511177
3588,37,0.021268174052238464
3589,37,0.0319579541683197
3590,37,0.029487354680895805
3591,37,0.03429131209850311
3592,37,0.02135448530316353
3593,37,0.022693660110235214
3594,37,0.030276179313659668
3595,37,0.08332094550132751
3596,37,0.020303454250097275
3597,37,0.02045009471476078
3598,37,0.019806472584605217
3599,37,0.013549218885600567
3600,37,0.020019294694066048
3601,37,0.07154402881860733
3602,37,0.018315663561224937
3603,37,0.019675400108098984
3604,37,0.02117249183356762
3605,37,0.01505245640873909
3606,37,0.03161487728357315
3607,37,0.09343356639146805
3608,37,0.2046005129814148
3609,37,0.09007257223129272
3610,37,0.01912759430706501
3611,37,0.07034605741500854
3612,37,0.0919647216796875
3613,37,0.10567206144332886
3614,37,0.024999752640724182
3615,37,0.03391870856285095
3616,37,0.020221779122948647
3617,37,0.03498459607362747
3618,37,0.029763955622911453
3619,37,0.05471556633710861
3620,37,0.09050459414720535
3621,37,0.08305608481168747
3622,37,0.02293754369020462
3623,37,0.015075987204909325
3624,37,0.14172743260860443
3625,37,0.024028977379202843
3626,37,0.014049630612134933
3627,37,0.029526852071285248
3628,37,0.025686420500278473
3629,38,0.022051777690649033
3630,38,0.019024798646569252
3631,38,0.01629449427127838
3632,38,0.14145484566688538
3633,38,0.022881818935275078
3634,38,0.023050077259540558
3635,38,0.02638903260231018
3636,38,0.026841498911380768
3637,38,0.01806178316473961
3638,38,0.023888569325208664
3639,38,0.028810592368245125
3640,38,0.035997144877910614
3641,38,0.022203590720891953
3642,38,0.09151073545217514
3643,38,0.03406562656164169
3644,38,0.04578718915581703
3645,38,0.02732960507273674
3646,38,0.15189941227436066
3647,38,0.022504014894366264
3648,38,0.024688541889190674
3649,38,0.03568023815751076
3650,38,0.01399560272693634
3651,38,0.034307628870010376
3652,38,0.01740672066807747
3653,38,0.012724004685878754
3654,38,0.031595174223184586
3655,38,0.02841714769601822
3656,38,0.09527278691530228
3657,38,0.018898796290159225
3658,38,0.02281452715396881
3659,38,0.02139253355562687
3660,38,0.021800417453050613
3661,38,0.028371093794703484
3662,38,0.019221466034650803
3663,38,0.019617995247244835
3664,38,0.0317959226667881
3665,38,0.03649073466658592
3666,38,0.029389383271336555
3667,38,0.08917262405157089
3668,38,0.01586398109793663
3669,38,0.019064849242568016
3670,38,0.10136350244283676
3671,38,0.018873563036322594
3672,38,0.017374474555253983
3673,39,0.02900657244026661
3674,39,0.021616803482174873
3675,39,0.027558185160160065
3676,39,0.03817251697182655
3677,39,0.02590552344918251
3678,39,0.02128102257847786
3679,39,0.08535981178283691
3680,39,0.15070056915283203
3681,39,0.022669555619359016
3682,39,0.09750118851661682
3683,39,0.021650971844792366
3684,39,0.03624119609594345
3685,40,0.02012925036251545
3686,40,0.02197367511689663
3687,40,0.035770218819379807
3688,40,0.029028229415416718
3689,40,0.026280038058757782
3690,40,0.028610704466700554
3691,40,0.03569412603974342
3692,40,0.01786077581346035
3693,40,0.025386543944478035
3694,40,0.03440643101930618
3695,40,0.021392935886979103
3696,40,0.030040966346859932
3697,40,0.09040756523609161
3698,40,0.025809869170188904
3699,40,0.08597475290298462
3700,40,0.0272977352142334
3701,40,0.026099329814314842
3702,40,0.038595572113990784
3703,40,0.020612608641386032
3704,40,0.019992591813206673
3705,40,0.01947755366563797
3706,40,0.10615558922290802
3707,40,0.15841268002986908
3708,40,0.015554013662040234
3709,40,0.02989402785897255
3710,40,0.08443541824817657
3711,40,0.022337904199957848
3712,40,0.10075228661298752
3713,40,0.03270366042852402
3714,40,0.027357002720236778
3715,40,0.0820775181055069
3716,40,0.03359571844339371
3717,40,0.01876015029847622
3718,40,0.019992943853139877
3719,40,0.026241106912493706
3720,40,0.03615569323301315
3721,40,0.09824686497449875
3722,40,0.08593470603227615
3723,40,0.019649025052785873
3724,40,0.02268907241523266
3725,40,0.01735096052289009
3726,40,0.03184514865279198
3727,40,0.023819809779524803
3728,40,0.03296023979783058
3729,40,0.0211738720536232
3730,40,0.015930870547890663
3731,40,0.017217986285686493
3732,40,0.01622156798839569
3733,40,0.031045353040099144
3734,40,0.039392564445734024
3735,40,0.15314321219921112
3736,40,0.0882624015212059
3737,40,0.01743243634700775
3738,40,0.027868961915373802
3739,40,0.08594051748514175
3740,40,0.025019483640789986
3741,40,0.02843712456524372
3742,40,0.02665804512798786
3743,40,0.031280677765607834
3744,40,0.0873839259147644
3745,40,0.023103415966033936
3746,40,0.013620886020362377
3747,40,0.043496619910001755
3748,40,0.026350663974881172
3749,40,0.021801691502332687
3750,40,0.043799519538879395
3751,40,0.03685150295495987
3752,40,0.03859346732497215
3753,40,0.02749413624405861
3754,40,0.02718382515013218
3755,40,0.0361894816160202
3756,40,0.021389421075582504
3757,40,0.09772281348705292
3758,40,0.048172276467084885
3759,40,0.1351148784160614
3760,40,0.03007274493575096
3761,40,0.03348180651664734
3762,40,0.02364875003695488
3763,40,0.10090287029743195
3764,40,0.06268710643053055
3765,40,0.08308954536914825
3766,40,0.05176449194550514
3767,40,0.04936922341585159
3768,40,0.03437378630042076
3769,40,0.060135114938020706
3770,40,0.025779515504837036
3771,40,0.024006318300962448
3772,40,0.02743416652083397
3773,40,0.027029884979128838
3774,40,0.04828022047877312
3775,40,0.03535677492618561
3776,40,0.0255591943860054
3777,40,0.09734533727169037
3778,40,0.02900618687272072
3779,40,0.08251525461673737
3780,40,0.01845429092645645
3781,40,0.027653252705931664
3782,40,0.07631385326385498
3783,40,0.22202204167842865
3784,40,0.10025156289339066
3785,40,0.08522788435220718
3786,40,0.14350301027297974
3787,40,0.027332212775945663
3788,40,0.024423873052001
3789,40,0.07685991376638412
3790,40,0.02915794774889946
3791,40,0.030232898890972137
3792,40,0.017794262617826462
3793,40,0.08814218640327454
3794,40,0.04431327432394028
3795,40,0.025128407403826714
3796,40,0.0943923220038414
3797,40,0.022081462666392326
3798,40,0.0763745978474617
3799,40,0.01893634721636772
3800,40,0.10857893526554108
3801,40,0.014373395591974258
3802,40,0.08676712960004807
3803,40,0.03801944851875305
3804,40,0.024090800434350967
3805,40,0.081549271941185
3806,40,0.09118673950433731
3807,40,0.10571525990962982
3808,40,0.09141645580530167
3809,40,0.051710501313209534
3810,40,0.07790647447109222
3811,40,0.028081409633159637
3812,40,0.049933165311813354
3813,40,0.10229182243347168
3814,40,0.03707275167107582
3815,40,0.027992328628897667
3816,40,0.0904284417629242
3817,40,0.033696334809064865
3818,40,0.13977499306201935
3819,40,0.01994912698864937
3820,40,0.025508789345622063
3821,40,0.038439586758613586
3822,40,0.026301676407456398
3823,40,0.03973798453807831
3824,40,0.027446480467915535
3825,40,0.030600428581237793
3826,40,0.027516499161720276
3827,40,0.06727221608161926
3828,40,0.02806255966424942
3829,40,0.058487843722105026
3830,40,0.028315827250480652
3831,40,0.014333362691104412
3832,40,0.02607545629143715
3833,40,0.07382486015558243
3834,40,0.022210590541362762
3835,41,0.0211881622672081
3836,41,0.028615819290280342
3837,41,0.01978105865418911
3838,41,0.030715206637978554
3839,41,0.01928260736167431
3840,41,0.02849297784268856
3841,41,0.03826233372092247
3842,41,0.023189131170511246
3843,41,0.032339733093976974
3844,41,0.014847783371806145
3845,41,0.022999845445156097
3846,41,0.02201945334672928
3847,41,0.019390569999814034
3848,41,0.025683753192424774
3849,41,0.07977677136659622
3850,41,0.06800445169210434
3851,41,0.013484659604728222
3852,41,0.022278180345892906
3853,41,0.020822657272219658
3854,41,0.02583126164972782
3855,41,0.08014161884784698
3856,41,0.030655693262815475
3857,41,0.018876638263463974
3858,41,0.015934022143483162
3859,41,0.011974398046731949
3860,41,0.01125512458384037
3861,41,0.02850600890815258
3862,41,0.02868938446044922
3863,41,0.022654231637716293
3864,41,0.03473152965307236
3865,41,0.027280133217573166
3866,41,0.02429046481847763
3867,41,0.021055644378066063
3868,41,0.02389964833855629
3869,41,0.0793256163597107
3870,41,0.018540916964411736
3871,41,0.029995165765285492
3872,41,0.034652628004550934
3873,41,0.10215741395950317
3874,41,0.01836034469306469
3875,41,0.02039526402950287
3876,41,0.07084815949201584
3877,41,0.02182682231068611
3878,41,0.019794102758169174
3879,41,0.057624779641628265
3880,41,0.014717933721840382
3881,41,0.028301283717155457
3882,41,0.027576951310038567
3883,41,0.023584607988595963
3884,41,0.02555660717189312
3885,41,0.050500255078077316
3886,41,0.029864894226193428
3887,41,0.01833334192633629
3888,41,0.01924574375152588
3889,41,0.0183449387550354
3890,41,0.016387665644288063
3891,41,0.024465756490826607
3892,41,0.018225159496068954
3893,41,0.010595127008855343
3894,41,0.02006705105304718
3895,42,0.025707397609949112
3896,42,0.01457669585943222
3897,42,0.0742674171924591
3898,42,0.016885513439774513
3899,42,0.10901641845703125
3900,42,0.025058049708604813
3901,42,0.016992563381791115
3902,42,0.020625710487365723
3903,42,0.020176388323307037
3904,42,0.020649245008826256
3905,42,0.014944260008633137
3906,42,0.024230727925896645
3907,42,0.08085455000400543
3908,42,0.07692380994558334
3909,42,0.02950192056596279
3910,42,0.023172061890363693
3911,42,0.022086363285779953
3912,42,0.02474913001060486
3913,43,0.04495746269822121
3914,43,0.017544817179441452
3915,43,0.01040562242269516
3916,43,0.021013351157307625
3917,43,0.010656662285327911
3918,43,0.03034055233001709
3919,43,0.02196229062974453
3920,43,0.05702918395400047
3921,43,0.02908727154135704
3922,43,0.017527392134070396
3923,43,0.019244397059082985
3924,43,0.022272268310189247
3925,43,0.013832812197506428
3926,43,0.08232833445072174
3927,43,0.10042429715394974
3928,43,0.02713518962264061
3929,43,0.11475019156932831
3930,43,0.02969612367451191
3931,43,0.027959851548075676
3932,43,0.02921256050467491
3933,43,0.008261538110673428
3934,43,0.03911462053656578
3935,43,0.09461405128240585
3936,43,0.08639376610517502
3937,43,0.09641257673501968
3938,43,0.12839017808437347
3939,43,0.0401470772922039
3940,43,0.019033009186387062
3941,43,0.08343203365802765
3942,43,0.023380722850561142
3943,43,0.06067277491092682
3944,43,0.051586881279945374
3945,43,0.019383465871214867
3946,43,0.013073707930743694
3947,43,0.020831814035773277
3948,43,0.017981357872486115
3949,43,0.022594111040234566
3950,43,0.017061395570635796
3951,43,0.09090449661016464
3952,43,0.01897697150707245
3953,43,0.04142627865076065
3954,43,0.033028144389390945
3955,43,0.012178299948573112
3956,43,0.02668651007115841
3957,43,0.03811759874224663
3958,43,0.05787879228591919
3959,43,0.07896587252616882
3960,43,0.030142726376652718
3961,43,0.01804797165095806
3962,43,0.023201899603009224
3963,43,0.018766457214951515
3964,43,0.019837167114019394
3965,43,0.028631675988435745
3966,43,0.018879294395446777
3967,43,0.0909307524561882
3968,43,0.12502987682819366
3969,43,0.0200644638389349
3970,43,0.16444438695907593
3971,43,0.09577608108520508
3972,43,0.01944797858595848
3973,43,0.016277369111776352
3974,43,0.014539748430252075
3975,43,0.06065788492560387
3976,43,0.0379372276365757
3977,43,0.07988929003477097
3978,43,0.01798216439783573
3979,43,0.01739146187901497
3980,43,0.02657189965248108
3981,43,0.024932805448770523
3982,43,0.016986016184091568
3983,43,0.08948378264904022
3984,43,0.04605242982506752
3985,43,0.0125771788880229
3986,43,0.014871511608362198
3987,43,0.0883871465921402
3988,43,0.022350240498781204
3989,43,0.01580844633281231
3990,43,0.07554750889539719
3991,43,0.0228255745023489
3992,43,0.02298763394355774
3993,43,0.1298782378435135
3994,43,0.09358803927898407
3995,43,0.022976920008659363
3996,43,0.03420951962471008
3997,43,0.0719909816980362
3998,43,0.023095982149243355
3999,43,0.024206649512052536
4000,43,0.01731240004301071
4001,43,0.11048146337270737
4002,43,0.052214786410331726
4003,43,0.05373568460345268
4004,43,0.10411348193883896
4005,43,0.02534189447760582
4006,43,0.035639382898807526
4007,43,0.05112256482243538
4008,43,0.032036133110523224
4009,43,0.0480622835457325
4010,43,0.03150505572557449
4011,43,0.02626624144613743
4012,43,0.023292772471904755
4013,43,0.03697682172060013
4014,43,0.03682014346122742
4015,43,0.019199499860405922
4016,43,0.07674344629049301
4017,43,0.02683236263692379
4018,43,0.040923863649368286
4019,43,0.04091644659638405
4020,43,0.037909336388111115
4021,43,0.02838052250444889
4022,43,0.08675799518823624
4023,43,0.030313346534967422
4024,43,0.019049350172281265
4025,43,0.08862967044115067
4026,43,0.03190559893846512
4027,43,0.0993136391043663
4028,43,0.17491114139556885
4029,43,0.03413662686944008
4030,43,0.07424330711364746
4031,43,0.0392797477543354
4032,43,0.02227906882762909
4033,43,0.06922300904989243
4034,43,0.029687197878956795
4035,43,0.030385339632630348
4036,43,0.15409158170223236
4037,43,0.10386011749505997
4038,43,0.024787921458482742
4039,43,0.03775608167052269
4040,43,0.0811665803194046
4041,43,0.18865720927715302
4042,43,0.023572644218802452
4043,43,0.04152015969157219
4044,43,0.07217560708522797
4045,43,0.059071242809295654
4046,43,0.02766134776175022
4047,43,0.03021596185863018
4048,43,0.06694522500038147
4049,43,0.026973068714141846
4050,43,0.09925095736980438
4051,43,0.029436176642775536
4052,43,0.037149395793676376
4053,43,0.047404054552316666
4054,43,0.038324352353811264
4055,43,0.027124641463160515
4056,43,0.017386319115757942
4057,43,0.05610845237970352
4058,43,0.02322847582399845
4059,43,0.026894044131040573
4060,43,0.08564642071723938
4061,43,0.1038585975766182
4062,43,0.044273827224969864
4063,44,0.01949247717857361
4064,44,0.03370688110589981
4065,44,0.028563715517520905
4066,44,0.03298009932041168
4067,44,0.019072823226451874
4068,44,0.026313653215765953
4069,44,0.03301002085208893
4070,44,0.07430700957775116
4071,44,0.03216322883963585
4072,44,0.08993352949619293
4073,44,0.040931571274995804
4074,44,0.02917632646858692
4075,44,0.021728217601776123
4076,44,0.03740425035357475
4077,44,0.01842319592833519
4078,44,0.018609080463647842
4079,44,0.06041160970926285
4080,44,0.06477583944797516
4081,44,0.0186618585139513
4082,44,0.02854444459080696
4083,44,0.03111238405108452
4084,44,0.02801324613392353
4085,44,0.09303290396928787
4086,44,0.01680765300989151
4087,44,0.029149610549211502
4088,44,0.014919908717274666
4089,45,0.026011602953076363
4090,45,0.0751190334558487
4091,45,0.019331473857164383
4092,45,0.09149456769227982
4093,45,0.017644131556153297
4094,45,0.043618932366371155
4095,45,0.018772317096590996
4096,45,0.034212417900562286
4097,45,0.03932591527700424
4098,45,0.031284675002098083
4099,45,0.028715109452605247
4100,45,0.01641775295138359
4101,45,0.031018435955047607
4102,45,0.030759844928979874
4103,45,0.012561983428895473
4104,45,0.023971576243638992
4105,45,0.09835045039653778
4106,45,0.02201278880238533
4107,45,0.024900291115045547
4108,45,0.019582826644182205
4109,45,0.017346367239952087
4110,45,0.03268912807106972
4111,45,0.025124430656433105
4112,45,0.030292648822069168
4113,45,0.016032088547945023
4114,45,0.08403582870960236
4115,46,0.017321206629276276
4116,46,0.024508126080036163
4117,46,0.023275621235370636
4118,46,0.02030208520591259
4119,46,0.022919125854969025
4120,46,0.027210604399442673
4121,46,0.027790730819106102
4122,46,0.07872011512517929
4123,46,0.1146383211016655
4124,46,0.07830967754125595
4125,46,0.07976651191711426
4126,46,0.026063978672027588
4127,46,0.022683367133140564
4128,46,0.0791698768734932
4129,46,0.0702282264828682
4130,46,0.06821655482053757
4131,46,0.021840857341885567
4132,46,0.019042253494262695
4133,46,0.01819436252117157
4134,46,0.020445067435503006
4135,46,0.028262319043278694
4136,46,0.08185900747776031
4137,46,0.08835869282484055
4138,46,0.01811915822327137
4139,46,0.024008292704820633
4140,46,0.022743215784430504
4141,46,0.10039364546537399
4142,46,0.01491319015622139
4143,46,0.01960090547800064
4144,46,0.020789582282304764
4145,46,0.049311716109514236
4146,46,0.0807715430855751
4147,46,0.014308483339846134
4148,46,0.03526688739657402
4149,46,0.02031135931611061
4150,46,0.0255960114300251
4151,46,0.13190972805023193
4152,46,0.0260069090873003
4153,46,0.03701971098780632
4154,46,0.01840914413332939
4155,46,0.02176028862595558
4156,46,0.0635014995932579
4157,46,0.019781867042183876
4158,46,0.024179533123970032
4159,46,0.0266118086874485
4160,46,0.056668467819690704
4161,46,0.07752767950296402
4162,46,0.026458177715539932
4163,46,0.015486717224121094
4164,46,0.08974374085664749
4165,46,0.01975923590362072
4166,46,0.11682596802711487
4167,46,0.026683831587433815
4168,46,0.01941397599875927
4169,46,0.022067882120609283
4170,46,0.10212105512619019
4171,46,0.06623843312263489
4172,46,0.02915893867611885
4173,46,0.043861351907253265
4174,46,0.08664792031049728
4175,46,0.028404848650097847
4176,46,0.015716124325990677
4177,46,0.03344468027353287
4178,46,0.08926869183778763
4179,46,0.13352209329605103
4180,46,0.0774618461728096
4181,46,0.025597097352147102
4182,46,0.02598869614303112
4183,46,0.0753696858882904
4184,46,0.07418540120124817
4185,46,0.03236724063754082
4186,46,0.029200714081525803
4187,46,0.023917466402053833
4188,46,0.022774038836359978
4189,46,0.01844225637614727
4190,46,0.07831619679927826
4191,46,0.03681175410747528
4192,46,0.019800376147031784
4193,46,0.01824459806084633
4194,46,0.09634104371070862
4195,46,0.026872999966144562
4196,46,0.06366551667451859
4197,46,0.02666451781988144
4198,46,0.03384895250201225
4199,46,0.022526411339640617
4200,46,0.024976365268230438
4201,46,0.07330120354890823
4202,46,0.07297149300575256
4203,46,0.021867504343390465
4204,46,0.03145309537649155
4205,46,0.0372597798705101
4206,46,0.026399515569210052
4207,46,0.039439644664525986
4208,46,0.018528854474425316
4209,46,0.025875141844153404
4210,46,0.04398755356669426
4211,46,0.03525825962424278
4212,46,0.02014033868908882
4213,46,0.03142499551177025
4214,46,0.15670131146907806
4215,46,0.09246796369552612
4216,46,0.04548562690615654
4217,46,0.08234784752130508
4218,46,0.030144888907670975
4219,46,0.09079767018556595
4220,46,0.027405614033341408
4221,46,0.03128104656934738
4222,46,0.033821236342191696
4223,46,0.034741196781396866
4224,46,0.019796883687376976
4225,47,0.041978657245635986
4226,47,0.014624581672251225
4227,47,0.08222967386245728
4228,47,0.09793899953365326
4229,47,0.032884638756513596
4230,47,0.08879220485687256
4231,47,0.026763057336211205
4232,47,0.01418758649379015
4233,47,0.04166335612535477
4234,47,0.025251824408769608
4235,47,0.026288915425539017
4236,47,0.03175506368279457
4237,47,0.0212709940969944
4238,47,0.06461091339588165
4239,47,0.033774666488170624
4240,47,0.017073146998882294
4241,47,0.15272358059883118
4242,47,0.017146771773695946
4243,47,0.022460557520389557
4244,48,0.014197325333952904
4245,48,0.018640778958797455
4246,48,0.03591195121407509
4247,48,0.023634402081370354
4248,48,0.09507349878549576
4249,48,0.01808946207165718
4250,48,0.037883564829826355
4251,48,0.04596180468797684
4252,48,0.05829404667019844
4253,48,0.11509275436401367
4254,48,0.03437379375100136
4255,48,0.01676921732723713
4256,48,0.04290081560611725
4257,48,0.05333860218524933
4258,48,0.08620616793632507
4259,48,0.025556834414601326
4260,48,0.05775272846221924
4261,48,0.07094518095254898
4262,48,0.019582051783800125
4263,48,0.026430711150169373
4264,48,0.09573298692703247
4265,48,0.08352935314178467
4266,48,0.02911704033613205
4267,48,0.028589993715286255
4268,48,0.027419496327638626
4269,48,0.02422645501792431
4270,48,0.02798527106642723
4271,48,0.02769026905298233
4272,48,0.07227491587400436
4273,48,0.02694091573357582
4274,48,0.031393375247716904
4275,48,0.028044622391462326
4276,48,0.027871794998645782
4277,48,0.02498750202357769
4278,48,0.058505211025476456
4279,48,0.018575051799416542
4280,48,0.024814140051603317
4281,48,0.08178085088729858
4282,48,0.03549298644065857
4283,48,0.033506255596876144
4284,48,0.04897423833608627
4285,48,0.03519643843173981
4286,48,0.026835381984710693
4287,48,0.027781903743743896
4288,48,0.010481677949428558
4289,48,0.04484834149479866
4290,48,0.05907456576824188
4291,48,0.02180614322423935
4292,48,0.027350690215826035
4293,48,0.06815509498119354
4294,48,0.03129661828279495
4295,48,0.029794055968523026
4296,48,0.016361204907298088
4297,48,0.08341860771179199
4298,48,0.0962076485157013
4299,48,0.023541027680039406
4300,48,0.07220511138439178
4301,48,0.023266589269042015
4302,48,0.043929573148489
4303,48,0.03197222203016281
4304,48,0.025966838002204895
4305,48,0.042665768414735794
4306,48,0.07727312296628952
4307,48,0.04606398940086365
4308,48,0.012758290395140648
4309,48,0.05008549988269806
4310,48,0.0275828018784523
4311,48,0.0329296700656414
4312,48,0.0337340272963047
4313,48,0.02309313975274563
4314,48,0.06694680452346802
4315,48,0.0314505361020565
4316,48,0.02578205056488514
4317,48,0.026683371514081955
4318,48,0.09744243323802948
4319,48,0.08649889379739761
4320,48,0.06417422741651535
4321,48,0.045849017798900604
4322,48,0.02962719090282917
4323,48,0.02877933904528618
4324,48,0.059330329298973083
4325,48,0.03736329451203346
4326,48,0.046588219702243805
4327,48,0.01405895035713911
4328,48,0.07311790436506271
4329,48,0.0529341883957386
4330,48,0.026665721088647842
4331,48,0.03857684135437012
4332,48,0.03711508959531784
4333,48,0.0434718132019043
4334,48,0.06289679557085037
4335,48,0.03102501481771469
4336,48,0.02212858572602272
4337,48,0.030554454773664474
4338,48,0.0836397036910057
4339,48,0.07873434573411942
4340,48,0.052939221262931824
4341,48,0.09383374452590942
4342,48,0.023482797667384148
4343,48,0.03798164054751396
4344,48,0.14828258752822876
4345,48,0.045665837824344635
4346,48,0.0309236291795969
4347,48,0.06899352371692657
4348,48,0.02151505835354328
4349,48,0.09462857991456985
4350,48,0.07469600439071655
4351,48,0.07459016144275665
4352,48,0.08866093307733536
4353,48,0.03069629892706871
4354,48,0.040431682020425797
4355,48,0.07248387485742569
4356,48,0.030667930841445923
4357,48,0.03951685503125191
4358,48,0.023498624563217163
4359,48,0.04023057222366333
4360,48,0.027903404086828232
4361,48,0.02264101430773735
4362,48,0.0779905691742897
4363,48,0.031742487102746964
4364,48,0.016889333724975586
4365,48,0.021686028689146042
4366,48,0.029137877747416496
4367,49,0.02795754186809063
4368,49,0.016931582242250443
4369,49,0.08894036710262299
4370,49,0.03270101174712181
4371,49,0.03535643592476845
4372,49,0.03054339624941349
4373,49,0.07841946929693222
4374,49,0.03315617889165878
4375,49,0.08264654874801636
4376,49,0.017138978466391563
4377,49,0.03071160800755024
4378,49,0.025734849274158478
4379,49,0.03053887188434601
4380,49,0.07448936253786087
4381,49,0.0758662223815918
4382,49,0.1399419903755188
4383,49,0.02173951268196106
4384,49,0.013474175706505775
4385,49,0.04435496777296066
4386,49,0.017371322959661484
4387,50,0.058733608573675156
4388,50,0.02592666819691658
4389,50,0.0364566333591938
4390,50,0.031173884868621826
4391,50,0.034298427402973175
4392,50,0.07420991361141205
4393,50,0.02528570219874382
4394,50,0.030952610075473785
4395,50,0.016897544264793396
4396,50,0.025099366903305054
4397,50,0.028901662677526474
4398,50,0.01960982382297516
4399,50,0.024457713589072227
4400,50,0.03547518327832222
4401,50,0.018855486065149307
4402,50,0.07244917750358582
4403,51,0.05792796239256859
4404,51,0.061257559806108475
4405,51,0.05557096749544144
4406,51,0.0885864794254303
4407,51,0.06693822145462036
4408,51,0.02813679724931717
4409,51,0.013089071027934551
4410,51,0.028620507568120956
4411,51,0.020640425384044647
4412,51,0.025705616921186447
4413,51,0.028675979003310204
4414,51,0.012709268368780613
4415,51,0.039599012583494186
4416,51,0.06414879858493805
4417,51,0.028016574680805206
4418,51,0.032435547560453415
4419,51,0.04281017556786537
4420,51,0.11177362501621246
4421,51,0.10059645771980286
4422,51,0.07490406930446625
4423,51,0.030650891363620758
4424,51,0.04229268059134483
4425,51,0.08025430142879486
4426,51,0.029977234080433846
4427,51,0.07110341638326645
4428,51,0.038963329046964645
4429,51,0.047285161912441254
4430,51,0.02517886646091938
4431,51,0.01839623786509037
4432,51,0.08102951943874359
4433,51,0.0806499794125557
4434,51,0.04526327922940254
4435,51,0.024839384481310844
4436,51,0.02875296026468277
4437,51,0.08136000484228134
4438,51,0.18816030025482178
4439,51,0.02483237162232399
4440,51,0.043954044580459595
4441,51,0.07266827672719955
4442,51,0.02425486594438553
4443,51,0.020353736355900764
4444,51,0.04099816083908081
4445,51,0.07076174020767212
4446,51,0.018786970525979996
4447,51,0.01800931617617607
4448,51,0.06890301406383514
4449,51,0.030944354832172394
4450,51,0.023954344913363457
4451,51,0.07633382827043533
4452,51,0.03861024230718613
4453,51,0.02865123376250267
4454,51,0.09775736182928085
4455,51,0.07179877161979675
4456,51,0.0581517219543457
4457,51,0.031033989042043686
4458,51,0.020414596423506737
4459,51,0.05115097388625145
4460,51,0.03319434076547623
4461,51,0.08776899427175522
4462,51,0.0903845727443695
4463,51,0.028866413980722427
4464,51,0.0733007937669754
4465,51,0.07530646026134491
4466,51,0.031014621257781982
4467,51,0.02514020726084709
4468,51,0.06531272828578949
4469,51,0.02827061526477337
4470,51,0.08089444041252136
4471,51,0.04764033854007721
4472,51,0.023414436727762222
4473,51,0.0782708078622818
4474,51,0.029101893305778503
4475,51,0.017129486426711082
4476,51,0.022900447249412537
4477,51,0.016758834943175316
4478,51,0.03416198864579201
4479,51,0.03155877813696861
4480,51,0.05482296645641327
4481,51,0.08839769661426544
4482,51,0.028149403631687164
4483,51,0.0376598984003067
4484,51,0.025204189121723175
4485,51,0.014364153146743774
4486,51,0.03927091509103775
4487,51,0.01680486649274826
4488,51,0.023761235177516937
4489,51,0.034401774406433105
4490,51,0.023856448009610176
4491,51,0.03447875380516052
4492,51,0.02489934116601944
4493,51,0.03615190088748932
4494,51,0.052284806966781616
4495,51,0.03001626394689083
4496,51,0.01582515239715576
4497,51,0.05059075728058815
4498,51,0.031853046268224716
4499,51,0.11084659397602081
4500,51,0.10488422214984894
4501,51,0.0815967246890068
4502,51,0.06195327639579773
4503,51,0.060268186032772064
4504,51,0.0882221907377243
4505,51,0.02875739336013794
4506,51,0.09949091076850891
4507,51,0.027744978666305542
4508,51,0.10901785641908646
4509,51,0.06939820200204849
4510,51,0.03502519428730011
4511,51,0.10233256965875626
4512,51,0.11039145290851593
4513,51,0.05350277200341225
4514,51,0.03503222018480301
4515,51,0.10717414319515228
4516,51,0.02938564121723175
4517,51,0.0829307809472084
4518,51,0.048208728432655334
4519,51,0.0280058141797781
4520,51,0.041596610099077225
4521,51,0.039565812796354294
4522,51,0.040685638785362244
4523,51,0.025884628295898438
4524,51,0.028271406888961792
4525,51,0.03935680910944939
4526,51,0.04102504625916481
4527,51,0.03022497147321701
4528,51,0.08478771895170212
4529,51,0.043357186019420624
4530,51,0.04700075834989548
4531,51,0.04155425727367401
4532,51,0.03595352917909622
4533,51,0.023950638249516487
4534,51,0.03600265085697174
4535,51,0.04476165026426315
4536,51,0.05262996628880501
4537,51,0.038024287670850754
4538,51,0.03451159596443176
4539,51,0.01843481883406639
4540,51,0.017928946763277054
4541,51,0.06728313118219376
4542,51,0.0628349632024765
4543,51,0.029621116816997528
4544,51,0.023540182039141655
4545,51,0.048912160098552704
4546,51,0.04476616531610489
4547,51,0.03746984899044037
4548,51,0.10626675933599472
4549,51,0.035974033176898956
4550,51,0.029857290908694267
4551,51,0.03009071946144104
4552,51,0.07718385010957718
4553,52,0.06765961647033691
4554,52,0.08924812078475952
4555,52,0.01733863539993763
4556,52,0.01896851509809494
4557,52,0.11724242568016052
4558,52,0.08565150946378708
4559,52,0.021794455125927925
4560,52,0.03711080551147461
4561,52,0.03703320771455765
4562,52,0.019197318702936172
4563,52,0.06254817545413971
4564,52,0.06514992564916611
4565,52,0.02964220568537712
4566,52,0.024550074711441994
4567,52,0.031071534380316734
4568,52,0.01948503777384758
4569,52,0.0252179354429245
4570,52,0.024816012009978294
4571,52,0.06422111392021179
4572,52,0.027298467233777046
4573,52,0.0727771669626236
4574,52,0.03241201490163803
4575,52,0.02731804922223091
4576,52,0.03028211183845997
4577,52,0.029805215075612068
4578,52,0.0420914925634861
4579,52,0.07301536947488785
4580,52,0.07475988566875458
4581,52,0.03583115339279175
4582,52,0.016068827360868454
4583,52,0.060184210538864136
4584,52,0.03308618813753128
4585,52,0.17500339448451996
4586,52,0.02357637882232666
4587,52,0.016838060691952705
4588,52,0.02853545919060707
4589,52,0.034938789904117584
4590,52,0.05880971997976303
4591,52,0.04027850553393364
4592,52,0.029757140204310417
4593,52,0.032496675848960876
4594,52,0.028645722195506096
4595,52,0.12197158485651016
4596,52,0.047845177352428436
4597,52,0.029794730246067047
4598,52,0.019082283601164818
4599,52,0.024242622777819633
4600,52,0.04633934795856476
4601,52,0.06215468794107437
4602,52,0.05926140770316124
4603,52,0.05824090912938118
4604,52,0.031169194728136063
4605,52,0.025203146040439606
4606,52,0.02667849510908127
4607,52,0.02228824980556965
4608,52,0.07452729344367981
4609,52,0.016868218779563904
4610,52,0.09806834161281586
4611,52,0.021410755813121796
4612,52,0.022971494123339653
4613,52,0.03687935322523117
4614,52,0.10312186926603317
4615,52,0.016845304518938065
4616,52,0.10249518603086472
4617,52,0.014242361299693584
4618,52,0.10024238377809525
4619,52,0.03771067038178444
4620,52,0.0478135421872139
4621,52,0.043774861842393875
4622,52,0.1087862104177475
4623,52,0.044864505529403687
4624,52,0.09080947935581207
4625,52,0.05945538356900215
4626,52,0.048250459134578705
4627,52,0.056368108838796616
4628,52,0.02697390876710415
4629,52,0.036568671464920044
4630,52,0.1472354382276535
4631,52,0.01957358419895172
4632,52,0.021173063665628433
4633,52,0.07604566961526871
4634,52,0.042457446455955505
4635,52,0.029886499047279358
4636,52,0.022959062829613686
4637,52,0.10756240785121918
4638,52,0.037789106369018555
4639,52,0.03656382113695145
4640,52,0.07605873048305511
4641,52,0.0985829308629036
4642,52,0.02192704752087593
4643,52,0.02432543784379959
4644,53,0.04070098698139191
4645,53,0.032645322382450104
4646,53,0.08143076300621033
4647,53,0.036355677992105484
4648,53,0.07350412756204605
4649,53,0.040325943380594254
4650,53,0.031765345484018326
4651,53,0.0887937843799591
4652,53,0.036443475633859634
4653,53,0.0773143619298935
4654,53,0.04580724984407425
4655,53,0.07133056968450546
4656,53,0.05320984870195389
4657,53,0.02561268024146557
4658,53,0.03049900010228157
4659,53,0.14088773727416992
4660,53,0.06438522040843964
4661,53,0.016436031088232994
4662,53,0.03225007653236389
4663,53,0.08599718660116196
4664,53,0.02525961771607399
4665,53,0.08022281527519226
4666,53,0.06163971126079559
4667,53,0.0765274316072464
4668,53,0.10772708058357239
4669,53,0.053191740065813065
4670,53,0.07311703264713287
4671,53,0.07621690630912781
4672,53,0.029678750783205032
4673,53,0.03178650140762329
4674,53,0.0772378072142601
4675,53,0.052079007029533386
4676,53,0.03507561236619949
4677,53,0.04106469452381134
4678,53,0.020228665322065353
4679,53,0.13928358256816864
4680,53,0.028243593871593475
4681,53,0.022585874423384666
4682,53,0.07674217969179153
4683,53,0.10923858731985092
4684,53,0.08437669277191162
4685,53,0.06250916421413422
4686,53,0.03159784525632858
4687,53,0.014910517260432243
4688,53,0.02407761849462986
4689,53,0.040754031389951706
4690,53,0.022296609356999397
4691,53,0.03471310809254646
4692,53,0.01599227450788021
4693,53,0.046781379729509354
4694,53,0.033602625131607056
4695,53,0.035590916872024536
4696,53,0.03658231347799301
4697,53,0.030084699392318726
4698,53,0.09207119792699814
4699,53,0.018216174095869064
4700,53,0.03579512611031532
4701,53,0.03115672431886196
4702,53,0.07330159842967987
4703,53,0.03454878181219101
4704,53,0.03834601119160652
4705,53,0.06753682345151901
4706,53,0.03155600279569626
4707,53,0.02471623197197914
4708,53,0.012948055751621723
4709,53,0.06678269058465958
4710,53,0.04674321040511131
4711,53,0.09716463088989258
4712,53,0.0318828746676445
4713,53,0.05645202845335007
4714,53,0.03404124826192856
4715,53,0.029796956107020378
4716,53,0.03848426789045334
4717,53,0.027796512469649315
4718,53,0.06914716958999634
4719,53,0.07650910317897797
4720,53,0.037616342306137085
4721,53,0.03995869308710098
4722,53,0.0209350548684597
4723,53,0.053527649492025375
4724,53,0.030260048806667328
4725,53,0.024866951629519463
4726,53,0.06138642877340317
4727,53,0.11625098437070847
4728,53,0.028441933915019035
4729,53,0.06387889385223389
4730,53,0.04319833964109421
4731,53,0.02267289161682129
4732,54,0.032012008130550385
4733,54,0.01636371947824955
4734,54,0.015909969806671143
4735,54,0.02676735632121563
4736,54,0.04766637086868286
4737,54,0.02417377568781376
4738,54,0.06877638399600983
4739,54,0.024792419746518135
4740,54,0.027127575129270554
4741,54,0.02393198013305664
4742,54,0.03216305375099182
4743,54,0.025324108079075813
4744,54,0.023406997323036194
4745,54,0.031396858394145966
4746,54,0.0789412334561348
4747,54,0.0587710440158844
4748,54,0.026790710166096687
4749,54,0.014235826209187508
4750,54,0.05964917689561844
4751,54,0.0259542316198349
4752,54,0.028943568468093872
4753,54,0.09694168716669083
4754,54,0.03151312097907066
4755,54,0.04127930849790573
4756,54,0.026441069319844246
4757,54,0.025932367891073227
4758,54,0.08789697289466858
4759,54,0.035586852580308914
4760,54,0.08698215335607529
4761,54,0.033067479729652405
4762,54,0.039713744074106216
4763,54,0.05398797243833542
4764,54,0.03571547940373421
4765,54,0.04141838476061821
4766,54,0.06751043349504471
4767,54,0.03693980723619461
4768,55,0.0994584858417511
4769,55,0.15918570756912231
4770,55,0.0525561198592186
4771,55,0.12063520401716232
4772,55,0.04487058147788048
4773,55,0.02995218150317669
4774,55,0.026468167081475258
4775,55,0.03443843126296997
4776,55,0.03505800664424896
4777,55,0.03919046372175217
4778,55,0.08947552740573883
4779,55,0.03595906123518944
4780,55,0.026985639706254005
4781,55,0.03429342433810234
4782,55,0.09092090278863907
4783,55,0.08744600415229797
4784,55,0.03584633767604828
4785,55,0.032738275825977325
4786,56,0.07033145427703857
4787,56,0.024671562016010284
4788,56,0.03438343107700348
4789,56,0.028191283345222473
4790,56,0.03286299481987953
4791,56,0.033603765070438385
4792,56,0.06045122444629669
4793,56,0.060460709035396576
4794,56,0.03926372900605202
4795,56,0.04084101319313049
4796,56,0.04260114207863808
4797,56,0.06603725254535675
4798,56,0.08979365974664688
4799,56,0.11507941782474518
4800,56,0.01751469075679779
4801,56,0.029446864500641823
4802,56,0.02499367482960224
4803,56,0.09278923273086548
4804,56,0.03612615540623665
4805,56,0.03659655898809433
4806,56,0.10667765885591507
4807,56,0.02876947820186615
4808,56,0.03344685584306717
4809,56,0.07240056991577148
4810,56,0.06620056182146072
4811,56,0.04001760855317116
4812,56,0.0491359606385231
4813,56,0.02902843989431858
4814,56,0.04973535239696503
4815,56,0.01968359760940075
4816,56,0.03255905956029892
4817,56,0.03011220507323742
4818,56,0.07222777605056763
4819,56,0.049303289502859116
4820,57,0.02654019184410572
4821,57,0.025939326733350754
4822,57,0.015424443408846855
4823,57,0.026130791753530502
4824,57,0.10275187343358994
4825,57,0.027772221714258194
4826,57,0.07050175964832306
4827,57,0.05177496373653412
4828,58,0.05005862936377525
4829,58,0.040403254330158234
4830,58,0.05725450813770294
4831,58,0.0574428029358387
4832,58,0.10073518753051758
4833,58,0.04752051457762718
4834,58,0.035821687430143356
4835,58,0.038388703018426895
4836,58,0.04408269375562668
4837,58,0.03443165123462677
4838,58,0.050495464354753494
4839,58,0.0456586591899395
4840,58,0.05016059800982475
4841,58,0.034274570643901825
4842,58,0.0720774307847023
4843,58,0.14716027677059174
4844,58,0.0567299947142601
4845,58,0.041188471019268036
4846,58,0.021977031603455544
4847,58,0.0727883130311966
4848,58,0.03171725943684578
4849,58,0.04592067375779152
4850,58,0.03780926391482353
4851,58,0.11770489066839218
4852,58,0.01924772933125496
4853,58,0.0827082023024559
4854,58,0.04301009327173233
4855,58,0.03616159409284592
4856,58,0.02679697796702385
4857,58,0.03549247980117798
4858,58,0.018441077321767807
4859,58,0.032172657549381256
4860,58,0.07423539459705353
4861,58,0.041437357664108276
4862,58,0.011037835851311684
4863,58,0.042878977954387665
4864,58,0.041782062500715256
4865,58,0.0425061471760273
4866,58,0.026084790006279945
4867,58,0.042528536170721054
4868,58,0.014523404650390148
4869,58,0.061860062181949615
4870,58,0.028879420831799507
4871,58,0.030293945223093033
4872,58,0.030127646401524544
4873,58,0.046116359531879425
4874,58,0.03825363144278526
4875,58,0.07722952961921692
4876,59,0.014636623673141003
4877,59,0.0478212796151638
4878,59,0.031466539949178696
4879,59,0.04401841014623642
4880,59,0.03593917936086655
4881,59,0.05582417547702789
4882,59,0.10338592529296875
4883,59,0.03878557309508324
4884,59,0.02866991050541401
4885,59,0.023500263690948486
4886,59,0.04344997555017471
4887,59,0.022319411858916283
4888,59,0.034300778061151505
4889,59,0.03261524811387062
4890,59,0.03164348751306534
4891,59,0.028457362204790115
4892,59,0.04183277487754822
4893,59,0.023159075528383255
4894,59,0.017900092527270317
4895,59,0.06546694040298462
4896,59,0.036763183772563934
4897,59,0.07209541648626328
4898,59,0.031947702169418335
4899,59,0.036718688905239105
4900,59,0.09970834851264954
4901,59,0.08139574527740479
4902,59,0.022969046607613564
4903,59,0.023444432765245438
4904,59,0.02820132113993168
4905,59,0.04247789457440376
4906,59,0.04229240119457245
4907,59,0.08114433288574219
4908,59,0.024355018511414528
4909,59,0.04474346339702606
4910,59,0.03288237750530243
4911,59,0.04117821902036667
4912,59,0.024172954261302948
4913,59,0.035688601434230804
4914,59,0.039767783135175705
4915,59,0.03287213295698166
4916,59,0.037284716963768005
4917,59,0.023769456893205643
4918,59,0.13116437196731567
4919,59,0.014573330990970135
4920,59,0.03354864940047264
4921,59,0.02306591533124447
4922,59,0.05894270911812782
4923,59,0.02857576683163643
4924,59,0.04641905426979065
4925,59,0.04457220807671547
4926,59,0.052993450313806534
4927,59,0.035496827214956284
4928,59,0.06131879240274429
4929,60,0.025974031537771225
4930,60,0.04253384843468666
4931,60,0.03857388719916344
4932,60,0.03412384167313576
4933,60,0.03369561582803726
4934,60,0.028772158548235893
4935,60,0.023939471691846848
4936,60,0.02694803848862648
4937,60,0.04620305448770523
4938,60,0.039231643080711365
4939,60,0.020709704607725143
4940,60,0.026661057025194168
4941,60,0.01777547039091587
4942,60,0.019897934049367905
4943,60,0.03467092290520668
4944,60,0.015442624688148499
4945,60,0.04747593775391579
4946,60,0.022374074906110764
4947,60,0.017556332051753998
4948,60,0.026755601167678833
4949,60,0.04795879125595093
4950,60,0.020507676526904106
4951,60,0.03058851696550846
4952,60,0.023805901408195496
4953,60,0.031415075063705444
4954,60,0.027810361236333847
4955,60,0.04960566386580467
4956,60,0.0356072299182415
4957,60,0.040550969541072845
4958,60,0.03762582689523697
4959,60,0.023937877267599106
4960,60,0.02439745143055916
4961,60,0.03879788890480995
4962,60,0.051490817219018936
4963,60,0.08908926695585251
4964,60,0.03313677757978439
4965,60,0.08698022365570068
4966,60,0.09163310378789902
4967,60,0.06852243095636368
4968,60,0.035004641860723495
4969,60,0.09486424177885056
4970,60,0.031290847808122635
4971,60,0.04706259444355965
4972,60,0.04445371404290199
4973,60,0.01707354560494423
4974,60,0.026797566562891006
4975,60,0.018185298889875412
4976,60,0.022143589332699776
4977,60,0.025159429758787155
4978,60,0.02695133350789547
4979,60,0.03084368258714676
4980,60,0.021051079034805298
4981,60,0.030871422961354256
4982,60,0.09253206849098206
4983,60,0.0471876822412014
4984,60,0.026336489245295525
4985,60,0.06527858227491379
4986,60,0.034796204417943954
4987,60,0.07157187163829803
4988,60,0.02454465813934803
4989,60,0.04861116036772728
4990,60,0.044577568769454956
4991,60,0.0159674733877182
4992,60,0.06482163071632385
4993,60,0.030648157000541687
4994,60,0.01661856845021248
4995,60,0.018617616966366768
4996,60,0.015549471601843834
4997,61,0.030852528288960457
4998,61,0.021144993603229523
4999,61,0.02338944375514984
5000,61,0.1262573003768921
5001,61,0.11230998486280441
5002,61,0.05170426145195961
5003,61,0.0615004226565361
5004,61,0.044552601873874664
5005,61,0.03244273364543915
5006,61,0.04463344067335129
5007,61,0.06477827578783035
5008,61,0.0832231342792511
5009,61,0.07256600260734558
5010,61,0.05272580683231354
5011,61,0.03527070954442024
5012,61,0.046432241797447205
5013,61,0.03252632915973663
5014,61,0.0381128266453743
5015,61,0.05317447707056999
5016,61,0.04938548058271408
5017,61,0.06851822882890701
5018,61,0.0338064543902874
5019,61,0.050200991332530975
5020,61,0.04245242476463318
5021,61,0.02769261971116066
5022,61,0.054463498294353485
5023,61,0.05724579095840454
5024,61,0.02858102321624756
5025,61,0.07237361371517181
5026,61,0.03933162987232208
5027,61,0.03572370111942291
5028,61,0.10309518873691559
5029,61,0.042522676289081573
5030,61,0.01822577230632305
5031,61,0.03396698087453842
5032,61,0.024096129462122917
5033,61,0.06072297319769859
5034,61,0.06617943942546844
5035,61,0.062374915927648544
5036,61,0.03539765998721123
5037,61,0.09719325602054596
5038,61,0.07200805097818375
5039,61,0.07048670202493668
5040,61,0.02732115611433983
5041,61,0.028807394206523895
5042,61,0.07032089680433273
5043,61,0.0828961730003357
5044,61,0.039447326213121414
5045,61,0.03829604759812355
5046,61,0.03597814589738846
5047,61,0.03601931035518646
5048,61,0.02923295833170414
5049,61,0.03474650904536247
5050,61,0.06625722348690033
5051,61,0.030229004099965096
5052,61,0.03982444480061531
5053,61,0.03798089176416397
5054,61,0.034418754279613495
5055,61,0.05063411593437195
5056,61,0.04234681650996208
5057,61,0.023242322728037834
5058,61,0.032562680542469025
5059,61,0.06704146414995193
5060,61,0.024527132511138916
5061,61,0.03937501460313797
5062,61,0.0687236413359642
5063,61,0.025728318840265274
5064,61,0.023748062551021576
5065,61,0.09377425163984299
5066,61,0.036889515817165375
5067,62,0.036755841225385666
5068,62,0.02179041877388954
5069,62,0.05678706616163254
5070,62,0.03579944744706154
5071,62,0.03507416695356369
5072,62,0.02762713097035885
5073,62,0.061090413480997086
5074,62,0.04134054481983185
5075,62,0.03629888594150543
5076,62,0.05502212420105934
5077,62,0.03406762331724167
5078,62,0.025572171434760094
5079,62,0.03698543459177017
5080,62,0.0720997080206871
5081,62,0.029729388654232025
5082,62,0.04367601126432419
5083,62,0.04609660059213638
5084,62,0.04411417245864868
5085,62,0.03626811131834984
5086,62,0.05459092929959297
5087,62,0.01547730341553688
5088,62,0.01674879714846611
5089,62,0.034288786351680756
5090,62,0.05062494054436684
5091,62,0.027655137702822685
5092,62,0.028405576944351196
5093,62,0.032950591295957565
5094,62,0.021211473271250725
5095,62,0.027575625106692314
5096,62,0.02399052493274212
5097,62,0.03456086665391922
5098,62,0.02655155584216118
5099,62,0.033847562968730927
5100,62,0.03913328796625137
5101,62,0.031390637159347534
5102,62,0.027272425591945648
5103,62,0.015381540171802044
5104,62,0.0632009357213974
5105,62,0.029060715809464455
5106,62,0.05713607370853424
5107,62,0.024777807295322418
5108,62,0.019212065264582634
5109,62,0.03434206545352936
5110,62,0.02654016576707363
5111,62,0.03173699975013733
5112,62,0.045293647795915604
5113,62,0.034938424825668335
5114,62,0.021712766960263252
5115,62,0.032414309680461884
5116,62,0.03045346587896347
5117,62,0.061508748680353165
5118,62,0.04684145748615265
5119,62,0.04228514805436134
5120,62,0.03654755651950836
5121,62,0.024175381287932396
5122,62,0.08594918251037598
5123,62,0.03235135227441788
5124,62,0.06634019315242767
5125,62,0.03617997094988823
5126,62,0.07878462970256805
5127,62,0.07017594575881958
5128,62,0.0610312856733799
5129,62,0.05265894904732704
5130,63,0.02781692147254944
5131,63,0.03157984837889671
5132,63,0.031110087409615517
5133,63,0.019918421283364296
5134,63,0.04870421439409256
5135,63,0.0629715844988823
5136,63,0.03739427775144577
5137,63,0.04604340344667435
5138,63,0.03228531405329704
5139,63,0.03243084251880646
5140,63,0.025517426431179047
5141,63,0.05278914421796799
5142,63,0.04838407412171364
5143,63,0.04934258759021759
5144,63,0.02317858301103115
5145,63,0.04839655011892319
5146,63,0.04449252411723137
5147,63,0.0584900788962841
5148,63,0.09259819984436035
5149,63,0.020369892939925194
5150,63,0.03320065885782242
5151,63,0.0517536923289299
5152,63,0.05604205280542374
5153,63,0.03417547419667244
5154,64,0.03060947358608246
5155,64,0.0673934817314148
5156,64,0.04214604198932648
5157,64,0.023493431508541107
5158,64,0.05426287651062012
5159,64,0.02794560417532921
5160,64,0.025155071169137955
5161,64,0.05266794189810753
5162,64,0.03360690549015999
5163,64,0.031985554844141006
5164,64,0.055985286831855774
5165,64,0.08535760641098022
5166,64,0.057863205671310425
5167,64,0.0777658149600029
5168,64,0.03937043249607086
5169,64,0.039241090416908264
5170,64,0.04491346701979637
5171,64,0.03311072662472725
5172,64,0.05631546303629875
5173,64,0.02206568419933319
5174,64,0.019304227083921432
5175,64,0.032324109226465225
5176,64,0.04524073377251625
5177,64,0.03598489984869957
5178,64,0.0342535525560379
5179,64,0.03564860671758652
5180,64,0.05573112890124321
5181,64,0.03567419946193695
5182,64,0.05505171790719032
5183,64,0.03743206709623337
5184,64,0.03496020287275314
5185,64,0.0657513365149498
5186,64,0.02726834826171398
5187,64,0.03554234281182289
5188,64,0.06670722365379333
5189,64,0.022901246324181557
5190,64,0.03220319002866745
5191,64,0.09435798227787018
5192,64,0.045183490961790085
5193,64,0.04658650979399681
5194,64,0.05170067027211189
5195,64,0.04814128950238228
5196,64,0.03379722684621811
5197,64,0.039173007011413574
5198,64,0.02822170779109001
5199,64,0.05187584459781647
5200,64,0.015143071301281452
5201,64,0.0788998007774353
5202,64,0.051236093044281006
5203,64,0.0262049101293087
5204,64,0.03520362451672554
5205,64,0.0634794607758522
5206,64,0.03514818102121353
5207,64,0.027371810749173164
5208,64,0.03072763793170452
5209,64,0.050160907208919525
5210,64,0.036163605749607086
5211,64,0.031671613454818726
5212,64,0.037983402609825134
5213,64,0.037351153790950775
5214,64,0.05162881314754486
5215,64,0.02369355596601963
5216,64,0.021104153245687485
5217,64,0.02086333930492401
5218,65,0.02370789460837841
5219,65,0.047052446752786636
5220,65,0.054533399641513824
5221,65,0.021582357585430145
5222,65,0.02604340761899948
5223,65,0.03612129017710686
5224,65,0.03553864359855652
5225,65,0.08663627505302429
5226,65,0.04300571233034134
5227,65,0.030594555661082268
5228,65,0.07539461553096771
5229,65,0.04987817257642746
5230,65,0.06985247135162354
5231,65,0.03428894653916359
5232,65,0.07298828661441803
5233,65,0.06803050637245178
5234,66,0.03808768838644028
5235,66,0.03222943842411041
5236,66,0.027517594397068024
5237,66,0.03372042626142502
5238,66,0.018363259732723236
5239,66,0.02356169931590557
5240,66,0.02468310296535492
5241,66,0.0310108233243227
5242,66,0.021862590685486794
5243,66,0.11894303560256958
5244,66,0.023386748507618904
5245,66,0.027242060750722885
5246,66,0.04266028851270676
5247,66,0.030127933248877525
5248,66,0.03231280669569969
5249,66,0.026271836832165718
5250,66,0.05316884443163872
5251,66,0.046384651213884354
5252,66,0.04570871219038963
5253,66,0.05815533176064491
5254,66,0.08350352197885513
5255,66,0.06146278232336044
5256,66,0.07978817075490952
5257,66,0.036623820662498474
5258,66,0.05175735056400299
5259,66,0.03498322516679764
5260,66,0.040952540934085846
5261,66,0.08597026765346527
5262,66,0.04707657918334007
5263,66,0.04333248734474182
5264,66,0.053106024861335754
5265,66,0.04674767330288887
5266,66,0.046828240156173706
5267,66,0.055123280733823776
5268,66,0.04989422485232353
5269,66,0.04568573087453842
5270,66,0.04344401881098747
5271,66,0.044614750891923904
5272,66,0.08600102365016937
5273,66,0.06702109426259995
5274,66,0.0438506118953228
5275,66,0.05198027938604355
5276,66,0.025825507938861847
5277,66,0.027828920632600784
5278,66,0.03351809084415436
5279,66,0.02814284712076187
5280,66,0.06305280327796936
5281,66,0.028183111920952797
5282,66,0.04909011721611023
5283,66,0.022076738998293877
5284,66,0.04157775640487671
5285,66,0.03285764902830124
5286,66,0.04065215215086937
5287,66,0.032241206616163254
5288,66,0.03541780263185501
5289,66,0.048389747738838196
5290,66,0.05192778259515762
5291,66,0.022083746269345284
5292,66,0.026640066877007484
5293,66,0.015112223103642464
5294,66,0.035392649471759796
5295,66,0.025508694350719452
5296,66,0.02039475552737713
5297,66,0.017933439463377
5298,66,0.02329384535551071
5299,66,0.04905078932642937
5300,66,0.06188960745930672
5301,66,0.018712690100073814
5302,66,0.03294412046670914
5303,66,0.04687335714697838
5304,66,0.04405459761619568
5305,66,0.018452735617756844
5306,66,0.05131556838750839
5307,66,0.03837430849671364
5308,66,0.051666613668203354
5309,66,0.03213206306099892
5310,66,0.03317572921514511
5311,66,0.023437898606061935
5312,66,0.04016561806201935
5313,66,0.025142241269350052
5314,66,0.025846444070339203
5315,66,0.012536762282252312
5316,66,0.02889426052570343
5317,66,0.048165254294872284
5318,66,0.0429966002702713
5319,66,0.047373972833156586
5320,66,0.03542685508728027
5321,66,0.029457222670316696
5322,66,0.021745502948760986
5323,66,0.036197759211063385
5324,66,0.04937368258833885
5325,66,0.033197224140167236
5326,66,0.03957570716738701
5327,66,0.022838106378912926
5328,66,0.037942059338092804
5329,66,0.05947389453649521
5330,66,0.015059673227369785
5331,66,0.03957968205213547
5332,66,0.07740126550197601
5333,66,0.01858442835509777
5334,66,0.03705645352602005
5335,66,0.02437237836420536
5336,66,0.03394666314125061
5337,66,0.11039821803569794
5338,66,0.050496235489845276
5339,66,0.0403854176402092
5340,66,0.05678350850939751
5341,66,0.0636659637093544
5342,66,0.04662524536252022
5343,66,0.03643579035997391
5344,66,0.0241816658526659
5345,66,0.05090887099504471
5346,66,0.057076312601566315
5347,66,0.05401480570435524
5348,66,0.020776018500328064
5349,66,0.03508278355002403
5350,66,0.0627690777182579
5351,66,0.07731609791517258
5352,66,0.03897412121295929
5353,66,0.04467663913965225
5354,66,0.02671639993786812
5355,66,0.03141520172357559
5356,66,0.03898518159985542
5357,66,0.018591979518532753
5358,66,0.013578138314187527
5359,66,0.03266874700784683
5360,67,0.02598629891872406
5361,67,0.011821603402495384
5362,67,0.02950233779847622
5363,67,0.049728766083717346
5364,67,0.05686919018626213
5365,67,0.027396421879529953
5366,67,0.045120056718587875
5367,67,0.08079306781291962
5368,67,0.0586523674428463
5369,67,0.053545888513326645
5370,67,0.04630137234926224
5371,68,0.039945222437381744
5372,68,0.03475857526063919
5373,68,0.04350364953279495
5374,68,0.0438837930560112
5375,68,0.04835031181573868
5376,68,0.03859137371182442
5377,68,0.016619715839624405
5378,68,0.02407512068748474
5379,68,0.025937380269169807
5380,68,0.02706870809197426
5381,68,0.03995850682258606
5382,68,0.050008803606033325
5383,68,0.03423633053898811
5384,68,0.03724471479654312
5385,68,0.04977504536509514
5386,68,0.0497589036822319
5387,68,0.03254294767975807
5388,68,0.05997731536626816
5389,68,0.04838922992348671
5390,68,0.04312044009566307
5391,68,0.026676049456000328
5392,68,0.025032440200448036
5393,68,0.0358523465692997
5394,68,0.02946361154317856
5395,68,0.04399853199720383
5396,68,0.04360325261950493
5397,69,0.03943200781941414
5398,69,0.024982571601867676
5399,69,0.0520378015935421
5400,69,0.06268852949142456
5401,69,0.024862021207809448
5402,69,0.022126026451587677
5403,69,0.03631988540291786
5404,69,0.04217267781496048
5405,69,0.028542492538690567
5406,69,0.02612820640206337
5407,69,0.031618911772966385
5408,69,0.020084256306290627
5409,69,0.04444418102502823
5410,69,0.027455931529402733
5411,69,0.025309955701231956
5412,69,0.014012882485985756
5413,69,0.06084619089961052
5414,69,0.04551650211215019
5415,69,0.022737747058272362
5416,69,0.05904768779873848
5417,69,0.02216974087059498
5418,69,0.047574348747730255
5419,69,0.04473020136356354
5420,69,0.03078196942806244
5421,69,0.05757952108979225
5422,69,0.03574754297733307
5423,69,0.019793646410107613
5424,69,0.054143309593200684
5425,69,0.02932586520910263
5426,69,0.02852143533527851
5427,69,0.026606380939483643
5428,69,0.032211966812610626
5429,69,0.051911577582359314
5430,69,0.034131478518247604
5431,69,0.04834895581007004
5432,69,0.03877326846122742
5433,69,0.02326742187142372
5434,69,0.024972258135676384
5435,69,0.09797866642475128
5436,69,0.029908474534749985
5437,69,0.05856899172067642
5438,69,0.045267123728990555
5439,69,0.028394948691129684
5440,69,0.029818497598171234
5441,69,0.032006677240133286
5442,69,0.032728761434555054
5443,69,0.026534773409366608
5444,69,0.0428137443959713
5445,69,0.02781924419105053
5446,69,0.06667663156986237
5447,69,0.037703756242990494
5448,69,0.02977178432047367
5449,69,0.05839065462350845
5450,69,0.017532672733068466
5451,69,0.06599818915128708
5452,69,0.039335887879133224
5453,69,0.04810810089111328
5454,69,0.03116448223590851
5455,69,0.02491152286529541
5456,69,0.04483329504728317
5457,69,0.02131248265504837
5458,69,0.03707271069288254
5459,69,0.021030930802226067
5460,69,0.04488112032413483
5461,69,0.025978107005357742
5462,69,0.02034369297325611
5463,69,0.041911981999874115
5464,69,0.05026811361312866
5465,69,0.01796124503016472
5466,69,0.03139582276344299
5467,69,0.039386771619319916
5468,69,0.026708118617534637
5469,69,0.018930520862340927
5470,69,0.02623780071735382
5471,69,0.08213239908218384
5472,69,0.0250768531113863
5473,69,0.023377638310194016
5474,69,0.026531409472227097
5475,69,0.07732503116130829
5476,69,0.032306965440511703
5477,69,0.04915974661707878
5478,69,0.05226700380444527
5479,69,0.048070527613162994
5480,69,0.026018831878900528
5481,69,0.028990233317017555
5482,69,0.02417599782347679
5483,69,0.035914015024900436
5484,69,0.01937577873468399
5485,69,0.027172422036528587
5486,69,0.02927986904978752
5487,69,0.040205784142017365
5488,69,0.025354379788041115
5489,69,0.04165662080049515
5490,69,0.021176394075155258
5491,69,0.046562884002923965
5492,69,0.03680083900690079
5493,69,0.04012087360024452
5494,69,0.03272932767868042
5495,69,0.04598855972290039
5496,69,0.03844882547855377
5497,69,0.022105246782302856
5498,69,0.021522678434848785
5499,69,0.03350790962576866
5500,69,0.05908142402768135
5501,69,0.07389804720878601
5502,69,0.07663663476705551
5503,69,0.05721619725227356
5504,69,0.06558266282081604
5505,69,0.061560437083244324
5506,69,0.03456610441207886
5507,69,0.03856063261628151
5508,69,0.06979399174451828
5509,69,0.05821763724088669
5510,69,0.041940972208976746
5511,69,0.08231842517852783
5512,69,0.03459736704826355
5513,69,0.03656391799449921
5514,69,0.03821934014558792
5515,69,0.05126179754734039
5516,69,0.0384867861866951
5517,69,0.02840236760675907
5518,69,0.07558125257492065
5519,69,0.055165279656648636
5520,69,0.04624762758612633
5521,69,0.03480187803506851
5522,69,0.07331954687833786
5523,69,0.0574876144528389
5524,69,0.03898265212774277
5525,69,0.03763211518526077
5526,69,0.04984678700566292
5527,69,0.05546560510993004
5528,69,0.0309059489518404
5529,69,0.03349507600069046
5530,69,0.05089612305164337
5531,69,0.047696392983198166
5532,69,0.02699854224920273
5533,69,0.04323475435376167
5534,69,0.02879316732287407
5535,69,0.03135325014591217
5536,69,0.029874511063098907
5537,69,0.04713990539312363
5538,69,0.052131302654743195
5539,69,0.024471502751111984
5540,69,0.03446430340409279
5541,69,0.07669918239116669
5542,69,0.04210364446043968
5543,69,0.04578766971826553
5544,69,0.02884627878665924
5545,69,0.027089960873126984
5546,69,0.024765774607658386
5547,70,0.03483041375875473
5548,70,0.02136184461414814
5549,70,0.02825004979968071
5550,70,0.03369397297501564
5551,70,0.015549248084425926
5552,70,0.02751278318464756
5553,70,0.0492938831448555
5554,70,0.04769856482744217
5555,70,0.027169138193130493
5556,70,0.04325592517852783
5557,70,0.019975170493125916
5558,70,0.02421330288052559
5559,70,0.03596697002649307
5560,70,0.03393535315990448
5561,70,0.03310982510447502
5562,70,0.023543119430541992
5563,70,0.04229000583291054
5564,70,0.04290106147527695
5565,70,0.01995568349957466
5566,70,0.02179059013724327
5567,70,0.019213611260056496
5568,70,0.03646428510546684
5569,70,0.0235606599599123
5570,70,0.02737584337592125
5571,70,0.032662633806467056
5572,70,0.035692840814590454
5573,70,0.023827383294701576
5574,70,0.039638206362724304
5575,70,0.029183588922023773
5576,70,0.02906058169901371
5577,70,0.02449694834649563
5578,70,0.018882781267166138
5579,70,0.03205469995737076
5580,70,0.021716289222240448
5581,70,0.028862539678812027
5582,70,0.02566595934331417
5583,70,0.016882339492440224
5584,70,0.03699551522731781
5585,70,0.030784934759140015
5586,70,0.03399878367781639
5587,71,0.035877447575330734
5588,71,0.04180171340703964
5589,71,0.047585152089595795
5590,71,0.04634806886315346
5591,71,0.03512488305568695
5592,71,0.04247983172535896
5593,71,0.0656166821718216
5594,71,0.03843782842159271
5595,71,0.029358088970184326
5596,71,0.03475985676050186
5597,71,0.05439997464418411
5598,71,0.04409714415669441
5599,71,0.023103784769773483
5600,71,0.02549174800515175
5601,71,0.039849039167165756
5602,71,0.016310304403305054
5603,71,0.044902630150318146
5604,71,0.032614100724458694
5605,71,0.030459722504019737
5606,71,0.08425632864236832
5607,71,0.02987079881131649
5608,71,0.05211599916219711
5609,71,0.05790514871478081
5610,71,0.035411860793828964
5611,71,0.05523690581321716
5612,71,0.03570904582738876
5613,71,0.030086426064372063
5614,71,0.053361017256975174
5615,71,0.024917123839259148
5616,71,0.04769134521484375
5617,71,0.027827661484479904
5618,71,0.0230043176561594
5619,71,0.03922000527381897
5620,71,0.054225172847509384
5621,71,0.027179798111319542
5622,71,0.05814099311828613
5623,71,0.041128966957330704
5624,71,0.03126536309719086
5625,71,0.043001752346754074
5626,71,0.08972644805908203
5627,71,0.04398449882864952
5628,71,0.029792288318276405
5629,71,0.0755804255604744
5630,71,0.04210834950208664
5631,71,0.029504436999559402
5632,71,0.0339781753718853
5633,71,0.03020631894469261
5634,71,0.04360824078321457
5635,71,0.04899812489748001
5636,71,0.047648489475250244
5637,71,0.02530859410762787
5638,71,0.036059148609638214
5639,71,0.028477516025304794
5640,71,0.07442528009414673
5641,71,0.043307602405548096
5642,71,0.02745637111365795
5643,71,0.037160724401474
5644,71,0.02267409674823284
5645,71,0.023557696491479874
5646,71,0.03926052898168564
5647,71,0.022505417466163635
5648,71,0.028677523136138916
5649,71,0.02879401296377182
5650,71,0.021658122539520264
5651,72,0.041568856686353683
5652,72,0.0226296316832304
5653,72,0.02393919974565506
5654,72,0.02317553199827671
5655,72,0.08326488733291626
5656,72,0.06297643482685089
5657,72,0.063706174492836
5658,72,0.0428854301571846
5659,72,0.06372679024934769
5660,72,0.029899893328547478
5661,72,0.036507342010736465
5662,72,0.024738727137446404
5663,72,0.02647256664931774
5664,72,0.022597119212150574
5665,72,0.04939310997724533
5666,72,0.026852216571569443
5667,72,0.03217759355902672
5668,72,0.022462638095021248
5669,72,0.042618528008461
5670,72,0.02719004824757576
5671,72,0.02164216712117195
5672,72,0.023795349523425102
5673,72,0.029296832159161568
5674,72,0.04181775823235512
5675,72,0.02309250459074974
5676,72,0.03548441827297211
5677,72,0.029442761093378067
5678,72,0.036329273134469986
5679,72,0.03892472758889198
5680,72,0.035155873745679855
5681,72,0.05312696844339371
5682,72,0.02272406592965126
5683,72,0.055424150079488754
5684,72,0.06003611162304878
5685,72,0.03655144199728966
5686,72,0.025400688871741295
5687,72,0.026199985295534134
5688,72,0.02820499800145626
5689,72,0.029461365193128586
5690,72,0.026033442467451096
5691,72,0.03502615541219711
5692,72,0.05407553166151047
5693,72,0.02184286341071129
5694,72,0.02965238317847252
5695,72,0.018259810283780098
5696,72,0.04750104621052742
5697,72,0.02782829850912094
5698,72,0.02029643952846527
5699,72,0.039522748440504074
5700,72,0.05511707812547684
5701,72,0.020923370495438576
5702,72,0.025117501616477966
5703,72,0.03335075080394745
5704,72,0.022794976830482483
5705,72,0.0435292012989521
5706,72,0.05243879556655884
5707,72,0.03445381671190262
5708,72,0.03616530820727348
5709,72,0.03926479443907738
5710,72,0.031741462647914886
5711,72,0.02443018928170204
5712,72,0.041534874588251114
5713,72,0.02809109538793564
5714,73,0.026372617110610008
5715,73,0.031960293650627136
5716,73,0.04245498776435852
5717,73,0.016339685767889023
5718,73,0.013331103138625622
5719,73,0.026979900896549225
5720,73,0.03379960358142853
5721,73,0.030429694801568985
5722,73,0.023251809179782867
5723,73,0.025681983679533005
5724,73,0.03366842493414879
5725,73,0.041978467255830765
5726,73,0.039491843432188034
5727,73,0.02484685555100441
5728,73,0.02145390771329403
5729,73,0.03271191194653511
5730,73,0.020697230473160744
5731,73,0.049843043088912964
5732,73,0.019981803372502327
5733,73,0.04109136760234833
5734,73,0.028187032788991928
5735,73,0.07741101831197739
5736,73,0.049156639724969864
5737,73,0.022855684161186218
5738,73,0.024439536035060883
5739,73,0.042526260018348694
5740,73,0.03590724989771843
5741,73,0.04622754827141762
5742,73,0.03344997018575668
5743,73,0.03251342475414276
5744,73,0.020801257342100143
5745,73,0.031962987035512924
5746,73,0.03757319226861
5747,73,0.02522536739706993
5748,73,0.026939749717712402
5749,73,0.0174684040248394
5750,73,0.037401407957077026
5751,73,0.06075001507997513
5752,73,0.059392888098955154
5753,73,0.07372529059648514
5754,73,0.06535845249891281
5755,73,0.10219843685626984
5756,73,0.09390612691640854
5757,73,0.06470213830471039
5758,73,0.04056978598237038
5759,73,0.04096542298793793
5760,73,0.05890104919672012
5761,73,0.057391852140426636
5762,73,0.039430733770132065
5763,73,0.03762566298246384
5764,73,0.0497862845659256
5765,73,0.061168864369392395
5766,74,0.062152113765478134
5767,74,0.030677547678351402
5768,74,0.027627699077129364
5769,74,0.08854081481695175
5770,74,0.025378501042723656
5771,74,0.030665859580039978
5772,74,0.07426880300045013
5773,74,0.028173333033919334
5774,74,0.040688030421733856
5775,74,0.023581409826874733
5776,74,0.04046279191970825
5777,74,0.034489162266254425
5778,74,0.06104951351881027
5779,74,0.025409754365682602
5780,74,0.033185139298439026
5781,74,0.023521240800619125
5782,74,0.02614949457347393
5783,74,0.030877774581313133
5784,74,0.03378865495324135
5785,74,0.05410876125097275
5786,74,0.04550498351454735
5787,74,0.02808721736073494
5788,74,0.026184815913438797
5789,74,0.049111831933259964
5790,74,0.027479097247123718
5791,74,0.04677902162075043
5792,74,0.03377949818968773
5793,74,0.0425979308784008
5794,74,0.03859768062829971
5795,74,0.06561446934938431
5796,74,0.02705930545926094
5797,74,0.04076366871595383
5798,74,0.02402636967599392
5799,74,0.02082528918981552
5800,74,0.021560631692409515
5801,74,0.029782550409436226
5802,74,0.03314225748181343
5803,74,0.048709895461797714
5804,74,0.02946949377655983
5805,74,0.02960638515651226
5806,74,0.04188452288508415
5807,74,0.057828910648822784
5808,74,0.017986778169870377
5809,74,0.03941092640161514
5810,74,0.0360206663608551
5811,74,0.02805309183895588
5812,74,0.03440746292471886
5813,74,0.02483411692082882
5814,74,0.03833598271012306
5815,74,0.027005109935998917
5816,74,0.0248564425855875
5817,74,0.030857078731060028
5818,74,0.03199620917439461
5819,74,0.027258332818746567
5820,74,0.03135310113430023
5821,74,0.02554747648537159
5822,74,0.038732368499040604
5823,74,0.026108017191290855
5824,74,0.03543752804398537
5825,74,0.031187839806079865
5826,74,0.026883821934461594
5827,74,0.041955266147851944
5828,74,0.04026016220450401
5829,74,0.03759019076824188
5830,74,0.03851795941591263
5831,74,0.04034184664487839
5832,74,0.03765203803777695
5833,74,0.030497577041387558
5834,74,0.02371305227279663
5835,74,0.03865070641040802
5836,74,0.029560647904872894
5837,74,0.03929959610104561
5838,74,0.03201809525489807
5839,74,0.020197156816720963
5840,74,0.022098364308476448
5841,74,0.031072134152054787
5842,74,0.03737055882811546
5843,74,0.015678947791457176
5844,74,0.02933758683502674
5845,74,0.027579903602600098
5846,74,0.026133261620998383
5847,74,0.02726176753640175
5848,74,0.027046533301472664
5849,74,0.038783587515354156
5850,74,0.023239361122250557
5851,74,0.02914818376302719
5852,74,0.02453550696372986
5853,74,0.027988988906145096
5854,74,0.03369048610329628
5855,74,0.019625451415777206
5856,74,0.03131153807044029
5857,74,0.024270925670862198
5858,74,0.03246137499809265
5859,74,0.08585461974143982
5860,74,0.039916276931762695
5861,74,0.03308594599366188
5862,74,0.032266765832901
5863,74,0.029871497303247452
5864,74,0.03294217213988304
5865,74,0.024662809446454048
5866,74,0.025318151339888573
5867,74,0.022639136761426926
5868,75,0.030373739078640938
5869,75,0.03328162059187889
5870,75,0.01862899586558342
5871,75,0.030524523928761482
5872,75,0.02905164659023285
5873,75,0.031519707292318344
5874,75,0.028738457709550858
5875,75,0.025598052889108658
5876,75,0.03229157254099846
5877,75,0.030514581128954887
5878,75,0.02821606770157814
5879,75,0.021464277058839798
5880,75,0.030199775472283363
5881,75,0.026890583336353302
5882,75,0.03649747744202614
5883,75,0.01562768593430519
5884,75,0.021539026871323586
5885,75,0.029780913144350052
5886,75,0.037964701652526855
5887,75,0.03924022242426872
5888,75,0.028280755504965782
5889,75,0.03777402639389038
5890,75,0.03569233417510986
5891,75,0.028707994148135185
5892,75,0.0503687858581543
5893,75,0.0495356060564518
5894,75,0.03326140344142914
5895,75,0.02756280079483986
5896,75,0.04784008115530014
5897,75,0.03288368880748749
5898,75,0.022687410935759544
5899,75,0.023765966296195984
5900,75,0.02265346795320511
5901,75,0.023277921602129936
5902,75,0.022402063012123108
5903,75,0.04089793562889099
5904,75,0.04434194043278694
5905,75,0.04407722130417824
5906,75,0.028225453570485115
5907,75,0.03541088476777077
5908,75,0.03152325749397278
5909,75,0.027691619470715523
5910,75,0.03172178193926811
5911,75,0.021700356155633926
5912,75,0.01917710341513157
5913,75,0.020848603919148445
5914,75,0.03245176747441292
5915,75,0.01641255058348179
5916,75,0.028305737301707268
5917,75,0.01800845004618168
5918,75,0.02462589554488659
5919,75,0.028236577287316322
5920,75,0.09211694449186325
5921,75,0.02137027680873871
5922,75,0.02706296741962433
5923,75,0.027527928352355957
5924,76,0.02713928371667862
5925,76,0.02874925173819065
5926,76,0.018016796559095383
5927,76,0.0333227701485157
5928,76,0.032611556351184845
5929,76,0.019056277349591255
5930,76,0.027970634400844574
5931,76,0.025937054306268692
5932,76,0.035742342472076416
5933,76,0.049927305430173874
5934,76,0.01763857901096344
5935,76,0.05319186672568321
5936,76,0.029972821474075317
5937,76,0.026847602799534798
5938,76,0.03386965021491051
5939,76,0.03250325098633766
5940,76,0.05034415423870087
5941,76,0.02703685499727726
5942,76,0.04100959748029709
5943,76,0.024534977972507477
5944,76,0.01957104541361332
5945,76,0.019124465063214302
5946,76,0.027191095054149628
5947,76,0.05369272455573082
5948,76,0.03196339309215546
5949,76,0.032561831176280975
5950,76,0.05165451392531395
5951,76,0.02292013168334961
5952,76,0.02409137412905693
5953,76,0.03428350389003754
5954,76,0.03770582005381584
5955,76,0.02533537521958351
5956,76,0.019828373566269875
5957,76,0.03572072088718414
5958,76,0.03229476138949394
5959,76,0.028591040521860123
5960,76,0.043456390500068665
5961,76,0.0845627710223198
5962,76,0.02979959547519684
5963,76,0.0439617857336998
5964,76,0.025175532326102257
5965,76,0.03693315014243126
5966,76,0.03014576993882656
5967,76,0.024477601051330566
5968,76,0.029460608959197998
5969,76,0.026553604751825333
5970,76,0.04055817797780037
5971,76,0.07646069675683975
5972,76,0.02473173476755619
5973,76,0.04538791999220848
5974,76,0.024669669568538666
5975,76,0.06819538027048111
5976,76,0.025634225457906723
5977,76,0.02731015533208847
5978,76,0.020913606509566307
5979,76,0.028970889747142792
5980,76,0.05099998787045479
5981,76,0.023533234372735023
5982,76,0.06237564608454704
5983,76,0.02540760114789009
5984,76,0.025579340755939484
5985,76,0.03339482098817825
5986,76,0.048907242715358734
5987,76,0.03606719151139259
5988,76,0.0233920905739069
5989,76,0.022893687710165977
5990,76,0.037523895502090454
5991,76,0.028923308476805687
5992,76,0.038919318467378616
5993,76,0.02483471669256687
5994,76,0.026237061247229576
5995,76,0.034613341093063354
5996,76,0.040075164288282394
5997,76,0.018606070429086685
5998,76,0.02620960772037506
5999,76,0.025773007422685623
6000,76,0.028856612741947174
6001,76,0.1428128033876419
6002,76,0.06265859305858612
6003,76,0.05742906406521797
6004,76,0.08271899074316025
6005,76,0.06331177800893784
6006,76,0.052580904215574265
6007,76,0.03924291208386421
6008,76,0.04605666548013687
6009,76,0.034988533705472946
6010,76,0.06125963106751442
6011,76,0.03157259151339531
6012,76,0.032060667872428894
6013,76,0.059709303081035614
6014,76,0.038187175989151
6015,76,0.03867992386221886
6016,76,0.03701049089431763
6017,76,0.06507063657045364
6018,76,0.03290913254022598
6019,76,0.030888991430401802
6020,76,0.036182764917612076
6021,76,0.032000698149204254
6022,76,0.030960286036133766
6023,76,0.04044066369533539
6024,76,0.02440228872001171
6025,76,0.022419633343815804
6026,76,0.02982725016772747
6027,76,0.07550971210002899
6028,76,0.024105723947286606
6029,76,0.038322582840919495
6030,76,0.02105812542140484
6031,76,0.029609834775328636
6032,76,0.07200472056865692
6033,76,0.026386814191937447
6034,76,0.02736106887459755
6035,76,0.028136203065514565
6036,76,0.029682623222470284
6037,77,0.02171921916306019
6038,77,0.024008382111787796
6039,77,0.019345171749591827
6040,77,0.024376509711146355
6041,77,0.02746610715985298
6042,77,0.03272037208080292
6043,77,0.03498982638120651
6044,77,0.02218581922352314
6045,77,0.029297824949026108
6046,77,0.032668888568878174
6047,77,0.025997761636972427
6048,77,0.03176800534129143
6049,77,0.016657613217830658
6050,77,0.021981218829751015
6051,77,0.020349398255348206
6052,77,0.020973194390535355
6053,77,0.03376097232103348
6054,77,0.023504722863435745
6055,77,0.0242364052683115
6056,77,0.029951944947242737
6057,77,0.044110678136348724
6058,77,0.03675781935453415
6059,77,0.03516923636198044
6060,77,0.04059217497706413
6061,77,0.028621798381209373
6062,77,0.023776834830641747
6063,77,0.024055760353803635
6064,77,0.045227304100990295
6065,77,0.028557563200592995
6066,77,0.022684333845973015
6067,77,0.03650807589292526
6068,77,0.01664389856159687
6069,77,0.030481046065688133
6070,77,0.03701755031943321
6071,77,0.0367969386279583
6072,77,0.018394576385617256
6073,77,0.02608349174261093
6074,77,0.041623421013355255
6075,77,0.0340031236410141
6076,77,0.030734719708561897
6077,77,0.04511484503746033
6078,77,0.02790115959942341
6079,77,0.0379355289041996
6080,77,0.020321941003203392
6081,77,0.03325992077589035
6082,77,0.0363403782248497
6083,77,0.03073842264711857
6084,77,0.0477413646876812
6085,77,0.02787626162171364
6086,77,0.027558667585253716
6087,77,0.05085398256778717
6088,77,0.035777464509010315
6089,78,0.04141197353601456
6090,78,0.03014354035258293
6091,78,0.030432231724262238
6092,78,0.019989168271422386
6093,78,0.02430550940334797
6094,78,0.03748071938753128
6095,78,0.02659442648291588
6096,78,0.036054834723472595
6097,78,0.03683541342616081
6098,78,0.02535787969827652
6099,78,0.09993581473827362
6100,78,0.04389657452702522
6101,78,0.028672317042946815
6102,78,0.02656569331884384
6103,78,0.028379300609230995
6104,78,0.04899527132511139
6105,78,0.0193969514220953
6106,78,0.02939606085419655
6107,78,0.029719356447458267
6108,78,0.03253138065338135
6109,78,0.03554796054959297
6110,78,0.045301493257284164
6111,78,0.040822647511959076
6112,78,0.045334503054618835
6113,78,0.029928699135780334
6114,78,0.029423315078020096
6115,78,0.021839499473571777
6116,78,0.024673499166965485
6117,78,0.018279703333973885
6118,78,0.03358970582485199
6119,78,0.04010017216205597
6120,78,0.02012614905834198
6121,78,0.0288345068693161
6122,78,0.022819526493549347
6123,78,0.026376504451036453
6124,78,0.026612048968672752
6125,78,0.03720578923821449
6126,78,0.026453591883182526
6127,78,0.03513193875551224
6128,78,0.0318838432431221
6129,78,0.02800116129219532
6130,78,0.023474106565117836
6131,78,0.02211463265120983
6132,78,0.025696011260151863
6133,78,0.042054977267980576
6134,79,0.033214271068573
6135,79,0.029407920315861702
6136,79,0.03279992192983627
6137,79,0.03660162165760994
6138,79,0.036103300750255585
6139,79,0.027890009805560112
6140,79,0.029012512415647507
6141,79,0.027902770787477493
6142,79,0.030886661261320114
6143,79,0.048112355172634125
6144,79,0.019425388425588608
6145,79,0.028885187581181526
6146,79,0.02145262621343136
6147,79,0.022688521072268486
6148,79,0.027132673189044
6149,79,0.04455859586596489
6150,79,0.033527713268995285
6151,79,0.026333170011639595
6152,79,0.04209218919277191
6153,79,0.021605022251605988
6154,79,0.026536185294389725
6155,79,0.020663674920797348
6156,79,0.04247165843844414
6157,79,0.045799482613801956
6158,79,0.03185083344578743
6159,79,0.025408728048205376
6160,79,0.04035516455769539
6161,79,0.03037308342754841
6162,79,0.03290603309869766
6163,79,0.015424827113747597
6164,79,0.0432070791721344
6165,79,0.03312075883150101
6166,79,0.02794399857521057
6167,79,0.04688452184200287
6168,79,0.05018232390284538
6169,79,0.04769080877304077
6170,79,0.028162891045212746
6171,79,0.043520595878362656
6172,79,0.05418744683265686
6173,79,0.03288529813289642
6174,79,0.05195912718772888
6175,79,0.040298666805028915
6176,79,0.02936713956296444
6177,79,0.03799529746174812
6178,79,0.018918870016932487
6179,79,0.019032416865229607
6180,79,0.038531385362148285
6181,79,0.04167488217353821
6182,79,0.03289809823036194
6183,79,0.02721954509615898
6184,79,0.037187106907367706
6185,79,0.0529845654964447
6186,79,0.018152514472603798
6187,79,0.02827635034918785
6188,79,0.026777982711791992
6189,79,0.049580879509449005
6190,79,0.029333211481571198
6191,79,0.03327059745788574
6192,79,0.03681726008653641
6193,79,0.0362093448638916
6194,80,0.04534848406910896
6195,80,0.03974149376153946
6196,80,0.033665452152490616
6197,80,0.029176276177167892
6198,80,0.0329400897026062
6199,80,0.035280123353004456
6200,80,0.0316806398332119
6201,80,0.035841718316078186
6202,80,0.02886945940554142
6203,80,0.032256342470645905
6204,80,0.037446968257427216
6205,80,0.02768595702946186
6206,80,0.027761340141296387
6207,80,0.026302596554160118
6208,80,0.032677918672561646
6209,80,0.02040182612836361
6210,80,0.05691630393266678
6211,80,0.036279551684856415
6212,80,0.027209054678678513
6213,80,0.025477666407823563
6214,80,0.022110747173428535
6215,80,0.028668949380517006
6216,80,0.02641981653869152
6217,80,0.01859218254685402
6218,80,0.01987316831946373
6219,80,0.05098558962345123
6220,80,0.04298986867070198
6221,80,0.028981221839785576
6222,80,0.03816540911793709
6223,80,0.015346849337220192
6224,80,0.027824344113469124
6225,80,0.03642021864652634
6226,81,0.043998125940561295
6227,81,0.030700329691171646
6228,81,0.036849476397037506
6229,81,0.05444326624274254
6230,81,0.03205910325050354
6231,81,0.015878846868872643
6232,81,0.028975121676921844
6233,81,0.024793637916445732
6234,81,0.025712694972753525
6235,81,0.03376439958810806
6236,81,0.033149510622024536
6237,81,0.01828981749713421
6238,81,0.028023526072502136
6239,81,0.033560723066329956
6240,81,0.04111563041806221
6241,81,0.027019601315259933
6242,81,0.02989094704389572
6243,82,0.030998267233371735
6244,82,0.052753228694200516
6245,82,0.023133534938097
6246,82,0.03818567097187042
6247,82,0.03927197307348251
6248,82,0.023125238716602325
6249,82,0.03112437203526497
6250,82,0.042106494307518005
6251,82,0.07842132449150085
6252,82,0.05836218595504761
6253,82,0.05142928287386894
6254,82,0.03000243753194809
6255,82,0.07381071895360947
6256,82,0.07683989405632019
6257,82,0.04090697318315506
6258,82,0.031313542276620865
6259,82,0.05524235963821411
6260,82,0.10309524089097977
6261,82,0.0629851371049881
6262,82,0.03898267075419426
6263,82,0.04940425977110863
6264,82,0.07691789418458939
6265,82,0.05781998485326767
6266,83,0.045158833265304565
6267,83,0.024595115333795547
6268,83,0.02537042833864689
6269,83,0.04220074415206909
6270,83,0.0363127626478672
6271,83,0.07552077621221542
6272,83,0.03522784262895584
6273,83,0.03622730076313019
6274,83,0.04899369925260544
6275,83,0.05149413272738457
6276,83,0.04870694875717163
6277,83,0.04832834750413895
6278,83,0.04998503252863884
6279,83,0.06011080741882324
6280,83,0.0388801284134388
6281,83,0.0299866683781147
6282,83,0.039802175015211105
6283,83,0.03177350014448166
6284,83,0.04302026331424713
6285,83,0.030985116958618164
6286,83,0.07916997373104095
6287,83,0.041598621755838394
6288,83,0.04733246564865112
6289,83,0.061251625418663025
6290,83,0.031989265233278275
6291,83,0.03874673694372177
6292,83,0.03801153227686882
6293,83,0.02506186068058014
6294,83,0.039131518453359604
6295,83,0.035413384437561035
6296,83,0.03288091719150543
6297,83,0.054717179387807846
6298,83,0.037272073328495026
6299,83,0.02329864166676998
6300,83,0.0266498401761055
6301,83,0.024757085368037224
6302,83,0.034232981503009796
6303,83,0.024299589917063713
6304,83,0.040602244436740875
6305,83,0.027730334550142288
6306,83,0.04260765761137009
6307,83,0.022326424717903137
6308,83,0.049981433898210526
6309,83,0.030978944152593613
6310,83,0.04601893573999405
6311,83,0.02833528444170952
6312,83,0.03016909770667553
6313,83,0.030492015182971954
6314,83,0.031103428453207016
6315,83,0.02832573652267456
6316,83,0.039269737899303436
6317,83,0.036020226776599884
6318,83,0.05003899335861206
6319,83,0.03305794298648834
6320,83,0.03562336787581444
6321,83,0.06001608446240425
6322,83,0.051343124359846115
6323,83,0.0331096351146698
6324,83,0.02605423331260681
6325,83,0.04224518686532974
6326,83,0.02608945220708847
6327,83,0.035263244062662125
6328,83,0.03487192466855049
6329,83,0.025425005704164505
6330,83,0.02291129343211651
6331,83,0.025441760197281837
6332,83,0.028957605361938477
6333,83,0.024433204904198647
6334,83,0.03711286559700966
6335,83,0.02193513512611389
6336,83,0.0482136495411396
6337,83,0.024830792099237442
6338,83,0.02232341468334198
6339,83,0.02860630862414837
6340,83,0.042621176689863205
6341,83,0.03971579298377037
6342,83,0.023395460098981857
6343,83,0.026129096746444702
6344,83,0.04365863278508186
6345,83,0.03027016669511795
6346,83,0.031464800238609314
6347,83,0.03129623085260391
6348,83,0.04374493658542633
6349,83,0.038235053420066833
6350,83,0.020433276891708374
6351,83,0.04061554744839668
6352,83,0.046596914529800415
6353,83,0.027079222723841667
6354,83,0.0345294363796711
6355,83,0.021333621814846992
6356,83,0.06553040444850922
6357,83,0.028032764792442322
6358,83,0.025037754327058792
6359,83,0.021727558225393295
6360,83,0.038890499621629715
6361,83,0.019062332808971405
6362,83,0.02328113280236721
6363,83,0.03641215339303017
6364,83,0.03783285245299339
6365,83,0.040992140769958496
6366,83,0.033579640090465546
6367,83,0.033559780567884445
6368,83,0.0472317710518837
6369,83,0.03798437491059303
6370,83,0.03450667858123779
6371,83,0.044461604207754135
6372,83,0.02844429574906826
6373,83,0.05925095081329346
6374,83,0.046788692474365234
6375,83,0.03437254577875137
6376,83,0.03450468182563782
6377,83,0.033702559769153595
6378,83,0.035868335515260696
6379,83,0.05536352097988129
6380,83,0.05882560461759567
6381,83,0.031011195853352547
6382,83,0.04307574778795242
6383,83,0.05862428992986679
6384,83,0.02534537762403488
6385,83,0.0420541986823082
6386,83,0.03806154057383537
6387,83,0.06336056441068649
6388,83,0.03220703452825546
6389,83,0.03538621962070465
6390,83,0.021260686218738556
6391,83,0.0324447825551033
6392,83,0.05240641161799431
6393,84,0.0407722070813179
6394,84,0.04778001084923744
6395,84,0.030314531177282333
6396,84,0.02860269695520401
6397,84,0.05455126240849495
6398,84,0.03831438347697258
6399,84,0.02832624316215515
6400,84,0.032416146248579025
6401,84,0.0265202634036541
6402,84,0.028357479721307755
6403,84,0.029213797301054
6404,84,0.024591706693172455
6405,84,0.041686005890369415
6406,84,0.045295123010873795
6407,84,0.02446332387626171
6408,84,0.05011740326881409
6409,84,0.04121382534503937
6410,84,0.03540521860122681
6411,84,0.030524618923664093
6412,84,0.038981422781944275
6413,84,0.034620728343725204
6414,84,0.036834023892879486
6415,84,0.03343002125620842
6416,84,0.01720009744167328
6417,84,0.03766976669430733
6418,84,0.021592488512396812
6419,84,0.026310771703720093
6420,84,0.035784438252449036
6421,84,0.03058779239654541
6422,84,0.06127532944083214
6423,84,0.03801810368895531
6424,84,0.03435809910297394
6425,84,0.02801569551229477
6426,84,0.03847900778055191
6427,84,0.05182149261236191
6428,84,0.03853796422481537
6429,84,0.05220470577478409
6430,84,0.03287510573863983
6431,84,0.029989032074809074
6432,84,0.0351577028632164
6433,84,0.04503508657217026
6434,84,0.036663614213466644
6435,84,0.0215713270008564
6436,84,0.028407786041498184
6437,84,0.032590508460998535
6438,84,0.03948533535003662
6439,84,0.026324249804019928
6440,84,0.03169192746281624
6441,84,0.025420088320970535
6442,84,0.028052201494574547
6443,84,0.022472001612186432
6444,84,0.036292664706707
6445,84,0.02457406558096409
6446,84,0.030263500288128853
6447,84,0.02408011257648468
6448,84,0.03576701879501343
6449,84,0.02993447706103325
6450,84,0.03546343743801117
6451,84,0.027994927018880844
6452,84,0.03174077719449997
6453,84,0.026562558487057686
6454,84,0.026225727051496506
6455,84,0.04408923536539078
6456,84,0.027980366721749306
6457,84,0.0251124557107687
6458,84,0.022517427802085876
6459,84,0.03303150832653046
6460,84,0.025484338402748108
6461,84,0.028534796088933945
6462,84,0.043530434370040894
6463,84,0.025396037846803665
6464,84,0.02730296552181244
6465,84,0.04681650921702385
6466,84,0.024565648287534714
6467,84,0.02494431473314762
6468,84,0.035228561609983444
6469,84,0.034593336284160614
6470,84,0.05039777606725693
6471,84,0.04892032966017723
6472,84,0.06519874185323715
6473,84,0.033765558153390884
6474,84,0.02598930522799492
6475,84,0.04488030821084976
6476,84,0.026917779818177223
6477,84,0.026727082207798958
6478,84,0.02722863107919693
6479,84,0.018858257681131363
6480,84,0.03262404352426529
6481,84,0.04096294566988945
6482,84,0.05611955001950264
6483,84,0.027618978172540665
6484,84,0.023579375818371773
6485,84,0.041015006601810455
6486,85,0.020895816385746002
6487,85,0.026124656200408936
6488,85,0.02551678568124771
6489,85,0.030151309445500374
6490,85,0.046032678335905075
6491,85,0.030784234404563904
6492,85,0.020753871649503708
6493,85,0.055201757699251175
6494,85,0.034014198929071426
6495,85,0.04083986207842827
6496,85,0.027509577572345734
6497,85,0.025842128321528435
6498,85,0.028171896934509277
6499,85,0.025003371760249138
6500,85,0.02278733253479004
6501,85,0.10690335929393768
6502,85,0.05202905088663101
6503,85,0.06390015035867691
6504,85,0.060657188296318054
6505,85,0.04639293998479843
6506,85,0.07529045641422272
6507,85,0.038577646017074585
6508,85,0.04057718440890312
6509,85,0.03217844292521477
6510,85,0.05990990623831749
6511,85,0.03893464431166649
6512,85,0.05028499662876129
6513,85,0.04395751282572746
6514,85,0.03744996711611748
6515,85,0.031102409586310387
6516,85,0.03931010141968727
6517,85,0.05975041538476944
6518,85,0.05285091698169708
6519,85,0.03920295089483261
6520,85,0.05059550702571869
6521,85,0.025613468140363693
6522,85,0.030337076634168625
6523,85,0.05684766545891762
6524,85,0.02699071168899536
6525,85,0.040237292647361755
6526,85,0.038037627935409546
6527,85,0.03831852227449417
6528,85,0.06033920869231224
6529,85,0.03041311539709568
6530,85,0.05397699400782585
6531,85,0.032384853810071945
6532,85,0.02816680446267128
6533,85,0.024322062730789185
6534,85,0.035566993057727814
6535,85,0.03007422760128975
6536,85,0.02123837172985077
6537,85,0.03678510710597038
6538,85,0.030103648081421852
6539,85,0.04488052800297737
6540,85,0.03752623498439789
6541,85,0.04279037192463875
6542,85,0.06312252581119537
6543,85,0.028810763731598854
6544,85,0.04751128703355789
6545,85,0.028511743992567062
6546,85,0.03579624742269516
6547,85,0.0377228744328022
6548,85,0.0536065474152565
6549,85,0.062394026666879654
6550,85,0.027578052133321762
6551,85,0.06940754503011703
6552,85,0.046358659863471985
6553,85,0.052905187010765076
6554,85,0.04781229794025421
6555,85,0.035042654722929
6556,85,0.0361190028488636
6557,85,0.04232420772314072
6558,85,0.03664374351501465
6559,85,0.04845062643289566
6560,85,0.06606073677539825
6561,85,0.04093501716852188
6562,85,0.044713180512189865
6563,85,0.03621551766991615
6564,85,0.03820149600505829
6565,85,0.042611487209796906
6566,85,0.061840273439884186
6567,85,0.041647132486104965
6568,85,0.0381973460316658
6569,85,0.055059339851140976
6570,85,0.020800704136490822
6571,85,0.03844450041651726
6572,85,0.047831036150455475
6573,85,0.033604271709918976
6574,85,0.039885833859443665
6575,85,0.037428081035614014
6576,85,0.06196340173482895
6577,85,0.02833431214094162
6578,85,0.028504829853773117
6579,85,0.02137111872434616
6580,85,0.02129204198718071
6581,85,0.0407489575445652
6582,85,0.03685673326253891
6583,85,0.026605572551488876
6584,85,0.0253410916775465
6585,85,0.031207596883177757
6586,85,0.047733124345541
6587,85,0.043461788445711136
6588,85,0.033099669963121414
6589,85,0.05134152993559837
6590,85,0.07579877972602844
6591,85,0.04078257456421852
6592,86,0.03197631984949112
6593,86,0.030661925673484802
6594,86,0.03540729731321335
6595,86,0.04869510233402252
6596,86,0.033079568296670914
6597,86,0.03860066086053848
6598,86,0.023935511708259583
6599,86,0.03571660444140434
6600,86,0.049612220376729965
6601,86,0.03941608965396881
6602,86,0.039067283272743225
6603,86,0.02506282366812229
6604,86,0.031772319227457047
6605,86,0.02802875079214573
6606,86,0.038744620978832245
6607,86,0.01755947433412075
6608,86,0.05958562716841698
6609,86,0.025906752794981003
6610,86,0.04661386460065842
6611,86,0.03757202625274658
6612,86,0.023957906290888786
6613,86,0.04165000841021538
6614,86,0.03345928713679314
6615,87,0.06673810631036758
6616,87,0.04244522750377655
6617,87,0.02522742561995983
6618,87,0.0380515418946743
6619,87,0.032326146960258484
6620,87,0.027339959517121315
6621,87,0.038760729134082794
6622,87,0.031084267422556877
6623,87,0.030112478882074356
6624,87,0.04890900105237961
6625,87,0.04144362732768059
6626,87,0.020790835842490196
6627,87,0.05153682827949524
6628,87,0.03763621300458908
6629,87,0.035136256366968155
6630,87,0.06867402046918869
6631,87,0.057147108018398285
6632,88,0.030376166105270386
6633,88,0.039054591208696365
6634,88,0.047179706394672394
6635,88,0.023480718955397606
6636,88,0.04080892354249954
6637,88,0.01695786975324154
6638,88,0.030604274943470955
6639,88,0.02282232604920864
6640,88,0.0524103045463562
6641,88,0.04231661185622215
6642,88,0.025541484355926514
6643,88,0.03389234095811844
6644,88,0.03660653159022331
6645,88,0.044367268681526184
6646,88,0.04001728817820549
6647,88,0.03355235978960991
6648,88,0.028154879808425903
6649,88,0.02850240282714367
6650,88,0.051239993423223495
6651,88,0.05338265001773834
6652,88,0.041900888085365295
6653,88,0.06741087138652802
6654,89,0.02265610732138157
6655,89,0.04195445403456688
6656,89,0.06444524228572845
6657,89,0.024811021983623505
6658,89,0.035199034959077835
6659,89,0.026322104036808014
6660,89,0.04516645893454552
6661,89,0.032357096672058105
6662,89,0.0541076734662056
6663,89,0.0475456565618515
6664,89,0.02875802107155323
6665,89,0.045745741575956345
6666,89,0.04035048931837082
6667,89,0.05148809403181076
6668,89,0.026240047067403793
6669,90,0.03906305879354477
6670,90,0.03846341371536255
6671,90,0.052462078630924225
6672,90,0.027027256786823273
6673,90,0.03372934088110924
6674,90,0.031505294144153595
6675,90,0.032906971871852875
6676,90,0.053246304392814636
6677,90,0.044821467250585556
6678,90,0.048345789313316345
6679,90,0.02693594992160797
6680,90,0.04217103496193886
6681,90,0.030278079211711884
6682,90,0.029754512012004852
6683,90,0.042588010430336
6684,90,0.032723210752010345
6685,90,0.04068583995103836
6686,90,0.041682127863168716
6687,90,0.026708023622632027
6688,90,0.05243378505110741
6689,90,0.027201997116208076
6690,90,0.03167324885725975
6691,90,0.021629543974995613
6692,90,0.02301611751317978
6693,90,0.045828938484191895
6694,90,0.03879665955901146
6695,90,0.04401855915784836
6696,90,0.024659762158989906
6697,90,0.03710968419909477
6698,90,0.02736881747841835
6699,90,0.028623878955841064
6700,90,0.03500044718384743
6701,90,0.03873306140303612
6702,91,0.04003960266709328
6703,91,0.028177065774798393
6704,91,0.04289965704083443
6705,91,0.03320032358169556
6706,91,0.02676672488451004
6707,91,0.04901907593011856
6708,91,0.04875820130109787
6709,91,0.04481998458504677
6710,91,0.05940476432442665
6711,91,0.04854067787528038
6712,91,0.0490635447204113
6713,91,0.045111142098903656
6714,91,0.025746729224920273
6715,91,0.039857685565948486
6716,91,0.02207261323928833
6717,91,0.045198388397693634
6718,91,0.06875770539045334
6719,91,0.04129987210035324
6720,91,0.03864039108157158
6721,91,0.04410184174776077
6722,91,0.048961564898490906
6723,91,0.04713396728038788
6724,91,0.030666453763842583
6725,91,0.034873832017183304
6726,91,0.03566674515604973
6727,91,0.033579301089048386
6728,91,0.04540432617068291
6729,91,0.049942322075366974
6730,91,0.0617273673415184
6731,91,0.03640816733241081
6732,91,0.04773680865764618
6733,91,0.04822070896625519
6734,91,0.04275783151388168
6735,91,0.03873689845204353
6736,91,0.04018038883805275
6737,91,0.031417425721883774
6738,91,0.04115908965468407
6739,91,0.04350268840789795
6740,91,0.03126313537359238
6741,91,0.041159313172101974
6742,91,0.030959373340010643
6743,91,0.04457280784845352
6744,91,0.05267196521162987
6745,91,0.025163017213344574
6746,91,0.026913058012723923
6747,91,0.05351584404706955
6748,91,0.01861797831952572
6749,91,0.0367501825094223
6750,91,0.01894971914589405
6751,91,0.10379396378993988
6752,91,0.08070997148752213
6753,91,0.03573424369096756
6754,91,0.05414256826043129
6755,91,0.08876648545265198
6756,91,0.04385184869170189
6757,91,0.0813484936952591
6758,91,0.05740773677825928
6759,91,0.04736592248082161
6760,91,0.0669870525598526
6761,91,0.07140417397022247
6762,91,0.03995699808001518
6763,91,0.0459674634039402
6764,91,0.0864628329873085
6765,91,0.062469273805618286
6766,91,0.06273586302995682
6767,91,0.061276815831661224
6768,91,0.04132021218538284
6769,91,0.06885617226362228
6770,91,0.06620871275663376
6771,91,0.06173660233616829
6772,91,0.07084964960813522
6773,91,0.08058902621269226
6774,91,0.027833065018057823
6775,91,0.037293463945388794
6776,91,0.054064687341451645
6777,91,0.052299581468105316
6778,91,0.04565075412392616
6779,91,0.0537056140601635
6780,91,0.07649881392717361
6781,91,0.0374026745557785
6782,91,0.045815713703632355
6783,91,0.06706716865301132
6784,91,0.04741523414850235
6785,92,0.05681648105382919
6786,92,0.04554728418588638
6787,92,0.0449143722653389
6788,92,0.05335824191570282
6789,92,0.04233882203698158
6790,92,0.048408832401037216
6791,92,0.042738936841487885
6792,92,0.031215237453579903
6793,92,0.07574983686208725
6794,92,0.03963293507695198
6795,92,0.07650595158338547
6796,92,0.028332069516181946
6797,92,0.06876356899738312
6798,92,0.03263203427195549
6799,92,0.06005440652370453
6800,92,0.05075015127658844
6801,92,0.03328605741262436
6802,92,0.044365983456373215
6803,92,0.030384425073862076
6804,92,0.04522091895341873
6805,92,0.04473011940717697
6806,92,0.03071044757962227
6807,92,0.027079269289970398
6808,92,0.060181330889463425
6809,92,0.06436970829963684
6810,92,0.10040362179279327
6811,92,0.055675286799669266
6812,92,0.04733224958181381
6813,92,0.04059892147779465
6814,92,0.04058931767940521
6815,92,0.04445606470108032
6816,92,0.07438474148511887
6817,92,0.03735900670289993
6818,92,0.041027672588825226
6819,92,0.0328875295817852
6820,92,0.05268827825784683
6821,92,0.04532395303249359
6822,92,0.03651886433362961
6823,92,0.038322269916534424
6824,92,0.028628874570131302
6825,92,0.04815176501870155
6826,92,0.0328555591404438
6827,92,0.060765065252780914
6828,92,0.055337995290756226
6829,92,0.03455304726958275
6830,92,0.030035674571990967
6831,92,0.03351431339979172
6832,92,0.07303556799888611
6833,93,0.02712153270840645
6834,93,0.03743491321802139
6835,93,0.04520831257104874
6836,93,0.028055578470230103
6837,93,0.03675048053264618
6838,93,0.06958716362714767
6839,93,0.03629787638783455
6840,93,0.05123448744416237
6841,93,0.0405505932867527
6842,93,0.030568616464734077
6843,93,0.036395423114299774
6844,93,0.06215513125061989
6845,93,0.03116600401699543
6846,93,0.024475887417793274
6847,93,0.05177420750260353
6848,93,0.049257710576057434
6849,93,0.03961571305990219
6850,93,0.05731833726167679
6851,93,0.029711326584219933
6852,93,0.04858057573437691
6853,93,0.0368318185210228
6854,93,0.029206667095422745
6855,93,0.05525609850883484
6856,93,0.07403860986232758
6857,93,0.06262050569057465
6858,93,0.03874378278851509
6859,93,0.03519515320658684
6860,93,0.0659932792186737
6861,93,0.04478193819522858
6862,93,0.04293060675263405
6863,93,0.025453126057982445
6864,93,0.043483152985572815
6865,93,0.03415999189019203
6866,93,0.02761417254805565
6867,93,0.05483260750770569
6868,93,0.03519027680158615
6869,94,0.022284161299467087
6870,94,0.05584283918142319
6871,94,0.0470464751124382
6872,94,0.0262538380920887
6873,94,0.03335001319646835
6874,94,0.05761345103383064
6875,94,0.027082152664661407
6876,94,0.020629506558179855
6877,94,0.031835947185754776
6878,94,0.03555732220411301
6879,94,0.0425960011780262
6880,94,0.051737237721681595
6881,94,0.051334448158741
6882,94,0.030565878376364708
6883,94,0.024044400081038475
6884,94,0.03398161754012108
6885,94,0.03466266766190529
6886,94,0.03071989305317402
6887,94,0.08076554536819458
6888,94,0.0578666627407074
6889,94,0.043600745499134064
6890,94,0.035434041172266006
6891,94,0.029307406395673752
6892,94,0.028751783072948456
6893,94,0.02540685050189495
6894,94,0.027817150577902794
6895,94,0.019840560853481293
6896,94,0.03026946261525154
6897,94,0.03384925052523613
6898,94,0.03247518464922905
6899,94,0.04236701503396034
6900,94,0.08589234203100204
6901,94,0.03428516909480095
6902,95,0.03558428958058357
6903,95,0.037691257894039154
6904,95,0.05277937278151512
6905,95,0.02748774364590645
6906,95,0.046776287257671356
6907,95,0.03717036545276642
6908,95,0.041277289390563965
6909,95,0.03379294276237488
6910,95,0.03139764443039894
6911,95,0.06646542251110077
6912,95,0.03916369006037712
6913,95,0.03467754274606705
6914,95,0.05129031836986542
6915,95,0.03299640119075775
6916,95,0.05780025199055672
6917,95,0.02762293443083763
6918,95,0.031073370948433876
6919,95,0.03355707973241806
6920,95,0.07220243662595749
6921,95,0.032289814203977585
6922,95,0.07142961770296097
6923,95,0.04620268940925598
6924,95,0.05053255707025528
6925,95,0.05714792013168335
6926,95,0.03077809512615204
6927,95,0.03369060903787613
6928,95,0.029658719897270203
6929,95,0.04685719311237335
6930,95,0.0395435094833374
6931,95,0.037575285881757736
6932,95,0.03579889237880707
6933,95,0.035395298153162
6934,95,0.04085004702210426
6935,95,0.041189953684806824
6936,95,0.030715670436620712
6937,95,0.05210461467504501
6938,95,0.06367983669042587
6939,95,0.056900978088378906
6940,96,0.04336170107126236
6941,96,0.055299025028944016
6942,96,0.029011955484747887
6943,96,0.05692118778824806
6944,96,0.034713730216026306
6945,96,0.052895452827215195
6946,96,0.04615342617034912
6947,96,0.05689150467514992
6948,96,0.05522258207201958
6949,96,0.04947346821427345
6950,96,0.020668307319283485
6951,96,0.06813672184944153
6952,96,0.05698253586888313
6953,96,0.02858828939497471
6954,96,0.050386130809783936
6955,96,0.02582165040075779
6956,96,0.0655670091509819
6957,96,0.04728607088327408
6958,96,0.04270171374082565
6959,96,0.04397418349981308
6960,96,0.03614739701151848
6961,96,0.04457302764058113
6962,96,0.031982116401195526
6963,96,0.049032386392354965
6964,96,0.05662756413221359
6965,96,0.031203672289848328
6966,96,0.04349600896239281
6967,96,0.03764314204454422
6968,96,0.04885173961520195
6969,96,0.06498269736766815
6970,96,0.03985462337732315
6971,96,0.02498675510287285
6972,96,0.05103617534041405
6973,96,0.03402950242161751
6974,96,0.04485191032290459
6975,96,0.022840365767478943
6976,96,0.07690799236297607
6977,96,0.0656467154622078
6978,96,0.032191310077905655
6979,96,0.05973252281546593
6980,96,0.047518834471702576
6981,96,0.03714795783162117
6982,96,0.090656578540802
6983,96,0.04093610495328903
6984,96,0.026464451104402542
6985,96,0.041205283254384995
6986,96,0.04661552980542183
6987,96,0.043428514152765274
6988,96,0.04805081710219383
6989,96,0.05710354447364807
6990,96,0.0438079796731472
6991,96,0.04542725160717964
6992,96,0.029488828033208847
6993,96,0.04639722406864166
6994,96,0.03383566066622734
6995,96,0.03989497572183609
6996,96,0.03685498610138893
6997,96,0.04432160034775734
6998,96,0.04404158145189285
6999,96,0.053818441927433014
7000,96,0.054286930710077286
7001,96,0.09524913877248764
7002,96,0.042668744921684265
7003,96,0.08113036304712296
7004,96,0.036518897861242294
7005,96,0.04976266622543335
7006,97,0.1152050644159317
7007,97,0.054822660982608795
7008,97,0.06192079186439514
7009,97,0.066789411008358
7010,97,0.08479537814855576
7011,97,0.05843435227870941
7012,97,0.04906785115599632
7013,97,0.042571038007736206
7014,97,0.05501090735197067
7015,97,0.04064115881919861
7016,97,0.03133530169725418
7017,97,0.08421215415000916
7018,97,0.030731359496712685
7019,97,0.04312830790877342
7020,97,0.020664138719439507
7021,98,0.03132113814353943
7022,98,0.039928093552589417
7023,98,0.07988692820072174
7024,98,0.040580473840236664
7025,98,0.040763404220342636
7026,98,0.030042894184589386
7027,98,0.03707094490528107
7028,98,0.05103461071848869
7029,98,0.07407232373952866
7030,98,0.038814473897218704
7031,98,0.03399896249175072
7032,98,0.047444507479667664
7033,98,0.036549799144268036
7034,98,0.04961318522691727
7035,98,0.04856536537408829
7036,98,0.032355789095163345
7037,98,0.03095441870391369
7038,98,0.03773604705929756
7039,98,0.036847133189439774
7040,98,0.028548505157232285
7041,98,0.04838736355304718
7042,98,0.024988064542412758
7043,98,0.04004484415054321
7044,98,0.045769304037094116
7045,98,0.03829292953014374
7046,98,0.047230884432792664
7047,98,0.07000110298395157
7048,98,0.029837949201464653
7049,98,0.05153252184391022
7050,98,0.04939960688352585
7051,98,0.05435297265648842
7052,98,0.03717464581131935
7053,98,0.04559123516082764
7054,98,0.0391136035323143
7055,98,0.06299816071987152
7056,98,0.029381606727838516
7057,98,0.0341472327709198
7058,98,0.05493166297674179
7059,98,0.05266109108924866
7060,98,0.05058944225311279
7061,98,0.06917890161275864
7062,98,0.039733096957206726
7063,98,0.06540481746196747
7064,98,0.035701461136341095
7065,98,0.07065801322460175
7066,98,0.09121054410934448
7067,98,0.03254697099328041
7068,98,0.05553010478615761
7069,98,0.061194807291030884
7070,98,0.03168842941522598
7071,98,0.05148758739233017
7072,98,0.08309825509786606
7073,98,0.042418528348207474
7074,98,0.03282342106103897
7075,98,0.03722669184207916
7076,98,0.03325001895427704
7077,98,0.0658860057592392
7078,98,0.03381587192416191
7079,98,0.06093168258666992
7080,98,0.11169757694005966
7081,98,0.07053219527006149
7082,98,0.05396885797381401
7083,98,0.04011273756623268
7084,98,0.029031313955783844
7085,98,0.04948040097951889
7086,98,0.07062002271413803
7087,98,0.06405971199274063
7088,98,0.05358324944972992
7089,98,0.0639718770980835
7090,98,0.03847257420420647
7091,99,0.050427816808223724
7092,99,0.06482651829719543
7093,99,0.05390333756804466
7094,99,0.026530398055911064
7095,99,0.034905340522527695
7096,99,0.06630575656890869
7097,99,0.03477892279624939
7098,99,0.03784303739666939
7099,99,0.04899516701698303
7100,99,0.04952408745884895
7101,99,0.028900207951664925
7102,99,0.04356188699603081
7103,99,0.0348503515124321
7104,99,0.062445901334285736
7105,99,0.06666271388530731
7106,99,0.069123275578022
7107,99,0.031704969704151154
7108,99,0.044643111526966095
7109,99,0.04161376878619194
7110,99,0.03352811932563782
7111,99,0.06169392541050911
7112,99,0.03405315801501274
7113,99,0.03368319571018219
7114,99,0.035385895520448685
7115,99,0.022162262350320816
7116,99,0.03314061835408211
7117,99,0.038893796503543854
7118,99,0.023274341598153114
7119,99,0.025208601728081703
7120,99,0.09025578200817108
7121,99,0.03741389140486717
7122,99,0.03627572953701019
7123,99,0.030421029776334763
7124,99,0.025894485414028168
7125,99,0.0384613461792469
7126,99,0.044442661106586456
7127,99,0.045450609177351
7128,99,0.01790674589574337
7129,99,0.040780745446681976
7130,99,0.06305518001317978
7131,99,0.07339948415756226
7132,99,0.028194526210427284
7133,99,0.05813736468553543
7134,99,0.07048220187425613
7135,100,0.02807028964161873
7136,100,0.02469564974308014
7137,100,0.04847826063632965
7138,100,0.037322595715522766
7139,100,0.026479706168174744
7140,100,0.05586206540465355
7141,100,0.025006357580423355
7142,100,0.043704550713300705
7143,100,0.0627920851111412
7144,100,0.05981603264808655
7145,100,0.06079529598355293
7146,100,0.04780685156583786
7147,100,0.03325016796588898
7148,100,0.049724679440259933
7149,100,0.043479010462760925
7150,100,0.07047873735427856
7151,100,0.03647908940911293
7152,100,0.03452887013554573
7153,100,0.06287824362516403
7154,100,0.05217348039150238
7155,100,0.028724148869514465
7156,100,0.0364827960729599
7157,100,0.06431763619184494
7158,100,0.037291307002305984
7159,100,0.03579789400100708
7160,100,0.035831037908792496
7161,100,0.05518362671136856
7162,100,0.061797644942998886
7163,100,0.027337737381458282
7164,100,0.08928394317626953
7165,100,0.030757011845707893
7166,100,0.04847944527864456
7167,100,0.02364388108253479
7168,100,0.02311559207737446
7169,100,0.08612644672393799
7170,101,0.056071050465106964
7171,101,0.03668485954403877
7172,101,0.0754726380109787
7173,101,0.07883517444133759
7174,101,0.10848812758922577
7175,101,0.09057606011629105
7176,101,0.06306727975606918
7177,101,0.03523995727300644
7178,101,0.04612477123737335
7179,101,0.04580215364694595
7180,101,0.05991026759147644
7181,101,0.06375080347061157
7182,101,0.02085566520690918
7183,101,0.041242536157369614
7184,101,0.027800481766462326
7185,101,0.056229494512081146
7186,101,0.051337093114852905
7187,102,0.05681843310594559
7188,102,0.038302887231111526
7189,102,0.030398588627576828
7190,102,0.052859388291835785
7191,102,0.022424573078751564
7192,102,0.01997402310371399
7193,102,0.03554396331310272
7194,102,0.054743412882089615
7195,102,0.07342350482940674
7196,102,0.061060160398483276
7197,102,0.028290126472711563
7198,102,0.023127485066652298
7199,102,0.052523575723171234
7200,102,0.052464649081230164
7201,102,0.026684937998652458
7202,102,0.03821517154574394
7203,102,0.062114521861076355
7204,102,0.02740129828453064
7205,102,0.023632509633898735
7206,102,0.02868439070880413
7207,102,0.04809821397066116
7208,102,0.059025056660175323
7209,102,0.027337010949850082
7210,102,0.1007801964879036
7211,102,0.07998328655958176
7212,102,0.10433521866798401
7213,102,0.054289355874061584
7214,102,0.07335115224123001
7215,102,0.02915320172905922
7216,102,0.06955678761005402
7217,102,0.034854430705308914
7218,102,0.04373909533023834
7219,102,0.03470601141452789
7220,102,0.05118682608008385
7221,102,0.031135745346546173
7222,102,0.044418804347515106
7223,102,0.07113665342330933
7224,102,0.04654502868652344
7225,102,0.0609474740922451
7226,102,0.030845291912555695
7227,102,0.03541451692581177
7228,102,0.07772485166788101
7229,103,0.03877922147512436
7230,103,0.0671434998512268
7231,103,0.06162189319729805
7232,103,0.07633616030216217
7233,103,0.05397634953260422
7234,103,0.04918922856450081
7235,103,0.033889077603816986
7236,103,0.09573114663362503
7237,103,0.03758453205227852
7238,103,0.053878188133239746
7239,103,0.09879874438047409
7240,103,0.030938439071178436
7241,103,0.06013011932373047
7242,103,0.05975683033466339
7243,103,0.044784318655729294
7244,103,0.033950723707675934
7245,103,0.04659903049468994
7246,103,0.03428317606449127
7247,103,0.03598712384700775
7248,103,0.07086187601089478
7249,103,0.024127712473273277
7250,103,0.05980531871318817
7251,103,0.09954540431499481
7252,103,0.10751671344041824
7253,103,0.04066545143723488
7254,104,0.07201731204986572
7255,104,0.04638895392417908
7256,104,0.06679493933916092
7257,104,0.08080925792455673
7258,104,0.067042276263237
7259,104,0.03243599086999893
7260,104,0.028902048245072365
7261,104,0.03671325743198395
7262,104,0.04022105038166046
7263,104,0.05243534967303276
7264,104,0.06005467101931572
7265,104,0.07402962446212769
7266,104,0.05711933970451355
7267,104,0.06462496519088745
7268,104,0.12842905521392822
7269,104,0.06420352309942245
7270,104,0.06042812764644623
7271,104,0.08978813886642456
7272,104,0.06934329122304916
7273,104,0.0734718069434166
7274,104,0.10813182592391968
7275,104,0.037060823291540146
7276,104,0.04097050800919533
7277,104,0.05238916352391243
7278,104,0.03911887854337692
7279,104,0.0391874723136425
7280,104,0.04497150331735611
7281,104,0.032322026789188385
7282,104,0.04967662692070007
7283,104,0.03308583050966263
7284,104,0.06502240896224976
7285,104,0.03286502882838249
7286,104,0.04393300786614418
7287,104,0.03196214511990547
7288,104,0.033393021672964096
7289,104,0.09324601292610168
7290,104,0.10506515949964523
7291,104,0.03721427172422409
7292,104,0.04060126841068268
7293,104,0.031440574675798416
7294,104,0.031219249591231346
7295,105,0.13926848769187927
7296,105,0.05498315021395683
7297,105,0.03867305815219879
7298,105,0.02876422181725502
7299,105,0.05069742351770401
7300,105,0.038150567561388016
7301,105,0.05344979465007782
7302,105,0.03163432702422142
7303,105,0.04393837973475456
7304,105,0.02949834242463112
7305,105,0.05989567190408707
7306,105,0.03737729415297508
7307,105,0.0576816201210022
7308,105,0.046430766582489014
7309,105,0.05526985973119736
7310,105,0.05284333601593971
7311,105,0.04896917939186096
7312,105,0.03091210313141346
7313,105,0.056889768689870834
7314,105,0.06776203215122223
7315,105,0.024790771305561066
7316,105,0.07001394033432007
7317,105,0.04876773804426193
7318,105,0.038346510380506516
7319,105,0.04522132873535156
7320,105,0.03352981060743332
7321,105,0.09585631638765335
7322,105,0.06813046336174011
7323,105,0.10163617134094238
7324,105,0.027480540797114372
7325,105,0.02807336300611496
7326,105,0.09470134228467941
7327,105,0.02878941223025322
7328,105,0.03230449557304382
7329,105,0.026357926428318024
7330,105,0.035674355924129486
7331,105,0.041152793914079666
7332,105,0.09022451937198639
7333,105,0.024370227009058
7334,105,0.024826155975461006
7335,105,0.023494331166148186
7336,105,0.0771174356341362
7337,105,0.10381916910409927
7338,105,0.0325520858168602
7339,105,0.02638516202569008
7340,105,0.06545811891555786
7341,105,0.04375505447387695
7342,105,0.05440128967165947
7343,105,0.03603130578994751
7344,105,0.05416527017951012
7345,105,0.03899652510881424
7346,105,0.06954164057970047
7347,105,0.047053612768650055
7348,106,0.08977772295475006
7349,106,0.03318212926387787
7350,106,0.05966615676879883
7351,106,0.07480296492576599
7352,106,0.04873056709766388
7353,106,0.04571310803294182
7354,106,0.03425903618335724
7355,106,0.03134213760495186
7356,106,0.06343117356300354
7357,106,0.06083343178033829
7358,106,0.06582380086183548
7359,106,0.06409245729446411
7360,106,0.05042743310332298
7361,106,0.024913735687732697
7362,106,0.042890746146440506
7363,106,0.04566562920808792
7364,106,0.04212469235062599
7365,106,0.030401837080717087
7366,106,0.02922988310456276
7367,106,0.06758373975753784
7368,107,0.035076986998319626
7369,107,0.06042829900979996
7370,107,0.10538578033447266
7371,107,0.07351037114858627
7372,107,0.10693954676389694
7373,107,0.040529005229473114
7374,107,0.023487795144319534
7375,107,0.03584478050470352
7376,107,0.053752489387989044
7377,107,0.10299544781446457
7378,107,0.05161438137292862
7379,107,0.030872957780957222
7380,107,0.060586489737033844
7381,107,0.045664552599191666
7382,107,0.04455576464533806
7383,107,0.04447411373257637
7384,107,0.04522452875971794
7385,107,0.10437431186437607
7386,107,0.06193190813064575
7387,107,0.0472983792424202
7388,107,0.08398284763097763
7389,107,0.0450650230050087
7390,107,0.029564015567302704
7391,107,0.07772424072027206
7392,107,0.05970755219459534
7393,107,0.06415357440710068
7394,107,0.05381060019135475
7395,107,0.051525890827178955
7396,107,0.0403502956032753
7397,107,0.027169913053512573
7398,107,0.04655773565173149
7399,107,0.04088133946061134
7400,107,0.030964838340878487
7401,107,0.032419901341199875
7402,107,0.043311264365911484
7403,107,0.06569425016641617
7404,107,0.05350210890173912
7405,107,0.02404393069446087
7406,107,0.05541231110692024
7407,107,0.036090534180402756
7408,107,0.027040403336286545
7409,108,0.09574724733829498
7410,108,0.0567779578268528
7411,108,0.027624251320958138
7412,108,0.024747390300035477
7413,108,0.038560912013053894
7414,108,0.04786244407296181
7415,108,0.056968994438648224
7416,108,0.041937921196222305
7417,108,0.044076431542634964
7418,108,0.035135574638843536
7419,108,0.08061978965997696
7420,108,0.05994546413421631
7421,108,0.03658566623926163
7422,108,0.043495602905750275
7423,108,0.05274096876382828
7424,108,0.05670074373483658
7425,108,0.0633455216884613
7426,108,0.03284720331430435
7427,108,0.04191514104604721
7428,108,0.04479873180389404
7429,108,0.05773475393652916
7430,108,0.03577929735183716
7431,108,0.042915135622024536
7432,108,0.048273708671331406
7433,108,0.07776504755020142
7434,108,0.02151951566338539
7435,108,0.026074087247252464
7436,108,0.09460575133562088
7437,108,0.04614808037877083
7438,108,0.021758101880550385
7439,108,0.0665849968791008
7440,108,0.041695043444633484
7441,109,0.04042934998869896
7442,109,0.07824620604515076
7443,109,0.09178628772497177
7444,109,0.05413221940398216
7445,109,0.031317152082920074
7446,109,0.03237272426486015
7447,109,0.0792817771434784
7448,109,0.05581492930650711
7449,110,0.046553730964660645
7450,110,0.049170978367328644
7451,110,0.07259026169776917
7452,110,0.026361310854554176
7453,110,0.0689198225736618
7454,110,0.06094595789909363
7455,110,0.0389157272875309
7456,110,0.029059085994958878
7457,110,0.025522399693727493
7458,110,0.03377034515142441
7459,110,0.03648180514574051
7460,110,0.09352532029151917
7461,110,0.03775739297270775
7462,110,0.05198613554239273
7463,110,0.04894798621535301
7464,110,0.030435854569077492
7465,110,0.0660300999879837
7466,110,0.06495598703622818
7467,110,0.04860997945070267
7468,110,0.05320886895060539
7469,110,0.07007046788930893
7470,110,0.06085733324289322
7471,110,0.03673439100384712
7472,110,0.11941398680210114
7473,110,0.03672998398542404
7474,110,0.025799164548516273
7475,110,0.02477889694273472
7476,110,0.04155612364411354
7477,110,0.04040660709142685
7478,110,0.02701801434159279
7479,110,0.07816348969936371
7480,110,0.041952792555093765
7481,110,0.10136324167251587
7482,110,0.037420179694890976
7483,110,0.0488256961107254
7484,110,0.0452742762863636
7485,110,0.04260028898715973
7486,110,0.02693299576640129
7487,110,0.024996908381581306
7488,110,0.028373004868626595
7489,110,0.05815993994474411
7490,110,0.060013726353645325
7491,110,0.06392697244882584
7492,110,0.04046167433261871
7493,110,0.02210519276559353
7494,110,0.03752637654542923
7495,110,0.06501699984073639
7496,110,0.032052140682935715
7497,110,0.04561428353190422
7498,110,0.03277246281504631
7499,110,0.03406282886862755
7500,110,0.02454514615237713
7501,110,0.10218857228755951
7502,110,0.06398096680641174
7503,110,0.0893533006310463
7504,110,0.07646781206130981
7505,110,0.06997888535261154
7506,110,0.02665017545223236
7507,110,0.0839671939611435
7508,110,0.09813718497753143
7509,110,0.061330489814281464
7510,110,0.034491442143917084
7511,110,0.05025508627295494
7512,110,0.09054409712553024
7513,110,0.04402543231844902
7514,110,0.04275807738304138
7515,110,0.08192525804042816
7516,110,0.027149440720677376
7517,110,0.03318984806537628
7518,110,0.14646418392658234
7519,110,0.05133064091205597
7520,110,0.06925259530544281
7521,110,0.11350017786026001
7522,110,0.11781176924705505
7523,110,0.07134857773780823
7524,110,0.100035160779953
7525,111,0.08433715999126434
7526,111,0.11955878138542175
7527,111,0.12517423927783966
7528,111,0.0693480372428894
7529,111,0.0395936593413353
7530,111,0.03075769543647766
7531,111,0.06661346554756165
7532,111,0.058085113763809204
7533,111,0.03523955121636391
7534,111,0.025625942274928093
7535,111,0.02858012542128563
7536,111,0.13821502029895782
7537,111,0.06995920836925507
7538,111,0.10508839040994644
7539,111,0.03333286941051483
7540,111,0.03703257814049721
7541,111,0.037753671407699585
7542,111,0.03489817678928375
7543,111,0.026191990822553635
7544,111,0.07690732181072235
7545,111,0.060686852782964706
7546,111,0.033921126276254654
7547,111,0.0852891281247139
7548,111,0.08797446638345718
7549,111,0.11465036869049072
7550,111,0.0332966148853302
7551,111,0.05064502730965614
7552,111,0.043842870742082596
7553,111,0.057311058044433594
7554,111,0.0398280993103981
7555,111,0.08064929395914078
7556,111,0.03322923555970192
7557,111,0.050156716257333755
7558,111,0.04100651666522026
7559,111,0.05516056716442108
7560,111,0.03238741680979729
7561,111,0.03893532603979111
7562,111,0.04224223643541336
7563,111,0.08503658324480057
7564,111,0.06775607168674469
7565,111,0.04026562720537186
7566,111,0.1359594166278839
7567,111,0.07469864934682846
7568,111,0.07391829788684845
7569,111,0.06237500533461571
7570,111,0.02556735649704933
7571,111,0.035912998020648956
7572,111,0.03820912539958954
7573,111,0.062232665717601776
7574,111,0.12281244248151779
7575,111,0.046458855271339417
7576,111,0.023254793137311935
7577,111,0.04249707609415054
7578,111,0.035553526133298874
7579,111,0.04841386899352074
7580,111,0.06849834322929382
7581,111,0.03593185544013977
7582,111,0.037388596683740616
7583,111,0.04494602605700493
7584,111,0.03447911888360977
7585,111,0.052496012300252914
7586,112,0.09006430953741074
7587,112,0.02926471084356308
7588,112,0.05659482628107071
7589,112,0.027671225368976593
7590,112,0.042580246925354004
7591,112,0.04628521203994751
7592,112,0.09401487559080124
7593,112,0.07501653581857681
7594,112,0.033213116228580475
7595,112,0.13038553297519684
7596,112,0.03803306818008423
7597,112,0.050148315727710724
7598,112,0.06251348555088043
7599,112,0.09361064434051514
7600,112,0.02721051499247551
7601,112,0.044735830277204514
7602,112,0.02443244308233261
7603,112,0.029098007827997208
7604,112,0.038574058562517166
7605,112,0.03161139413714409
7606,112,0.02788873389363289
7607,112,0.12079882621765137
7608,113,0.03514581173658371
7609,113,0.0500999316573143
7610,113,0.041108760982751846
7611,113,0.05792234092950821
7612,113,0.07953532040119171
7613,113,0.027753669768571854
7614,113,0.08613933622837067
7615,113,0.043763723224401474
7616,113,0.06535572558641434
7617,113,0.04913438856601715
7618,113,0.04426730051636696
7619,113,0.026757868006825447
7620,113,0.03499220311641693
7621,113,0.05603950843214989
7622,113,0.033902425318956375
7623,113,0.060858599841594696
7624,113,0.05166826769709587
7625,113,0.06189969554543495
7626,113,0.06766623258590698
7627,113,0.04911414161324501
7628,114,0.02772912010550499
7629,114,0.03252532705664635
7630,114,0.11200208216905594
7631,114,0.06670385599136353
7632,114,0.03590003028512001
7633,114,0.08410026133060455
7634,114,0.035595886409282684
7635,114,0.035304825752973557
7636,114,0.02988712675869465
7637,114,0.04153186082839966
7638,114,0.10768952965736389
7639,114,0.05847059190273285
7640,114,0.06777951866388321
7641,114,0.08898717910051346
7642,114,0.09046673774719238
7643,114,0.036629945039749146
7644,114,0.0329442098736763
7645,114,0.028829224407672882
7646,114,0.041773974895477295
7647,114,0.05176384374499321
7648,114,0.04300285130739212
7649,114,0.08406046777963638
7650,114,0.12082298845052719
7651,114,0.026866361498832703
7652,114,0.027127854526042938
7653,114,0.026718219742178917
7654,114,0.03297791630029678
7655,114,0.031347956508398056
7656,114,0.1039605438709259
7657,114,0.032027531415224075
7658,114,0.031586576253175735
7659,114,0.04391494765877724
7660,114,0.045525386929512024
7661,114,0.036403365433216095
7662,114,0.07330524921417236
7663,114,0.025054553523659706
7664,115,0.12044472992420197
7665,115,0.059376634657382965
7666,115,0.03724662959575653
7667,115,0.08687262237071991
7668,115,0.03792152553796768
7669,115,0.04657096415758133
7670,115,0.039694689214229584
7671,115,0.03047456033527851
7672,115,0.08615325391292572
7673,115,0.11982189863920212
7674,115,0.11323891580104828
7675,115,0.034670956432819366
7676,115,0.06766040623188019
7677,115,0.02639806643128395
7678,115,0.0595582015812397
7679,115,0.06079970300197601
7680,115,0.08431074768304825
7681,115,0.07110297679901123
7682,115,0.04617568105459213
7683,115,0.0351933091878891
7684,115,0.0957266315817833
7685,115,0.03176147863268852
7686,115,0.0718139111995697
7687,115,0.027663923799991608
7688,115,0.028544586151838303
7689,115,0.08202982693910599
7690,115,0.08993780612945557
7691,115,0.0856366753578186
7692,116,0.08709785342216492
7693,116,0.03750312700867653
7694,116,0.05142388492822647
7695,116,0.09322826564311981
7696,116,0.023612486198544502
7697,116,0.06350133568048477
7698,116,0.03779708594083786
7699,116,0.04056606441736221
7700,116,0.03171824663877487
7701,116,0.07350534200668335
7702,116,0.03200864791870117
7703,116,0.04100233316421509
7704,116,0.05523446202278137
7705,116,0.04853547364473343
7706,116,0.12587136030197144
7707,116,0.13527224957942963
7708,116,0.05839437618851662
7709,116,0.08288829028606415
7710,116,0.05900801718235016
7711,116,0.02831798605620861
7712,116,0.051047518849372864
7713,116,0.03006698749959469
7714,116,0.033888883888721466
7715,116,0.07017206400632858
7716,116,0.025520149618387222
7717,116,0.026896528899669647
7718,116,0.045205555856227875
7719,116,0.07919633388519287
7720,116,0.09176050126552582
7721,116,0.07781394571065903
7722,116,0.03354205563664436
7723,116,0.06106467545032501
7724,116,0.11211082339286804
7725,116,0.04480389133095741
7726,116,0.10714292526245117
7727,116,0.07506716996431351
7728,116,0.06370194256305695
7729,116,0.0480927899479866
7730,116,0.034665074199438095
7731,116,0.09059956669807434
7732,117,0.03187795355916023
7733,117,0.0485977865755558
7734,117,0.11565001308917999
7735,117,0.07500462234020233
7736,117,0.040304429829120636
7737,117,0.08463600277900696
7738,117,0.03467177599668503
7739,117,0.07455970346927643
7740,117,0.055648867040872574
7741,117,0.06495030224323273
7742,117,0.023548588156700134
7743,117,0.041549213230609894
7744,117,0.022876299917697906
7745,117,0.02974509447813034
7746,117,0.03713700547814369
7747,117,0.03838949650526047
7748,117,0.03631352633237839
7749,117,0.029410986229777336
7750,117,0.03317025303840637
7751,117,0.10440685600042343
7752,117,0.13884615898132324
7753,117,0.04631926491856575
7754,117,0.07741319388151169
7755,117,0.11524191498756409
7756,117,0.21182827651500702
7757,117,0.05410395562648773
7758,117,0.028937557712197304
7759,117,0.05246778577566147
7760,117,0.06284221261739731
7761,117,0.09991627186536789
7762,117,0.061466146260499954
7763,117,0.03144465759396553
7764,118,0.08899731934070587
7765,118,0.060721077024936676
7766,118,0.056863654404878616
7767,118,0.055718883872032166
7768,118,0.1252717524766922
7769,118,0.03937920555472374
7770,118,0.09677088260650635
7771,118,0.04538290202617645
7772,118,0.05469300597906113
7773,118,0.07214198261499405
7774,118,0.03751180320978165
7775,118,0.1052837073802948
7776,118,0.08104654401540756
7777,118,0.03062969259917736
7778,118,0.04015599936246872
7779,118,0.060494232922792435
7780,118,0.05009200796484947
7781,118,0.05159027874469757
7782,118,0.05543201416730881
7783,118,0.09166616946458817
7784,118,0.049452245235443115
7785,118,0.022325213998556137
7786,118,0.13830579817295074
7787,118,0.0767601877450943
7788,118,0.02976352348923683
7789,119,0.026619840413331985
7790,119,0.05230596289038658
7791,119,0.03616820275783539
7792,119,0.06698371469974518
7793,119,0.03555441275238991
7794,119,0.035117555409669876
7795,119,0.11788763850927353
7796,119,0.0632527619600296
7797,119,0.13343507051467896
7798,119,0.12972094118595123
7799,119,0.07882190495729446
7800,119,0.1136956512928009
7801,119,0.027969185262918472
7802,120,0.07416287064552307
7803,120,0.1288636177778244
7804,120,0.022693458944559097
7805,120,0.026014186441898346
7806,120,0.03096187487244606
7807,120,0.04106275737285614
7808,120,0.02298744022846222
7809,120,0.06616176664829254
7810,120,0.06338433176279068
7811,120,0.06900988519191742
7812,120,0.09331495314836502
7813,120,0.0722355768084526
7814,120,0.04425280913710594
7815,120,0.024864275008440018
7816,120,0.08334572613239288
7817,120,0.04264845326542854
7818,120,0.06225031614303589
7819,120,0.03788004070520401
7820,120,0.05797221511602402
7821,120,0.06729131937026978
7822,120,0.03239290043711662
7823,120,0.08390123397111893
7824,120,0.05868039280176163
7825,120,0.044611528515815735
7826,120,0.025590647011995316
7827,120,0.042235419154167175
7828,120,0.12563416361808777
7829,120,0.08081214129924774
7830,120,0.09922138601541519
7831,120,0.0963190495967865
7832,120,0.04463961720466614
7833,120,0.12372034788131714
7834,120,0.06940456479787827
7835,120,0.13409917056560516
7836,120,0.06755790114402771
7837,120,0.03682951629161835
7838,120,0.034029386937618256
7839,120,0.034171976149082184
7840,120,0.04652123898267746
7841,120,0.0753604993224144
7842,120,0.049623534083366394
7843,121,0.05472918599843979
7844,121,0.046072930097579956
7845,121,0.11145094037055969
7846,121,0.10268983244895935
7847,121,0.026736529543995857
7848,121,0.029189005494117737
7849,121,0.03032905049622059
7850,121,0.03645269572734833
7851,121,0.03214258700609207
7852,121,0.045889802277088165
7853,121,0.0329868383705616
7854,121,0.034076593816280365
7855,121,0.1165645495057106
7856,121,0.06047161668539047
7857,121,0.05926211550831795
7858,121,0.10937639325857162
7859,121,0.06448379158973694
7860,121,0.04852650687098503
7861,121,0.07789157330989838
7862,121,0.034365396946668625
7863,121,0.11214213073253632
7864,121,0.0423562228679657
7865,121,0.036653049290180206
7866,121,0.08356863260269165
7867,121,0.027167001739144325
7868,121,0.07514223456382751
7869,121,0.08309654146432877
7870,121,0.04203382879495621
7871,121,0.08721321821212769
7872,121,0.022294076159596443
7873,121,0.04168160259723663
7874,121,0.03367263823747635
7875,121,0.06410017609596252
7876,121,0.031097855418920517
7877,121,0.02884567156434059
7878,121,0.048361215740442276
7879,121,0.029960406944155693
7880,121,0.041653044521808624
7881,121,0.04292900860309601
7882,121,0.08850444108247757
7883,121,0.024549411609768867
7884,122,0.09831725805997849
7885,122,0.038382887840270996
7886,122,0.07599854469299316
7887,122,0.10001309216022491
7888,122,0.048437684774398804
7889,122,0.028665637597441673
7890,122,0.10490252077579498
7891,122,0.025211578235030174
7892,122,0.0323779433965683
7893,122,0.03526417165994644
7894,122,0.03062009997665882
7895,122,0.026578104123473167
7896,122,0.07929737120866776
7897,122,0.05201546102762222
7898,122,0.02270502969622612
7899,122,0.038153186440467834
7900,122,0.04673798009753227
7901,122,0.09197469055652618
7902,122,0.07798244059085846
7903,122,0.027094624936580658
7904,122,0.026893306523561478
7905,122,0.02185971289873123
7906,122,0.10543861240148544
7907,122,0.04436330869793892
7908,122,0.059969671070575714
7909,122,0.11983562260866165
7910,122,0.02707536146044731
7911,122,0.06863358616828918
7912,122,0.03810127079486847
7913,122,0.03971667215228081
7914,122,0.13566498458385468
7915,122,0.07988710701465607
7916,122,0.04391010105609894
7917,122,0.06323069334030151
7918,122,0.030519934371113777
7919,122,0.1283903419971466
7920,122,0.028839731588959694
7921,123,0.036515019834041595
7922,123,0.06721297651529312
7923,123,0.033394619822502136
7924,123,0.07401352375745773
7925,123,0.13712053000926971
7926,123,0.03438538685441017
7927,123,0.10836951434612274
7928,123,0.04479113221168518
7929,123,0.05026038736104965
7930,123,0.030170083045959473
7931,123,0.07505398243665695
7932,123,0.06651390343904495
7933,123,0.11833324283361435
7934,123,0.03960202634334564
7935,123,0.02792801521718502
7936,123,0.0433269627392292
7937,123,0.0867924913764
7938,123,0.07523275911808014
7939,123,0.0483306385576725
7940,123,0.08112061768770218
7941,123,0.03513336554169655
7942,123,0.1259564757347107
7943,123,0.0321684256196022
7944,123,0.045697953552007675
7945,123,0.09200849384069443
7946,123,0.0441850982606411
7947,123,0.039065245538949966
7948,123,0.028280440717935562
7949,123,0.03841826319694519
7950,123,0.048017241060733795
7951,123,0.038032416254282
7952,123,0.03646307438611984
7953,123,0.06049780547618866
7954,123,0.12828105688095093
7955,123,0.08816076815128326
7956,123,0.039019644260406494
7957,124,0.038897886872291565
7958,124,0.09643194079399109
7959,124,0.034651175141334534
7960,124,0.07483601570129395
7961,124,0.024474676698446274
7962,124,0.031515054404735565
7963,124,0.035181690007448196
7964,124,0.04346116632223129
7965,124,0.024600647389888763
7966,124,0.034397564828395844
7967,124,0.08262861520051956
7968,124,0.03465837612748146
7969,124,0.08135965466499329
7970,124,0.04845935478806496
7971,124,0.0683453157544136
7972,124,0.0383136123418808
7973,124,0.024761345237493515
7974,124,0.09465719014406204
7975,124,0.07361710071563721
7976,124,0.04226961359381676
7977,124,0.07842715829610825
7978,124,0.041726939380168915
7979,124,0.04647122696042061
7980,124,0.02995174005627632
7981,124,0.05371089279651642
7982,124,0.04737125709652901
7983,124,0.02289978601038456
7984,124,0.08533001691102982
7985,124,0.03530881553888321
7986,124,0.035557396709918976
7987,124,0.08669304102659225
7988,124,0.02489851973950863
7989,124,0.15344448387622833
7990,125,0.053004998713731766
7991,125,0.02943033166229725
7992,125,0.052531979978084564
7993,125,0.1402835249900818
7994,125,0.08417193591594696
7995,125,0.09424395114183426
7996,125,0.07173120975494385
7997,125,0.06193133071064949
7998,125,0.04657261446118355
7999,125,0.07352045178413391
8000,125,0.04580572247505188
8001,125,0.0874827578663826
8002,125,0.09153159707784653
8003,125,0.09943608939647675
8004,125,0.0823943093419075
8005,125,0.06813527643680573
8006,125,0.048939671367406845
8007,125,0.13412803411483765
8008,125,0.034625012427568436
8009,125,0.04506176337599754
8010,125,0.060964807868003845
8011,125,0.08846978098154068
8012,125,0.0780797153711319
8013,125,0.038403745740652084
8014,125,0.1625894457101822
8015,125,0.05696332827210426
8016,125,0.09299971908330917
8017,125,0.044403545558452606
8018,125,0.03235147148370743
8019,125,0.08745722472667694
8020,125,0.08072791993618011
8021,125,0.08160798251628876
8022,125,0.041226983070373535
8023,125,0.05427005887031555
8024,125,0.07943347096443176
8025,125,0.03716738522052765
8026,125,0.03452518954873085
8027,125,0.04467570036649704
8028,125,0.049646373838186264
8029,125,0.04067656770348549
8030,125,0.08148905634880066
8031,125,0.10534687340259552
8032,125,0.040128644555807114
8033,125,0.0287767481058836
8034,126,0.13484011590480804
8035,126,0.12391947209835052
8036,126,0.06353259831666946
8037,126,0.04517316818237305
8038,126,0.03849206119775772
8039,126,0.07748033106327057
8040,126,0.09048943221569061
8041,126,0.19240152835845947
8042,126,0.03148423135280609
8043,126,0.08875147998332977
8044,126,0.03971702605485916
8045,126,0.026510413736104965
8046,126,0.07079775631427765
8047,126,0.10736383497714996
8048,126,0.041567299515008926
8049,126,0.04230532422661781
8050,126,0.09863805025815964
8051,126,0.07327528297901154
8052,126,0.09435576945543289
8053,126,0.07826410233974457
8054,126,0.036411941051483154
8055,126,0.07061721384525299
8056,126,0.13707953691482544
8057,126,0.023875880986452103
8058,126,0.032029539346694946
8059,126,0.03735026717185974
8060,126,0.09953386336565018
8061,127,0.07276894152164459
8062,127,0.10610400140285492
8063,127,0.03457638621330261
8064,127,0.0284065380692482
8065,127,0.08112919330596924
8066,127,0.03502177074551582
8067,127,0.11692599952220917
8068,127,0.0656268298625946
8069,128,0.039216093719005585
8070,128,0.07480324059724808
8071,128,0.07233007252216339
8072,128,0.031660035252571106
8073,128,0.031133055686950684
8074,128,0.018296463415026665
8075,128,0.03820286691188812
8076,128,0.03129265829920769
8077,128,0.03762321546673775
8078,128,0.029194451868534088
8079,128,0.05561228469014168
8080,128,0.08441060781478882
8081,128,0.07125769555568695
8082,128,0.12405826151371002
8083,128,0.03216765820980072
8084,128,0.045053351670503616
8085,128,0.09191069006919861
8086,128,0.053968414664268494
8087,128,0.037133634090423584
8088,128,0.02567947283387184
8089,128,0.06812340021133423
8090,128,0.07781895250082016
8091,129,0.029242446646094322
8092,129,0.05163099989295006
8093,129,0.12020958214998245
8094,129,0.029202638193964958
8095,129,0.028488842770457268
8096,129,0.04258646070957184
8097,129,0.10487822443246841
8098,129,0.09506982564926147
8099,129,0.10603868216276169
8100,129,0.1942918300628662
8101,129,0.12348930537700653
8102,129,0.06172876060009003
8103,129,0.02618131972849369
8104,129,0.1257043182849884
8105,129,0.06824995577335358
8106,129,0.09177812188863754
8107,129,0.08116548508405685
8108,129,0.08103951066732407
8109,129,0.07162205874919891
8110,129,0.058365292847156525
8111,129,0.02855544723570347
8112,129,0.03225427493453026
8113,129,0.07237708568572998
8114,129,0.09136112034320831
8115,129,0.04977932944893837
8116,129,0.0308244489133358
8117,130,0.11026862263679504
8118,130,0.02070467174053192
8119,130,0.05254486948251724
8120,130,0.021257078275084496
8121,130,0.06882141530513763
8122,130,0.03107786737382412
8123,130,0.05318248271942139
8124,130,0.09371484816074371
8125,130,0.0270184688270092
8126,130,0.11719309538602829
8127,130,0.05268995463848114
8128,130,0.13243430852890015
8129,130,0.07869593799114227
8130,130,0.0719798281788826
8131,130,0.07333452254533768
8132,130,0.07665783911943436
8133,130,0.04615609347820282
8134,130,0.0709490031003952
8135,130,0.09031163156032562
8136,130,0.024654889479279518
8137,130,0.02670886181294918
8138,130,0.031021753326058388
8139,130,0.02758101001381874
8140,130,0.0704926922917366
8141,130,0.04741708189249039
8142,130,0.057333119213581085
8143,130,0.03152107074856758
8144,130,0.059736479073762894
8145,130,0.0411970354616642
8146,130,0.11035966128110886
8147,130,0.022449851036071777
8148,130,0.07221896946430206
8149,130,0.06779443472623825
8150,130,0.03027605265378952
8151,130,0.040325671434402466
8152,130,0.11607605218887329
8153,130,0.03925522416830063
8154,130,0.04824338108301163
8155,130,0.03557373210787773
8156,130,0.030981214717030525
8157,130,0.10058080404996872
8158,130,0.04798524081707001
8159,130,0.050353214144706726
8160,131,0.05609942600131035
8161,131,0.03987202048301697
8162,131,0.14775967597961426
8163,131,0.02902168408036232
8164,131,0.027724692597985268
8165,131,0.03613397106528282
8166,131,0.03748315945267677
8167,131,0.04203718155622482
8168,131,0.06736292690038681
8169,131,0.11729242652654648
8170,131,0.043309833854436874
8171,131,0.06361508369445801
8172,131,0.09270363301038742
8173,131,0.0964234322309494
8174,131,0.03521757572889328
8175,131,0.029685836285352707
8176,131,0.13233034312725067
8177,131,0.06137969344854355
8178,131,0.03301330283284187
8179,131,0.04464714229106903
8180,131,0.06944213062524796
8181,131,0.06258489191532135
8182,131,0.0776122584939003
8183,131,0.033245719969272614
8184,131,0.1100001335144043
8185,131,0.13441190123558044
8186,131,0.02893468737602234
8187,131,0.10667659342288971
8188,131,0.11173193156719208
8189,131,0.028968779370188713
8190,131,0.10426508635282516
8191,131,0.03873204439878464
8192,131,0.07678201049566269
8193,131,0.045769430696964264
8194,131,0.117722287774086
8195,131,0.12289156764745712
8196,131,0.09079144895076752
8197,131,0.040045276284217834
8198,131,0.03006957657635212
8199,131,0.033109307289123535
8200,131,0.055926281958818436
8201,131,0.0646907240152359
8202,131,0.04133246839046478
8203,131,0.09615961462259293
8204,131,0.03181251138448715
8205,131,0.06917949765920639
8206,131,0.0965881198644638
8207,131,0.09911864995956421
8208,131,0.030218645930290222
8209,131,0.0776403620839119
8210,132,0.022761646658182144
8211,132,0.07380819320678711
8212,132,0.08774606883525848
8213,132,0.08485830575227737
8214,132,0.1016174927353859
8215,132,0.029723377898335457
8216,132,0.0728231891989708
8217,132,0.0211322084069252
8218,132,0.07553832978010178
8219,132,0.03212457895278931
8220,132,0.0696035847067833
8221,132,0.030886275693774223
8222,132,0.04573820158839226
8223,132,0.08314140886068344
8224,132,0.04510198161005974
8225,132,0.08207353949546814
8226,132,0.07141811400651932
8227,132,0.032279640436172485
8228,132,0.0459769144654274
8229,132,0.0882742628455162
8230,132,0.037471555173397064
8231,132,0.03254804387688637
8232,132,0.05243556946516037
8233,132,0.022125693038105965
8234,133,0.06378719210624695
8235,133,0.024464132264256477
8236,133,0.09729092568159103
8237,133,0.07819110155105591
8238,133,0.03859524801373482
8239,133,0.08074301481246948
8240,133,0.057959843426942825
8241,133,0.06136556342244148
8242,133,0.06224749609827995
8243,133,0.04503119736909866
8244,133,0.07649634033441544
8245,134,0.06634323298931122
8246,134,0.02968175895512104
8247,134,0.0324128195643425
8248,134,0.08254973590373993
8249,134,0.057679831981658936
8250,134,0.02356250211596489
8251,134,0.08109057694673538
8252,134,0.08780737221240997
8253,134,0.0400163009762764
8254,134,0.06450843065977097
8255,134,0.11888638883829117
8256,134,0.09529822319746017
8257,134,0.06054457277059555
8258,134,0.08905963599681854
8259,134,0.12236859649419785
8260,134,0.09589090198278427
8261,134,0.06582555919885635
8262,134,0.14228983223438263
8263,134,0.142995223402977
8264,134,0.03256408870220184
8265,134,0.10136270523071289
8266,134,0.07670745998620987
8267,134,0.12304400652647018
8268,134,0.08992691338062286
8269,134,0.05627550184726715
8270,134,0.09094909578561783
8271,134,0.06278090924024582
8272,134,0.15424494445323944
8273,134,0.07156987488269806
8274,134,0.03634689748287201
8275,134,0.09202872216701508
8276,134,0.09657040983438492
8277,134,0.13284631073474884
8278,134,0.12354737520217896
8279,134,0.08566151559352875
8280,134,0.14153894782066345
8281,134,0.1074887216091156
8282,134,0.05044393241405487
8283,134,0.11718065291643143
8284,135,0.04251181706786156
8285,135,0.04860072582960129
8286,135,0.07842433452606201
8287,135,0.07207784801721573
8288,135,0.08553393930196762
8289,135,0.03210275620222092
8290,135,0.034565988928079605
8291,135,0.03463131561875343
8292,135,0.03862982243299484
8293,135,0.042313870042562485
8294,135,0.07840142399072647
8295,135,0.02252420410513878
8296,135,0.15306536853313446
8297,135,0.030376849696040154
8298,135,0.060227327048778534
8299,135,0.12541790306568146
8300,135,0.1380574107170105
8301,136,0.03301766514778137
8302,136,0.09835203737020493
8303,136,0.10443580895662308
8304,136,0.08565063774585724
8305,136,0.024264954030513763
8306,136,0.15983262658119202
8307,136,0.04422445967793465
8308,136,0.036719415336847305
8309,136,0.07753140479326248
8310,136,0.03937995433807373
8311,136,0.06409496814012527
8312,136,0.022614365443587303
8313,136,0.12399037182331085
8314,136,0.17159172892570496
8315,136,0.08769114315509796
8316,136,0.03796488046646118
8317,136,0.13739272952079773
8318,136,0.04418506845831871
8319,136,0.04560105502605438
8320,136,0.04022454470396042
8321,136,0.2269989550113678
8322,136,0.027125101536512375
8323,136,0.07356683909893036
8324,136,0.07602505385875702
8325,136,0.03547726571559906
8326,136,0.05787862837314606
8327,136,0.07506884634494781
8328,136,0.027729202061891556
8329,136,0.06353455781936646
8330,136,0.048397496342659
8331,136,0.08897680789232254
8332,136,0.02325991913676262
8333,136,0.04589339345693588
8334,136,0.0913216844201088
8335,136,0.04521588981151581
8336,136,0.08039799332618713
8337,136,0.04339142516255379
8338,137,0.0951211005449295
8339,137,0.050158917903900146
8340,137,0.038741081953048706
8341,137,0.03232617676258087
8342,137,0.09333990514278412
8343,137,0.06738632172346115
8344,137,0.029002266004681587
8345,137,0.036815255880355835
8346,137,0.049742091447114944
8347,137,0.11323282867670059
8348,137,0.07797352969646454
8349,137,0.1482745110988617
8350,137,0.03152330219745636
8351,137,0.1015763208270073
8352,137,0.11667877435684204
8353,137,0.068485327064991
8354,137,0.17110790312290192
8355,137,0.04774446412920952
8356,137,0.030504154041409492
8357,137,0.029982829466462135
8358,137,0.08851272612810135
8359,137,0.08390586078166962
8360,137,0.11507317423820496
8361,137,0.11676307767629623
8362,137,0.16121681034564972
8363,137,0.045442476868629456
8364,137,0.1193605586886406
8365,137,0.08204170316457748
8366,137,0.08381954580545425
8367,137,0.0307519119232893
8368,137,0.08406557887792587
8369,137,0.08623695373535156
8370,137,0.02751798927783966
8371,137,0.04311680048704147
8372,137,0.0821230486035347
8373,137,0.041595567017793655
8374,137,0.0608292818069458
8375,137,0.0645490512251854
8376,137,0.11438460648059845
8377,137,0.09744427353143692
8378,137,0.04042235016822815
8379,137,0.08507028967142105
8380,137,0.037726789712905884
8381,138,0.120664581656456
8382,138,0.03400899097323418
8383,138,0.11573626846075058
8384,138,0.05797084420919418
8385,138,0.09389595687389374
8386,138,0.07491239905357361
8387,138,0.12809593975543976
8388,138,0.03668096661567688
8389,138,0.02604866772890091
8390,138,0.03961632028222084
8391,138,0.05845646560192108
8392,138,0.11482228338718414
8393,138,0.034088198095560074
8394,138,0.04257332533597946
8395,138,0.08327726274728775
8396,138,0.09587588161230087
8397,138,0.07915718853473663
8398,138,0.0794987604022026
8399,138,0.07964251190423965
8400,138,0.09024909883737564
8401,138,0.0923975259065628
8402,139,0.08707427233457565
8403,139,0.057155415415763855
8404,139,0.1072591245174408
8405,139,0.0697428435087204
8406,139,0.038354795426130295
8407,139,0.07489866018295288
8408,139,0.07002214342355728
8409,139,0.03249388560652733
8410,139,0.12797760963439941
8411,139,0.0793488621711731
8412,139,0.03282548114657402
8413,139,0.08848979324102402
8414,139,0.025640735402703285
8415,139,0.032636113464832306
8416,139,0.13234497606754303
8417,139,0.03500233590602875
8418,139,0.022066790610551834
8419,139,0.02682262659072876
8420,139,0.0373760424554348
8421,139,0.08920463919639587
8422,139,0.05278550088405609
8423,139,0.03491068631410599
8424,139,0.07097508013248444
8425,139,0.036330364644527435
8426,139,0.025653474032878876
8427,139,0.07700583338737488
8428,139,0.03050384856760502
8429,139,0.05300803482532501
8430,139,0.04099457710981369
8431,139,0.03880272060632706
8432,139,0.03472743555903435
8433,139,0.08663539588451385
8434,139,0.0364728644490242
8435,139,0.03658612072467804
8436,139,0.026436906307935715
8437,139,0.09435126185417175
8438,139,0.03210854157805443
8439,139,0.06627557426691055
8440,139,0.06260402500629425
8441,139,0.029505889862775803
8442,139,0.04543518275022507
8443,139,0.08083030581474304
8444,139,0.08591344952583313
8445,139,0.032540928572416306
8446,139,0.0399542860686779
8447,139,0.0457332544028759
8448,139,0.07861702144145966
8449,139,0.16143636405467987
8450,139,0.03869536519050598
8451,139,0.10722605139017105
8452,139,0.04630287364125252
8453,139,0.06042513623833656
8454,139,0.03923782333731651
8455,139,0.06365711241960526
8456,139,0.07489069551229477
8457,139,0.07232537865638733
8458,139,0.12466108053922653
8459,139,0.08064241707324982
8460,139,0.051285386085510254
8461,139,0.0454585961997509
8462,139,0.06604072451591492
8463,139,0.07562784850597382
8464,139,0.13089647889137268
8465,139,0.032901111990213394
8466,139,0.028783515095710754
8467,139,0.05017803981900215
8468,139,0.08631081134080887
8469,140,0.1939440220594406
8470,140,0.12301333248615265
8471,140,0.06251002848148346
8472,140,0.04854146018624306
8473,140,0.13661299645900726
8474,140,0.020869338884949684
8475,140,0.04571345075964928
8476,140,0.13517962396144867
8477,140,0.08598952740430832
8478,140,0.06107720732688904
8479,140,0.030519947409629822
8480,140,0.09146954864263535
8481,140,0.1387755274772644
8482,140,0.0798223689198494
8483,140,0.1204029992222786
8484,140,0.026238346472382545
8485,140,0.03226136416196823
8486,140,0.14517691731452942
8487,140,0.05108347535133362
8488,140,0.031057456508278847
8489,140,0.04516354575753212
8490,140,0.03793077543377876
8491,140,0.035863328725099564
8492,140,0.08705528825521469
8493,140,0.050084736198186874
8494,140,0.033733662217855453
8495,140,0.031196441501379013
8496,140,0.027117358520627022
8497,140,0.03795496001839638
8498,140,0.09777896851301193
8499,141,0.04301312193274498
8500,141,0.07009232044219971
8501,141,0.17189326882362366
8502,141,0.04670599102973938
8503,141,0.04473790153861046
8504,141,0.0717562586069107
8505,141,0.08036595582962036
8506,141,0.06662826985120773
8507,141,0.0432770699262619
8508,141,0.12639780342578888
8509,141,0.06201520934700966
8510,141,0.12105915695428848
8511,141,0.14025169610977173
8512,141,0.027076466009020805
8513,141,0.12769103050231934
8514,141,0.0520625002682209
8515,141,0.054873544722795486
8516,141,0.17085620760917664
8517,141,0.10863344371318817
8518,141,0.09056644886732101
8519,141,0.05278860032558441
8520,141,0.12878106534481049
8521,141,0.0452839732170105
8522,141,0.032496560364961624
8523,141,0.2117542326450348
8524,141,0.05424071475863457
8525,141,0.19357608258724213
8526,141,0.08059795200824738
8527,141,0.0424802340567112
8528,141,0.12772615253925323
8529,141,0.04644472524523735
8530,141,0.14359936118125916
8531,141,0.034222185611724854
8532,141,0.13454140722751617
8533,142,0.047034114599227905
8534,142,0.04054366052150726
8535,142,0.10085587948560715
8536,142,0.04796481877565384
8537,142,0.09301526844501495
8538,142,0.05792677402496338
8539,142,0.035559795796871185
8540,142,0.03370295464992523
8541,142,0.029767166823148727
8542,142,0.033183030784130096
8543,142,0.09187471866607666
8544,142,0.17119479179382324
8545,142,0.028688253834843636
8546,142,0.04284506291151047
8547,142,0.1345720738172531
8548,142,0.1065293475985527
8549,142,0.15775112807750702
8550,142,0.10827526450157166
8551,142,0.11760653555393219
8552,142,0.19622930884361267
8553,142,0.09772862493991852
8554,142,0.03664606064558029
8555,142,0.03214435279369354
8556,142,0.07579517364501953
8557,142,0.03906724601984024
8558,142,0.025447508320212364
8559,142,0.07055205851793289
8560,142,0.04980330541729927
8561,142,0.057139039039611816
8562,142,0.15706932544708252
8563,142,0.09679050743579865
8564,142,0.022873112931847572
8565,142,0.0815265029668808
8566,142,0.07962001860141754
8567,143,0.1896577626466751
8568,143,0.0432397723197937
8569,143,0.16169174015522003
8570,143,0.08739566802978516
8571,143,0.1367330402135849
8572,143,0.05635473504662514
8573,143,0.08340246230363846
8574,143,0.04204266518354416
8575,143,0.03145932778716087
8576,143,0.16361255943775177
8577,143,0.04197356849908829
8578,143,0.11336704343557358
8579,143,0.03693307936191559
8580,143,0.18635204434394836
8581,143,0.2490791380405426
8582,143,0.03584956005215645
8583,143,0.042742107063531876
8584,143,0.06709364801645279
8585,143,0.032370202243328094
8586,143,0.058571793138980865
8587,143,0.03272154554724693
8588,143,0.14932025969028473
8589,143,0.033264897763729095
8590,143,0.03335564583539963
8591,143,0.12514159083366394
8592,143,0.033021748065948486
8593,143,0.051697246730327606
8594,143,0.08476428687572479
8595,143,0.151418074965477
8596,143,0.07270439714193344
8597,143,0.09554117918014526
8598,143,0.030458703637123108
8599,143,0.09244821220636368
8600,143,0.07576003670692444
8601,143,0.0883171334862709
8602,143,0.11454460769891739
8603,143,0.11245778203010559
8604,143,0.09341230243444443
8605,143,0.11846762895584106
8606,144,0.02987021580338478
8607,144,0.025634270161390305
8608,144,0.08786328881978989
8609,144,0.06829987466335297
8610,144,0.10906060039997101
8611,144,0.11509709060192108
8612,144,0.1348925530910492
8613,144,0.08683224767446518
8614,144,0.03827611729502678
8615,144,0.15549986064434052
8616,145,0.05604613572359085
8617,145,0.18621228635311127
8618,145,0.042926300317049026
8619,145,0.04515886306762695
8620,145,0.07994914799928665
8621,145,0.1249590814113617
8622,145,0.08440762758255005
8623,145,0.16104455292224884
8624,145,0.040351081639528275
8625,145,0.04310663789510727
8626,145,0.04009486362338066
8627,145,0.0809173434972763
8628,145,0.07612708956003189
8629,145,0.043576449155807495
8630,145,0.09453023970127106
8631,145,0.10345207154750824
8632,145,0.13694916665554047
8633,145,0.03582864999771118
8634,145,0.08519593626260757
8635,145,0.03317253291606903
8636,146,0.029922617599368095
8637,146,0.0858486220240593
8638,146,0.039108697324991226
8639,146,0.02642461471259594
8640,146,0.04273657500743866
8641,146,0.028409607708454132
8642,146,0.0296984501183033
8643,146,0.05007360130548477
8644,146,0.08436677604913712
8645,146,0.10743125528097153
8646,146,0.08054900914430618
8647,146,0.03710100054740906
8648,146,0.12799802422523499
8649,146,0.06465286761522293
8650,146,0.145903080701828
8651,146,0.12656459212303162
8652,146,0.0304598119109869
8653,146,0.10638118535280228
8654,146,0.07838395237922668
8655,146,0.034790586680173874
8656,146,0.09740398079156876
8657,146,0.08159855753183365
8658,146,0.029332175850868225
8659,146,0.07788404077291489
8660,146,0.031698256731033325
8661,146,0.0341893769800663
8662,146,0.0911930724978447
8663,146,0.038618240505456924
8664,146,0.040180712938308716
8665,146,0.09293576329946518
8666,146,0.08562901616096497
8667,146,0.09518067538738251
8668,146,0.07988821715116501
8669,146,0.1955023854970932
8670,146,0.1531258374452591
8671,146,0.02858137898147106
8672,146,0.029947007074952126
8673,146,0.1229594275355339
8674,146,0.07628078758716583
8675,146,0.035848598927259445
8676,146,0.08601527661085129
8677,146,0.08398331701755524
8678,147,0.03813003748655319
8679,147,0.0288824625313282
8680,147,0.032932162284851074
8681,147,0.042337700724601746
8682,147,0.06384747475385666
8683,147,0.04509697109460831
8684,147,0.026877189055085182
8685,147,0.1445193588733673
8686,148,0.13571959733963013
8687,148,0.07757411897182465
8688,148,0.10350371152162552
8689,148,0.042572323232889175
8690,148,0.037382304668426514
8691,148,0.03444885462522507
8692,148,0.08664260804653168
8693,148,0.026735661551356316
8694,148,0.05426366999745369
8695,149,0.13452419638633728
8696,149,0.05992528051137924
8697,149,0.07266740500926971
8698,149,0.039030734449625015
8699,149,0.06099262461066246
8700,149,0.12781170010566711
8701,149,0.06192152202129364
8702,149,0.12939655780792236
8703,149,0.1558430790901184
8704,149,0.053127989172935486
8705,149,0.2813126742839813
8706,149,0.04436514154076576
8707,149,0.0765443965792656
8708,149,0.09647835791110992
8709,149,0.03289349749684334
8710,149,0.10134867578744888
8711,149,0.06897459924221039
8712,149,0.029388830065727234
8713,149,0.07944273203611374
8714,149,0.03485790640115738
8715,149,0.040139757096767426
8716,149,0.10905669629573822
8717,149,0.03398016467690468
8718,149,0.07977544516324997
8719,149,0.09062770009040833
8720,149,0.09379374235868454
8721,149,0.07986076176166534
8722,149,0.07653743773698807
8723,149,0.08272641897201538
8724,149,0.08909814059734344
8725,149,0.03070741519331932
8726,149,0.03887926787137985
8727,150,0.1247979998588562
8728,150,0.10691364854574203
8729,150,0.09983734786510468
8730,150,0.038601815700531006
8731,150,0.07811364531517029
8732,150,0.03168752044439316
8733,150,0.029932145029306412
8734,150,0.030616581439971924
8735,150,0.033323027193546295
8736,150,0.09741206467151642
8737,150,0.04383641853928566
8738,150,0.14701204001903534
8739,150,0.049051787704229355
8740,150,0.04387563094496727
8741,151,0.053258996456861496
8742,151,0.08232289552688599
8743,151,0.09424759447574615
8744,151,0.031045231968164444
8745,151,0.040472362190485
8746,151,0.18693076074123383
8747,151,0.10760822892189026
8748,151,0.04179414361715317
8749,152,0.06115172058343887
8750,152,0.04075217992067337
8751,152,0.1293276846408844
8752,152,0.05521578714251518
8753,152,0.23127305507659912
8754,152,0.0315842404961586
8755,152,0.05789213255047798
8756,152,0.05082760751247406
8757,152,0.19342312216758728
8758,152,0.06721612811088562
8759,152,0.054588571190834045
8760,152,0.042116232216358185
8761,152,0.09383512288331985
8762,152,0.04615417867898941
8763,152,0.0404873825609684
8764,152,0.1662582904100418
8765,152,0.08313155174255371
8766,152,0.08736766129732132
8767,152,0.03600557520985603
8768,152,0.03475336730480194
8769,152,0.0935726910829544
8770,152,0.14054515957832336
8771,152,0.09781647473573685
8772,152,0.049861226230859756
8773,152,0.15530668199062347
8774,152,0.03529922291636467
8775,152,0.03558371961116791
8776,152,0.18138012290000916
8777,152,0.08687718957662582
8778,152,0.0771033987402916
8779,153,0.1404329538345337
8780,153,0.03931499272584915
8781,153,0.09775616973638535
8782,153,0.11262242496013641
8783,153,0.07828619331121445
8784,153,0.19922076165676117
8785,153,0.08559980988502502
8786,153,0.10699635744094849
8787,153,0.1009824126958847
8788,153,0.04359570890665054
8789,153,0.10459187626838684
8790,153,0.10232309997081757
8791,153,0.12497900426387787
8792,153,0.05045333877205849
8793,153,0.22755166888237
8794,153,0.039194799959659576
8795,153,0.03249064087867737
8796,153,0.04241477698087692
8797,153,0.08764124661684036
8798,153,0.04969170689582825
8799,153,0.03170602768659592
8800,153,0.13412508368492126
8801,153,0.09807734191417694
8802,153,0.07422936707735062
8803,153,0.03134286031126976
8804,154,0.033969998359680176
8805,154,0.049934081733226776
8806,154,0.04967120289802551
8807,154,0.09234799444675446
8808,154,0.028397375717759132
8809,154,0.031429022550582886
8810,154,0.08804292976856232
8811,154,0.13194479048252106
8812,154,0.03355906903743744
8813,154,0.03817516565322876
8814,154,0.026330415159463882
8815,154,0.1388074904680252
8816,154,0.08357822895050049
8817,154,0.03890424594283104
8818,154,0.052573103457689285
8819,154,0.05983535200357437
8820,154,0.03692524880170822
8821,154,0.19961915910243988
8822,154,0.0455734021961689
8823,154,0.1042139083147049
8824,154,0.0880621150135994
8825,154,0.1357189118862152
8826,154,0.084030382335186
8827,154,0.1542963832616806
8828,154,0.03313025087118149
8829,154,0.13724078238010406
8830,154,0.058608561754226685
8831,154,0.19960759580135345
8832,154,0.1402665078639984
8833,154,0.04256385937333107
8834,154,0.04085942357778549
8835,154,0.10400660336017609
8836,154,0.03506764769554138
8837,154,0.1889672428369522
8838,154,0.20975050330162048
8839,155,0.04141614958643913
8840,155,0.032941412180662155
8841,155,0.04023955389857292
8842,155,0.034192413091659546
8843,155,0.07873936742544174
8844,155,0.053685422986745834
8845,155,0.1693246215581894
8846,155,0.05485233664512634
8847,155,0.03451242297887802
8848,155,0.13216882944107056
8849,155,0.11180475354194641
8850,155,0.028547581285238266
8851,155,0.12770453095436096
8852,155,0.03786115348339081
8853,155,0.18080149590969086
8854,155,0.09403905272483826
8855,155,0.11579124629497528
8856,155,0.09678547829389572
8857,155,0.11217799037694931
8858,155,0.14856240153312683
8859,155,0.10582713782787323
8860,155,0.046089354902505875
8861,155,0.10938965529203415
8862,155,0.04992192983627319
8863,155,0.20664817094802856
8864,155,0.0858248770236969
8865,155,0.054396551102399826
8866,156,0.33083605766296387
8867,156,0.10268493741750717
8868,156,0.06646095961332321
8869,156,0.19673821330070496
8870,156,0.18254603445529938
8871,156,0.04211406037211418
8872,156,0.04338142275810242
8873,156,0.13429592549800873
8874,156,0.15877865254878998
8875,156,0.11391302198171616
8876,156,0.16923633217811584
8877,156,0.039965108036994934
8878,156,0.04578104987740517
8879,156,0.07826243340969086
8880,156,0.039889730513095856
8881,156,0.1503056436777115
8882,156,0.03073447197675705
8883,156,0.08710739016532898
8884,156,0.028685791417956352
8885,156,0.08915134519338608
8886,156,0.09217777848243713
8887,156,0.11216676980257034
8888,156,0.18566444516181946
8889,156,0.052250128239393234
8890,156,0.08048609644174576
8891,156,0.05869397148489952
8892,156,0.03713959455490112
8893,156,0.05075934901833534
8894,156,0.05427670478820801
8895,156,0.02989979274570942
8896,156,0.05933213233947754
8897,156,0.046866610646247864
8898,156,0.035115957260131836
8899,156,0.03499988093972206
8900,156,0.10658087581396103
8901,156,0.0846141055226326
8902,156,0.08026399463415146
8903,156,0.1074112057685852
8904,156,0.08459073305130005
8905,157,0.02197517454624176
8906,157,0.1324283331632614
8907,157,0.09586945176124573
8908,157,0.18030281364917755
8909,157,0.03478240221738815
8910,157,0.07642558962106705
8911,157,0.209537535905838
8912,157,0.09289296716451645
8913,157,0.17480406165122986
8914,157,0.03224319964647293
8915,157,0.11424441635608673
8916,157,0.10738505423069
8917,157,0.05929766595363617
8918,157,0.1322614997625351
8919,157,0.05677937716245651
8920,158,0.04448104277253151
8921,158,0.10214323550462723
8922,158,0.08962353318929672
8923,158,0.04164125397801399
8924,158,0.10697059333324432
8925,158,0.0829458236694336
8926,158,0.03974668309092522
8927,158,0.08715727180242538
8928,158,0.027080226689577103
8929,158,0.09344600141048431
8930,158,0.16498439013957977
8931,158,0.03915996849536896
8932,158,0.08255037665367126
8933,158,0.16916689276695251
8934,158,0.04259839653968811
8935,158,0.09048021584749222
8936,158,0.041613370180130005
8937,158,0.14572221040725708
8938,158,0.03207675367593765
8939,158,0.03775625675916672
8940,158,0.1238408163189888
8941,158,0.16303901374340057
8942,158,0.09131496399641037
8943,158,0.03639686480164528
8944,158,0.03702244535088539
8945,159,0.050069089978933334
8946,159,0.14256495237350464
8947,159,0.08477930724620819
8948,159,0.16280142962932587
8949,159,0.262612909078598
8950,159,0.10703891515731812
8951,159,0.04533512890338898
8952,159,0.022665292024612427
8953,159,0.10075447708368301
8954,159,0.09093573689460754
8955,159,0.09263034164905548
8956,159,0.162482351064682
8957,159,0.1549767255783081
8958,159,0.10452771186828613
8959,159,0.24692557752132416
8960,159,0.030082978308200836
8961,159,0.09659033268690109
8962,159,0.03409179672598839
8963,159,0.14132387936115265
8964,159,0.0904327780008316
8965,159,0.1204003170132637
8966,159,0.03528544306755066
8967,159,0.03858475387096405
8968,159,0.1327866166830063
8969,159,0.03748304024338722
8970,159,0.041014112532138824
8971,159,0.03601687401533127
8972,159,0.12556661665439606
8973,159,0.09622877836227417
8974,159,0.04175692796707153
8975,160,0.12126556783914566
8976,160,0.12922200560569763
8977,160,0.131951704621315
8978,160,0.09895727038383484
8979,160,0.0813671350479126
8980,160,0.1574288308620453
8981,160,0.027025191113352776
8982,160,0.1573736071586609
8983,160,0.15725503861904144
8984,160,0.031274501234292984
8985,160,0.03096345067024231
8986,160,0.04012789949774742
8987,160,0.026021815836429596
8988,160,0.03351053595542908
8989,160,0.17007707059383392
8990,160,0.03621092438697815
8991,160,0.1151885837316513
8992,160,0.09569267183542252
8993,160,0.09173449873924255
8994,160,0.07390789687633514
8995,160,0.03869028761982918
8996,160,0.032780539244413376
8997,160,0.10521144419908524
8998,160,0.04327761009335518
8999,161,0.04055008292198181
9000,161,0.033882707357406616
9001,161,0.07308176159858704
9002,161,0.1042465940117836
9003,161,0.09536357969045639
9004,161,0.03784921020269394
9005,161,0.11823122948408127
9006,161,0.044302262365818024
9007,161,0.34572362899780273
9008,161,0.06987270712852478
9009,161,0.0509452261030674
9010,161,0.04933559149503708
9011,161,0.1855027824640274
9012,161,0.07725875824689865
9013,161,0.03853241354227066
9014,161,0.06952713429927826
9015,161,0.167963907122612
9016,161,0.04159780591726303
9017,161,0.1665666252374649
9018,162,0.11123394221067429
9019,162,0.10826023668050766
9020,162,0.1065363883972168
9021,162,0.09464433044195175
9022,162,0.06811907142400742
9023,162,0.16120103001594543
9024,162,0.09633541107177734
9025,162,0.0925377681851387
9026,162,0.06167818233370781
9027,162,0.04955575615167618
9028,162,0.04425007477402687
9029,162,0.1402757316827774
9030,162,0.09973636269569397
9031,162,0.041212793439626694
9032,162,0.20333608984947205
9033,162,0.14927199482917786
9034,162,0.10292839258909225
9035,162,0.09742432087659836
9036,162,0.03445988893508911
9037,163,0.22629384696483612
9038,163,0.108171246945858
9039,163,0.15767283737659454
9040,163,0.05517558753490448
9041,163,0.147573322057724
9042,163,0.13974544405937195
9043,163,0.024052824825048447
9044,163,0.10450778156518936
9045,163,0.16257807612419128
9046,163,0.09488072246313095
9047,163,0.15853743255138397
9048,163,0.1982058733701706
9049,163,0.04480695724487305
9050,163,0.1611785739660263
9051,163,0.03902607411146164
9052,163,0.028083622455596924
9053,163,0.037217218428850174
9054,163,0.041255250573158264
9055,163,0.026884017512202263
9056,163,0.032240282744169235
9057,163,0.1551443636417389
9058,163,0.21668747067451477
9059,163,0.1035500094294548
9060,163,0.042060356587171555
9061,163,0.11981659382581711
9062,164,0.08111335337162018
9063,164,0.028464172035455704
9064,164,0.0902906209230423
9065,164,0.08334410190582275
9066,164,0.08546542376279831
9067,164,0.16070877015590668
9068,164,0.10517609119415283
9069,164,0.03415430709719658
9070,164,0.12995192408561707
9071,164,0.15221720933914185
9072,164,0.10655488073825836
9073,164,0.02956324815750122
9074,164,0.15296946465969086
9075,164,0.03058064728975296
9076,164,0.09379114210605621
9077,164,0.029532844200730324
9078,164,0.06950826197862625
9079,164,0.0943203717470169
9080,164,0.22487160563468933
9081,164,0.1347840577363968
9082,164,0.030701246112585068
9083,164,0.04114401713013649
9084,164,0.0867672860622406
9085,164,0.09179278463125229
9086,164,0.17982588708400726
9087,164,0.1679791361093521
9088,165,0.09355547279119492
9089,165,0.08766861259937286
9090,165,0.08880864828824997
9091,165,0.12660428881645203
9092,165,0.04403674975037575
9093,165,0.06189944967627525
9094,165,0.13931043446063995
9095,165,0.03315242379903793
9096,165,0.15688753128051758
9097,165,0.05214041844010353
9098,165,0.10681887716054916
9099,165,0.16691291332244873
9100,165,0.05145049840211868
9101,165,0.13033218681812286
9102,165,0.09495426714420319
9103,165,0.0344574861228466
9104,165,0.049733925610780716
9105,165,0.13767562806606293
9106,165,0.0972542017698288
9107,165,0.09783308207988739
9108,165,0.02648574858903885
9109,165,0.037964630872011185
9110,165,0.14570242166519165
9111,165,0.027912113815546036
9112,165,0.052646148949861526
9113,165,0.029917294159531593
9114,165,0.07826179265975952
9115,165,0.16548942029476166
9116,165,0.034224726259708405
9117,165,0.08832398802042007
9118,165,0.0402802936732769
9119,165,0.09652931243181229
9120,165,0.04917740076780319
9121,165,0.037808820605278015
9122,165,0.08960720896720886
9123,165,0.09896685183048248
9124,165,0.12449610978364944
9125,165,0.13791418075561523
9126,165,0.04022764414548874
9127,165,0.0871487632393837
9128,165,0.043640706688165665
9129,165,0.02806089073419571
9130,165,0.030562348663806915
9131,166,0.05280786007642746
9132,166,0.1281643956899643
9133,166,0.047328028827905655
9134,166,0.02486593835055828
9135,166,0.04462204873561859
9136,166,0.04356720298528671
9137,166,0.056418612599372864
9138,166,0.11335546523332596
9139,166,0.06052614003419876
9140,166,0.07219451665878296
9141,166,0.15390343964099884
9142,166,0.03530124947428703
9143,166,0.16524840891361237
9144,166,0.10594452172517776
9145,166,0.1333179473876953
9146,166,0.03840264305472374
9147,166,0.041114866733551025
9148,166,0.1630554497241974
9149,166,0.13757605850696564
9150,166,0.035516928881406784
9151,166,0.20447327196598053
9152,166,0.12518000602722168
9153,166,0.10212235152721405
9154,166,0.034460727125406265
9155,166,0.08659854531288147
9156,166,0.037147797644138336
9157,166,0.16316872835159302
9158,166,0.0404384508728981
9159,166,0.09680577367544174
9160,166,0.044473230838775635
9161,166,0.09260918200016022
9162,166,0.03449896723031998
9163,166,0.1959788203239441
9164,167,0.12095578014850616
9165,167,0.06617957353591919
9166,167,0.10135532170534134
9167,167,0.030318591743707657
9168,167,0.0987379178404808
9169,167,0.08789706230163574
9170,167,0.07205291837453842
9171,167,0.030207030475139618
9172,167,0.1553758680820465
9173,167,0.11246383935213089
9174,167,0.04000076279044151
9175,167,0.1732904314994812
9176,167,0.14220091700553894
9177,167,0.10751397907733917
9178,167,0.15114626288414001
9179,167,0.16876260936260223
9180,167,0.14359810948371887
9181,167,0.11237014830112457
9182,167,0.0828966498374939
9183,167,0.09402526170015335
9184,167,0.09502550214529037
9185,167,0.08246279507875443
9186,167,0.03108713962137699
9187,167,0.19887325167655945
9188,167,0.04762491211295128
9189,167,0.19735339283943176
9190,167,0.19937705993652344
9191,167,0.15415920317173004
9192,167,0.032965287566185
9193,168,0.032540831714868546
9194,168,0.15711089968681335
9195,168,0.1330510377883911
9196,168,0.09932978451251984
9197,168,0.09467218816280365
9198,168,0.04047033563256264
9199,168,0.059544887393713
9200,168,0.03144589811563492
9201,168,0.08592718094587326
9202,168,0.20718775689601898
9203,168,0.04738357663154602
9204,168,0.05259303003549576
9205,168,0.09817701578140259
9206,168,0.10923444479703903
9207,168,0.07702578604221344
9208,168,0.09367844462394714
9209,168,0.08645328879356384
9210,169,0.04162255674600601
9211,169,0.08191708475351334
9212,169,0.049443479627370834
9213,169,0.1261625587940216
9214,169,0.1425260305404663
9215,169,0.08725283294916153
9216,169,0.05266297608613968
9217,169,0.09735967218875885
9218,169,0.14324165880680084
9219,169,0.037967074662446976
9220,169,0.10818415135145187
9221,169,0.02815987914800644
9222,170,0.028497230261564255
9223,170,0.09353747218847275
9224,170,0.04438081011176109
9225,170,0.09600505977869034
9226,170,0.032338228076696396
9227,170,0.03440065309405327
9228,170,0.1687317192554474
9229,170,0.07102388888597488
9230,170,0.08046531677246094
9231,170,0.222611665725708
9232,170,0.03551298752427101
9233,170,0.10076094418764114
9234,170,0.20272895693778992
9235,170,0.08522678166627884
9236,170,0.11109349876642227
9237,170,0.042085200548172
9238,170,0.029063893482089043
9239,170,0.037929512560367584
9240,170,0.15562839806079865
9241,171,0.044264018535614014
9242,171,0.08664953708648682
9243,171,0.04874948412179947
9244,171,0.13661637902259827
9245,171,0.05742025375366211
9246,171,0.035512279719114304
9247,171,0.03759355843067169
9248,171,0.10374708473682404
9249,171,0.08763031661510468
9250,171,0.16088274121284485
9251,171,0.11183619499206543
9252,171,0.05701519921422005
9253,171,0.07347293943166733
9254,171,0.11129015684127808
9255,171,0.07261820137500763
9256,171,0.17470954358577728
9257,171,0.05851418524980545
9258,171,0.09041094779968262
9259,171,0.15472252666950226
9260,171,0.16923432052135468
9261,171,0.0681493952870369
9262,172,0.04508427157998085
9263,172,0.033034708350896835
9264,172,0.11238761246204376
9265,172,0.09930671006441116
9266,172,0.035012293606996536
9267,172,0.053560759872198105
9268,172,0.03059375286102295
9269,172,0.0790703147649765
9270,172,0.04843900725245476
9271,172,0.18567971885204315
9272,172,0.03734351322054863
9273,172,0.04312776401638985
9274,172,0.15634478628635406
9275,172,0.10143515467643738
9276,172,0.04389123246073723
9277,172,0.031039264053106308
9278,172,0.09268326312303543
9279,172,0.04465026780962944
9280,172,0.1586126685142517
9281,172,0.11378728598356247
9282,172,0.16058498620986938
9283,172,0.09889530390501022
9284,172,0.029154933989048004
9285,172,0.18399883806705475
9286,172,0.12027866393327713
9287,172,0.04312009736895561
9288,172,0.03265753015875816
9289,173,0.05168522149324417
9290,173,0.038189250975847244
9291,173,0.18517115712165833
9292,173,0.1544039398431778
9293,173,0.1471809446811676
9294,173,0.09513536095619202
9295,173,0.042738176882267
9296,173,0.10112384706735611
9297,173,0.09217962622642517
9298,173,0.031026102602481842
9299,173,0.0372738391160965
9300,173,0.09390218555927277
9301,173,0.05004474148154259
9302,173,0.0834895521402359
9303,173,0.04795676842331886
9304,173,0.028483742848038673
9305,173,0.06484417617321014
9306,173,0.03514140844345093
9307,173,0.31039345264434814
9308,173,0.03914886713027954
9309,173,0.08385578542947769
9310,173,0.16568583250045776
9311,173,0.03355052322149277
9312,173,0.10913914442062378
9313,173,0.0919187068939209
9314,173,0.10495372116565704
9315,173,0.10204708576202393
9316,173,0.041328441351652145
9317,173,0.03840439021587372
9318,173,0.10198205709457397
9319,173,0.1233908012509346
9320,173,0.10264472663402557
9321,174,0.1079028993844986
9322,174,0.034860264509916306
9323,174,0.09903258085250854
9324,174,0.2777184247970581
9325,174,0.03643712401390076
9326,174,0.2290019541978836
9327,174,0.10656566917896271
9328,174,0.16107448935508728
9329,174,0.08663669973611832
9330,174,0.10840897262096405
9331,174,0.20721018314361572
9332,174,0.14152854681015015
9333,174,0.037233106791973114
9334,174,0.038725998252630234
9335,174,0.04932456091046333
9336,174,0.03628211095929146
9337,174,0.09860633313655853
9338,174,0.10388866066932678
9339,174,0.16963548958301544
9340,174,0.11836367845535278
9341,174,0.11142891645431519
9342,174,0.14437909424304962
9343,174,0.09950590133666992
9344,174,0.032511573284864426
9345,174,0.25117453932762146
9346,174,0.03853292018175125
9347,174,0.12417641282081604
9348,174,0.09038104116916656
9349,175,0.1754039227962494
9350,175,0.04705215245485306
9351,175,0.09753111004829407
9352,175,0.08861704915761948
9353,175,0.09232866764068604
9354,175,0.05735151469707489
9355,175,0.07019232213497162
9356,175,0.10543468594551086
9357,175,0.11736544966697693
9358,175,0.09987860172986984
9359,175,0.11312386393547058
9360,175,0.1380077749490738
9361,175,0.18482784926891327
9362,175,0.24151724576950073
9363,175,0.05500990152359009
9364,175,0.08175347745418549
9365,175,0.06287664920091629
9366,175,0.04675319418311119
9367,175,0.040084175765514374
9368,175,0.03560301661491394
9369,175,0.0953584760427475
9370,175,0.16172923147678375
9371,175,0.030975762754678726
9372,175,0.09746041148900986
9373,175,0.1500146985054016
9374,175,0.051061227917671204
9375,175,0.05686718970537186
9376,175,0.2241099625825882
9377,175,0.2658121585845947
9378,175,0.03343329206109047
9379,175,0.13549242913722992
9380,175,0.1916482299566269
9381,175,0.18522214889526367
9382,175,0.13917863368988037
9383,175,0.17032501101493835
9384,175,0.07244107127189636
9385,175,0.05793747305870056
9386,175,0.0473301075398922
9387,175,0.05071354657411575
9388,175,0.03846689686179161
9389,175,0.03390591964125633
9390,175,0.04797510802745819
9391,175,0.03913302347064018
9392,175,0.0982547327876091
9393,175,0.03926479071378708
9394,175,0.06744030117988586
9395,175,0.03670012950897217
9396,175,0.17248165607452393
9397,175,0.10036846995353699
9398,176,0.09745272248983383
9399,176,0.08383005112409592
9400,176,0.03872115910053253
9401,176,0.0801641196012497
9402,176,0.10051891207695007
9403,176,0.236013263463974
9404,176,0.02981499768793583
9405,176,0.024157322943210602
9406,176,0.07119402289390564
9407,176,0.03691929951310158
9408,176,0.1146465614438057
9409,176,0.0646391436457634
9410,176,0.053060486912727356
9411,176,0.03999786078929901
9412,176,0.034887876361608505
9413,176,0.09283505380153656
9414,176,0.03776038438081741
9415,176,0.02794799581170082
9416,176,0.16682054102420807
9417,176,0.027957532554864883
9418,176,0.03158827871084213
9419,176,0.06971657276153564
9420,176,0.036910779774188995
9421,176,0.026302576065063477
9422,176,0.11626683920621872
9423,176,0.02971414290368557
9424,176,0.0762133076786995
9425,176,0.042358577251434326
9426,176,0.1287183165550232
9427,176,0.12782128155231476
9428,176,0.1623770296573639
9429,176,0.16109822690486908
9430,176,0.04591619595885277
9431,177,0.044364187866449356
9432,177,0.10807550698518753
9433,177,0.1639050394296646
9434,177,0.03655382618308067
9435,177,0.09360846132040024
9436,177,0.10341367870569229
9437,177,0.0978105217218399
9438,177,0.03493542596697807
9439,177,0.03392110764980316
9440,177,0.039059266448020935
9441,177,0.13427314162254333
9442,177,0.16072382032871246
9443,177,0.140019491314888
9444,177,0.03719322383403778
9445,177,0.21230867505073547
9446,177,0.10975053161382675
9447,177,0.04438299313187599
9448,177,0.03930559381842613
9449,177,0.1467437744140625
9450,178,0.1468542516231537
9451,178,0.0778348445892334
9452,178,0.10773035138845444
9453,178,0.09809160232543945
9454,178,0.22706183791160583
9455,178,0.04503021016716957
9456,178,0.15361478924751282
9457,178,0.09022783488035202
9458,178,0.10131774842739105
9459,178,0.0376238077878952
9460,178,0.10666634887456894
9461,178,0.07265052199363708
9462,178,0.13844218850135803
9463,178,0.03760232776403427
9464,178,0.10229653120040894
9465,178,0.17142494022846222
9466,178,0.05700846388936043
9467,178,0.15755176544189453
9468,178,0.03899248689413071
9469,178,0.04902685806155205
9470,178,0.036001332104206085
9471,178,0.03835587203502655
9472,178,0.10043405741453171
9473,179,0.03196088597178459
9474,179,0.10686991363763809
9475,179,0.10711086541414261
9476,179,0.029016489163041115
9477,179,0.09344629943370819
9478,179,0.02700997143983841
9479,179,0.11329849809408188
9480,179,0.10581794381141663
9481,179,0.026639198884367943
9482,179,0.09359127283096313
9483,179,0.03612459450960159
9484,180,0.26812076568603516
9485,180,0.031913600862026215
9486,180,0.0938061848282814
9487,180,0.21168753504753113
9488,180,0.10172988474369049
9489,180,0.09084773808717728
9490,180,0.10010512173175812
9491,180,0.03327091038227081
9492,180,0.1615031510591507
9493,180,0.15660296380519867
9494,180,0.09110867232084274
9495,180,0.08691388368606567
9496,180,0.11124897748231888
9497,180,0.06648574769496918
9498,181,0.11344772577285767
9499,181,0.11838725209236145
9500,181,0.09084326028823853
9501,181,0.14717118442058563
9502,181,0.04348075017333031
9503,181,0.03899996727705002
9504,181,0.04377562925219536
9505,181,0.11862649768590927
9506,181,0.05012089014053345
9507,181,0.16627740859985352
9508,181,0.20699754357337952
9509,181,0.10080810636281967
9510,181,0.07901426404714584
9511,181,0.05751980096101761
9512,181,0.17945319414138794
9513,181,0.1416148841381073
9514,181,0.12447425723075867
9515,181,0.108864925801754
9516,181,0.025119829922914505
9517,181,0.11808140575885773
9518,181,0.07528524845838547
9519,181,0.03910302370786667
9520,181,0.09429451078176498
9521,181,0.1515509933233261
9522,181,0.10714545845985413
9523,181,0.04125379025936127
9524,182,0.04443303868174553
9525,182,0.11336605250835419
9526,182,0.22253413498401642
9527,182,0.1025802344083786
9528,182,0.039533451199531555
9529,182,0.020801231265068054
9530,182,0.07896019518375397
9531,182,0.1047135442495346
9532,182,0.09478167444467545
9533,182,0.15833550691604614
9534,183,0.04014783352613449
9535,183,0.03243079036474228
9536,183,0.10852721333503723
9537,183,0.04113135114312172
9538,183,0.1203954890370369
9539,183,0.2130228728055954
9540,183,0.25294679403305054
9541,183,0.07215949892997742
9542,183,0.04548848047852516
9543,183,0.09041262418031693
9544,183,0.07903040945529938
9545,183,0.15549418330192566
9546,183,0.12398794293403625
9547,184,0.026786383241415024
9548,184,0.11151918768882751
9549,184,0.04579377546906471
9550,184,0.13548095524311066
9551,184,0.13549697399139404
9552,184,0.11437276005744934
9553,184,0.09802548587322235
9554,184,0.16603371500968933
9555,184,0.09389255195856094
9556,184,0.10159353166818619
9557,184,0.038360387086868286
9558,184,0.19633489847183228
9559,184,0.039079271256923676
9560,184,0.0996490865945816
9561,184,0.2819889783859253
9562,184,0.045221321284770966
9563,184,0.11141007393598557
9564,185,0.04923873394727707
9565,185,0.156167134642601
9566,185,0.16253772377967834
9567,185,0.08957025408744812
9568,185,0.04029042646288872
9569,185,0.034820497035980225
9570,185,0.04563143104314804
9571,185,0.07437636703252792
9572,186,0.0880013257265091
9573,186,0.09145214408636093
9574,186,0.10570556670427322
9575,186,0.13083475828170776
9576,186,0.1191905066370964
9577,186,0.18165433406829834
9578,186,0.1182548850774765
9579,186,0.03290552645921707
9580,186,0.029019217938184738
9581,186,0.11219660937786102
9582,186,0.0927949845790863
9583,186,0.05171702802181244
9584,186,0.17537173628807068
9585,186,0.040248770266771317
9586,186,0.10696804523468018
9587,186,0.04236830398440361
9588,186,0.03667496517300606
9589,186,0.17405015230178833
9590,187,0.1052718535065651
9591,187,0.10770625621080399
9592,187,0.16026069223880768
9593,187,0.10440173000097275
9594,187,0.28677910566329956
9595,187,0.04124458134174347
9596,187,0.029998119920492172
9597,187,0.10120014101266861
9598,187,0.10502167046070099
9599,187,0.09140953421592712
9600,187,0.19182978570461273
9601,187,0.10584491491317749
9602,187,0.08794943988323212
9603,187,0.18298913538455963
9604,187,0.1845436841249466
9605,187,0.10498316586017609
9606,187,0.07990016043186188
9607,187,0.17365917563438416
9608,187,0.033313360065221786
9609,187,0.11342151463031769
9610,187,0.035818442702293396
9611,187,0.11210687458515167
9612,187,0.08945174515247345
9613,187,0.04051496461033821
9614,187,0.14345522224903107
9615,187,0.18514324724674225
9616,187,0.10095109790563583
9617,187,0.18518958985805511
9618,188,0.12093673646450043
9619,188,0.16782177984714508
9620,188,0.24191762506961823
9621,188,0.09756428748369217
9622,188,0.04750765115022659
9623,188,0.09760037064552307
9624,188,0.1542224884033203
9625,188,0.0771482065320015
9626,188,0.028926502913236618
9627,188,0.1902683973312378
9628,188,0.03406914696097374
9629,188,0.06494222581386566
9630,188,0.04917709529399872
9631,188,0.08587304502725601
9632,188,0.08007101714611053
9633,188,0.03882428631186485
9634,188,0.02708996832370758
9635,188,0.10451454669237137
9636,188,0.12083828449249268
9637,188,0.1103663444519043
9638,188,0.19650529325008392
9639,188,0.035215191543102264
9640,188,0.11548283696174622
9641,188,0.1785513460636139
9642,188,0.12899109721183777
9643,188,0.030293619260191917
9644,188,0.03526362031698227
9645,188,0.11584481596946716
9646,188,0.032748788595199585
9647,188,0.04449595510959625
9648,188,0.11292184889316559
9649,188,0.040984150022268295
9650,188,0.04709604009985924
9651,188,0.04713239520788193
9652,188,0.09322068095207214
9653,188,0.042922310531139374
9654,188,0.1032649427652359
9655,188,0.11831537634134293
9656,188,0.2000044286251068
9657,189,0.10753293335437775
9658,189,0.09561334550380707
9659,189,0.14510270953178406
9660,189,0.03434963524341583
9661,189,0.1855328530073166
9662,189,0.10019101202487946
9663,189,0.11830373853445053
9664,189,0.11054349690675735
9665,189,0.02950054034590721
9666,189,0.10500110685825348
9667,190,0.10231290757656097
9668,190,0.022923961281776428
9669,190,0.16448266804218292
9670,190,0.17440226674079895
9671,190,0.0823247879743576
9672,190,0.1481516808271408
9673,190,0.03764449432492256
9674,190,0.1844494342803955
9675,190,0.02929069846868515
9676,190,0.22690065205097198
9677,190,0.14599382877349854
9678,190,0.045576684176921844
9679,191,0.08266263455152512
9680,191,0.1413767784833908
9681,191,0.13374781608581543
9682,191,0.04600870981812477
9683,191,0.043162498623132706
9684,191,0.15324562788009644
9685,191,0.15609821677207947
9686,191,0.1813150942325592
9687,191,0.03379273787140846
9688,191,0.17948681116104126
9689,191,0.1600549966096878
9690,191,0.08070014417171478
9691,191,0.04036606848239899
9692,191,0.15859061479568481
9693,191,0.04645166173577309
9694,191,0.15555627644062042
9695,191,0.13655778765678406
9696,191,0.04238733649253845
9697,191,0.1624099612236023
9698,191,0.11111578345298767
9699,191,0.20747527480125427
9700,191,0.15543809533119202
9701,191,0.2604423761367798
9702,192,0.09816901385784149
9703,192,0.12034308910369873
9704,192,0.12587915360927582
9705,192,0.10983744263648987
9706,192,0.04255615174770355
9707,192,0.11454114317893982
9708,192,0.1053997054696083
9709,192,0.0729202926158905
9710,192,0.03653574734926224
9711,192,0.11913895606994629
9712,192,0.04273776337504387
9713,192,0.05503217875957489
9714,192,0.09835398197174072
9715,192,0.11003725230693817
9716,192,0.03695671632885933
9717,192,0.21783006191253662
9718,192,0.1802617758512497
9719,192,0.0378757081925869
9720,192,0.04164918512105942
9721,192,0.04270718991756439
9722,192,0.03087112307548523
9723,192,0.05827924236655235
9724,192,0.10934851318597794
9725,192,0.22788085043430328
9726,192,0.12793387472629547
9727,192,0.08365999162197113
9728,192,0.13622577488422394
9729,192,0.2123117595911026
9730,192,0.19970516860485077
9731,192,0.1777144819498062
9732,192,0.032766975462436676
9733,192,0.11435937136411667
9734,192,0.08797089010477066
9735,192,0.1890675276517868
9736,192,0.14192675054073334
9737,192,0.09233622997999191
9738,192,0.10620122402906418
9739,192,0.035138972103595734
9740,192,0.30921298265457153
9741,192,0.10664184391498566
9742,192,0.05153098329901695
9743,192,0.04370398446917534
9744,192,0.04042045772075653
9745,192,0.044919490814208984
9746,193,0.03309250995516777
9747,193,0.10864483565092087
9748,193,0.18180754780769348
9749,193,0.2399740070104599
9750,193,0.029402252286672592
9751,193,0.09662383794784546
9752,193,0.052353955805301666
9753,193,0.0652257576584816
9754,194,0.10484755039215088
9755,194,0.1423298716545105
9756,194,0.10109056532382965
9757,194,0.1677551567554474
9758,194,0.03648246079683304
9759,194,0.13932208716869354
9760,194,0.1306706666946411
9761,194,0.11504436284303665
9762,194,0.1007423847913742
9763,194,0.03362298384308815
9764,194,0.17690317332744598
9765,194,0.03594415634870529
9766,194,0.11726230382919312
9767,194,0.022371254861354828
9768,194,0.04220546782016754
9769,194,0.09036083519458771
9770,194,0.11647676676511765
9771,194,0.18401671946048737
9772,194,0.14190170168876648
9773,194,0.17547643184661865
9774,194,0.08462177217006683
9775,194,0.1876451075077057
9776,194,0.09902042895555496
9777,194,0.10170720517635345
9778,194,0.10613751411437988
9779,195,0.09684567898511887
9780,195,0.11341676861047745
9781,195,0.09254124015569687
9782,195,0.028089703992009163
9783,195,0.17688657343387604
9784,195,0.13681916892528534
9785,195,0.16364356875419617
9786,195,0.1108616441488266
9787,196,0.12028953433036804
9788,196,0.1761719286441803
9789,196,0.10642917454242706
9790,196,0.1149204671382904
9791,196,0.03142698481678963
9792,196,0.15250766277313232
9793,196,0.20706993341445923
9794,196,0.14154870808124542
9795,196,0.09913326799869537
9796,196,0.043132491409778595
9797,196,0.1140025183558464
9798,196,0.09430083632469177
9799,197,0.11834405362606049
9800,197,0.042473386973142624
9801,197,0.03162023797631264
9802,197,0.03322228789329529
9803,197,0.17714625597000122
9804,197,0.17216184735298157
9805,197,0.03186080604791641
9806,197,0.04891115799546242
9807,197,0.15579143166542053
9808,197,0.10356324166059494
9809,197,0.02391442097723484
9810,197,0.09692686051130295
9811,197,0.1596372425556183
9812,197,0.08983220160007477
9813,197,0.22120893001556396
9814,197,0.09913912415504456
9815,197,0.04612584784626961
9816,197,0.21783733367919922
9817,197,0.054856572300195694
9818,197,0.1075638085603714
9819,197,0.1995532363653183
9820,197,0.09142421185970306
9821,197,0.0979432612657547
9822,198,0.17757761478424072
9823,198,0.035997502505779266
9824,198,0.107988141477108
9825,198,0.09885331243276596
9826,198,0.15934519469738007
9827,198,0.15757031738758087
9828,198,0.05620896443724632
9829,198,0.24506261944770813
9830,198,0.14616498351097107
9831,198,0.16795644164085388
9832,198,0.3291211426258087
9833,198,0.03691360354423523
9834,198,0.03013794869184494
9835,198,0.18514384329319
9836,198,0.11773961782455444
9837,198,0.17145955562591553
9838,198,0.09922739863395691
9839,198,0.06538611650466919
9840,199,0.16918160021305084
9841,199,0.02834201231598854
9842,199,0.05056330934166908
9843,199,0.18362057209014893
9844,199,0.21335150301456451
9845,199,0.1797666698694229
9846,199,0.04270759969949722
9847,199,0.19479626417160034
9848,199,0.09194030612707138
9849,199,0.26045164465904236
9850,199,0.22259336709976196
9851,199,0.05573684349656105
9852,199,0.09756983071565628
9853,199,0.09041251242160797
9854,199,0.10545483231544495
9855,199,0.14880187809467316
9856,199,0.04332026094198227
9857,199,0.09071078151464462
9858,200,0.1161729246377945
9859,200,0.028739191591739655
9860,200,0.09074415266513824
9861,200,0.03524566441774368
9862,200,0.16551686823368073
9863,200,0.10456178337335587
9864,200,0.09789051860570908
9865,200,0.34929314255714417
9866,200,0.18203918635845184
9867,200,0.04211241751909256
9868,200,0.033993467688560486
9869,200,0.03264913335442543
9870,200,0.29975318908691406
9871,200,0.21745355427265167
9872,200,0.16707511246204376
9873,200,0.1588362455368042
9874,200,0.026244262233376503
9875,200,0.11983568966388702
9876,200,0.2661413252353668
9877,200,0.04399342089891434
9878,201,0.17526875436306
9879,201,0.08767817914485931
9880,201,0.15996165573596954
9881,201,0.09065575897693634
9882,201,0.04732020944356918
9883,201,0.10642354190349579
9884,201,0.0897468626499176
9885,201,0.10401532053947449
9886,201,0.29258784651756287
9887,201,0.095879927277565
9888,201,0.03038560412824154
9889,201,0.023870985954999924
9890,201,0.046536244451999664
9891,201,0.051409900188446045
9892,201,0.14765487611293793
9893,201,0.09588683396577835
9894,201,0.08759015053510666
9895,201,0.030630305409431458
9896,201,0.13876712322235107
9897,201,0.03908534720540047
9898,201,0.18783044815063477
9899,201,0.02152676321566105
9900,201,0.16315914690494537
9901,201,0.0934763178229332
9902,202,0.07535173743963242
9903,202,0.047368187457323074
9904,202,0.1996074616909027
9905,202,0.10669712722301483
9906,202,0.09560869634151459
9907,202,0.16798244416713715
9908,202,0.037046533077955246
9909,202,0.02393288165330887
9910,202,0.17674070596694946
9911,202,0.030148141086101532
9912,202,0.25053009390830994
9913,202,0.03484361618757248
9914,202,0.09198581427335739
9915,202,0.1550355851650238
9916,202,0.20238757133483887
9917,202,0.03926539048552513
9918,202,0.03946968913078308
9919,202,0.2392372190952301
9920,202,0.09460717439651489
9921,202,0.08557242900133133
9922,202,0.13862179219722748
9923,202,0.026562880724668503
9924,202,0.08520445972681046
9925,202,0.07868631184101105
9926,202,0.027791494503617287
9927,202,0.09158235043287277
9928,202,0.03924411162734032
9929,202,0.10494360327720642
9930,202,0.10559899359941483
9931,202,0.028862128034234047
9932,202,0.08516734093427658
9933,202,0.03718094900250435
9934,202,0.03815522417426109
9935,203,0.11870662122964859
9936,203,0.026214610785245895
9937,203,0.36708468198776245
9938,203,0.0925651416182518
9939,203,0.09315592795610428
9940,203,0.02622419223189354
9941,203,0.23702795803546906
9942,203,0.03381212055683136
9943,203,0.0853419154882431
9944,203,0.25854790210723877
9945,203,0.11496838927268982
9946,203,0.025777608156204224
9947,203,0.09115192294120789
9948,204,0.09588247537612915
9949,204,0.07619137316942215
9950,204,0.10364546626806259
9951,204,0.1713600903749466
9952,204,0.14945794641971588
9953,204,0.19455689191818237
9954,204,0.08231277763843536
9955,204,0.16946358978748322
9956,204,0.09187866747379303
9957,204,0.1129709780216217
9958,204,0.09748391807079315
9959,204,0.10105207562446594
9960,204,0.1190323755145073
9961,204,0.09711219370365143
9962,204,0.04885295033454895
9963,204,0.13924632966518402
9964,204,0.24539178609848022
9965,204,0.09427227824926376
9966,204,0.03706952929496765
9967,204,0.10093659162521362
9968,205,0.18467633426189423
9969,205,0.15733392536640167
9970,205,0.17970232665538788
9971,205,0.025224555283784866
9972,205,0.10713090002536774
9973,205,0.23376686871051788
9974,205,0.05480498820543289
9975,205,0.10244268923997879
9976,205,0.10078935325145721
9977,205,0.12100713700056076
9978,205,0.09890621155500412
9979,205,0.09398932754993439
9980,205,0.09666315466165543
9981,205,0.038197483867406845
9982,205,0.085161492228508
9983,205,0.1447572112083435
9984,205,0.09801346063613892
9985,205,0.09186187386512756
9986,205,0.06889825314283371
9987,205,0.18994881212711334
9988,206,0.27221763134002686
9989,206,0.09500694274902344
9990,206,0.028164926916360855
9991,206,0.09076967090368271
9992,206,0.12026442587375641
9993,206,0.03316818177700043
9994,206,0.04198247194290161
9995,206,0.12319637835025787
9996,206,0.03225038945674896
9997,206,0.1476728916168213
9998,206,0.1486484557390213
9999,206,0.23122501373291016
10000,206,0.16365693509578705
10001,206,0.2796918749809265
10002,206,0.03874750807881355
10003,206,0.1895630955696106
10004,207,0.2229977697134018
10005,207,0.04797377064824104
10006,207,0.18692006170749664
10007,207,0.11044324189424515
10008,207,0.0897054448723793
10009,207,0.17032775282859802
10010,207,0.17899318039417267
10011,207,0.06309071183204651
10012,207,0.0776938647031784
10013,207,0.0341593399643898
10014,207,0.09816453605890274
10015,207,0.16399776935577393
10016,207,0.04965239018201828
10017,207,0.3359910547733307
10018,207,0.20687377452850342
10019,207,0.028224289417266846
10020,207,0.14422842860221863
10021,207,0.08828481286764145
10022,207,0.04526824876666069
10023,207,0.1682906299829483
10024,207,0.05598756670951843
10025,207,0.11480662971735
10026,208,0.04406992346048355
10027,208,0.11126584559679031
10028,208,0.1003410592675209
10029,208,0.11105085909366608
10030,208,0.2660978436470032
10031,208,0.028175225481390953
10032,208,0.1424834132194519
10033,208,0.09203750640153885
10034,208,0.02863801270723343
10035,208,0.11109897494316101
10036,208,0.0291134025901556
10037,208,0.2530023753643036
10038,208,0.20183297991752625
10039,208,0.04481128230690956
10040,208,0.047659676522016525
10041,208,0.04411140829324722
10042,208,0.08830483257770538
10043,208,0.12724758684635162
10044,208,0.08510316163301468
10045,208,0.1070055291056633
10046,208,0.16991671919822693
10047,208,0.21487513184547424
10048,208,0.11692939698696136
10049,208,0.16689185798168182
10050,208,0.16814328730106354
10051,208,0.1424316167831421
10052,208,0.17959223687648773
10053,208,0.11189858615398407
10054,209,0.10680786520242691
10055,209,0.11828002333641052
10056,209,0.21114139258861542
10057,209,0.03705114126205444
10058,209,0.10398906469345093
10059,209,0.17643466591835022
10060,209,0.08718203008174896
10061,209,0.03892774134874344
10062,209,0.03876500576734543
10063,209,0.10217110812664032
10064,210,0.19355826079845428
10065,210,0.1176193505525589
10066,210,0.18877965211868286
10067,210,0.02620484121143818
10068,210,0.055904269218444824
10069,210,0.02688133716583252
10070,210,0.165184885263443
10071,210,0.157488614320755
10072,210,0.1824977695941925
10073,210,0.08259720355272293
10074,210,0.03772323578596115
10075,210,0.10333522409200668
10076,210,0.08988317847251892
10077,210,0.04596840962767601
10078,211,0.17458046972751617
10079,211,0.1773267388343811
10080,211,0.17957161366939545
10081,211,0.1220182254910469
10082,211,0.19974540174007416
10083,211,0.029840650036931038
10084,211,0.04113074764609337
10085,211,0.030046945437788963
10086,211,0.22352564334869385
10087,211,0.1655142605304718
10088,211,0.18602150678634644
10089,211,0.2255147248506546
10090,211,0.20871292054653168
10091,211,0.04365048557519913
10092,211,0.10278145968914032
10093,211,0.18956151604652405
10094,211,0.14523136615753174
10095,211,0.15401196479797363
10096,211,0.22253987193107605
10097,211,0.04067179188132286
10098,211,0.09613709896802902
10099,211,0.17177078127861023
10100,212,0.11595959961414337
10101,212,0.08575277775526047
10102,212,0.02445732243359089
10103,212,0.22695469856262207
10104,212,0.05046387389302254
10105,212,0.08876388520002365
10106,212,0.11268839240074158
10107,212,0.038341034203767776
10108,212,0.32871755957603455
10109,212,0.19049113988876343
10110,212,0.14626608788967133
10111,213,0.08849668502807617
10112,213,0.03693622350692749
10113,213,0.23971439898014069
10114,213,0.028712935745716095
10115,213,0.03631436452269554
10116,213,0.03486263006925583
10117,213,0.1697026491165161
10118,213,0.09743247926235199
10119,213,0.09454716742038727
10120,213,0.16727139055728912
10121,213,0.09707880020141602
10122,213,0.1104825958609581
10123,213,0.03229616582393646
10124,213,0.03568032383918762
10125,213,0.02914896234869957
10126,213,0.03621089458465576
10127,213,0.12159191071987152
10128,213,0.1721113920211792
10129,213,0.04527187719941139
10130,213,0.0393545962870121
10131,213,0.03405461087822914
10132,214,0.08291275054216385
10133,214,0.14850948750972748
10134,214,0.05507144331932068
10135,214,0.09042886644601822
10136,214,0.026675641536712646
10137,214,0.11060751974582672
10138,214,0.08008760213851929
10139,214,0.06515108793973923
10140,214,0.09396586567163467
10141,214,0.03136851266026497
10142,214,0.025770340114831924
10143,214,0.03794374689459801
10144,214,0.14669263362884521
10145,214,0.2749556303024292
10146,214,0.024359341710805893
10147,214,0.16127708554267883
10148,214,0.04204164072871208
10149,214,0.10264436155557632
10150,214,0.0974862277507782
10151,214,0.26538577675819397
10152,214,0.18392227590084076
10153,215,0.10799375921487808
10154,215,0.17480209469795227
10155,215,0.037144627422094345
10156,215,0.08994840085506439
10157,215,0.2506752014160156
10158,215,0.10613498091697693
10159,215,0.0391649454832077
10160,215,0.11304090917110443
10161,215,0.2951200604438782
10162,215,0.09023822098970413
10163,215,0.04973379522562027
10164,215,0.04882600158452988
10165,215,0.023504436016082764
10166,215,0.045034416019916534
10167,215,0.03048531711101532
10168,215,0.03757283464074135
10169,215,0.0333537831902504
10170,216,0.10893406718969345
10171,216,0.03077979013323784
10172,216,0.037885162979364395
10173,216,0.23020920157432556
10174,216,0.12800750136375427
10175,216,0.09780623763799667
10176,216,0.09937360137701035
10177,216,0.07841338962316513
10178,216,0.04187805578112602
10179,216,0.17646737396717072
10180,216,0.4736253023147583
10181,216,0.16508124768733978
10182,216,0.1328677237033844
10183,216,0.03274520859122276
10184,216,0.2408829629421234
10185,217,0.0275153499096632
10186,217,0.10538594424724579
10187,217,0.16738811135292053
10188,217,0.09691310673952103
10189,217,0.16843560338020325
10190,217,0.02776389941573143
10191,217,0.08490557968616486
10192,217,0.17352080345153809
10193,217,0.17632067203521729
10194,217,0.04767294600605965
10195,217,0.09164643287658691
10196,217,0.04186442121863365
10197,217,0.10628488659858704
10198,217,0.04048740863800049
10199,217,0.1666567474603653
10200,217,0.31227388978004456
10201,218,0.1097496747970581
10202,218,0.17285850644111633
10203,218,0.2599186301231384
10204,218,0.03068789653480053
10205,218,0.1922830194234848
10206,218,0.09774181246757507
10207,218,0.10087749361991882
10208,218,0.04041062667965889
10209,218,0.07709378749132156
10210,218,0.10082285106182098
10211,218,0.034210205078125
10212,218,0.10622409731149673
10213,218,0.11716150492429733
10214,218,0.19787093997001648
10215,218,0.08445364236831665
10216,218,0.10080315917730331
10217,218,0.08014371991157532
10218,218,0.17382821440696716
10219,218,0.10690963268280029
10220,218,0.037770435214042664
10221,218,0.3875197172164917
10222,218,0.10551893711090088
10223,218,0.16507063806056976
10224,218,0.15534351766109467
10225,218,0.12906749546527863
10226,218,0.034873854368925095
10227,218,0.08516806364059448
10228,218,0.16744934022426605
10229,218,0.2604159116744995
10230,219,0.1339234858751297
10231,219,0.05574781820178032
10232,219,0.09438521414995193
10233,219,0.04148433357477188
10234,219,0.09595504403114319
10235,219,0.03457256406545639
10236,219,0.052516598254442215
10237,219,0.04689989984035492
10238,219,0.20999889075756073
10239,219,0.11141882091760635
10240,219,0.09463624656200409
10241,219,0.04459921643137932
10242,219,0.2024286538362503
10243,219,0.08883056789636612
10244,219,0.03353322669863701
10245,220,0.19945655763149261
10246,220,0.1018277108669281
10247,220,0.044217582792043686
10248,220,0.1105121523141861
10249,220,0.15000882744789124
10250,220,0.11459974199533463
10251,220,0.2684788107872009
10252,220,0.11071112751960754
10253,220,0.19286343455314636
10254,220,0.19075049459934235
10255,220,0.2052449882030487
10256,220,0.039672333747148514
10257,220,0.037994254380464554
10258,220,0.10149397701025009
10259,220,0.11510501801967621
10260,220,0.10840265452861786
10261,220,0.05336831510066986
10262,220,0.10686231404542923
10263,220,0.3886435329914093
10264,220,0.17262104153633118
10265,220,0.09653223305940628
10266,220,0.07620366662740707
10267,220,0.18171334266662598
10268,220,0.04573352634906769
10269,220,0.04558015614748001
10270,220,0.1560821384191513
10271,221,0.0810140073299408
10272,221,0.09144698083400726
10273,221,0.1652795523405075
10274,221,0.3135532736778259
10275,221,0.2568727135658264
10276,221,0.1154111698269844
10277,221,0.20199541747570038
10278,221,0.18765409290790558
10279,221,0.1823464035987854
10280,221,0.04008106514811516
10281,221,0.1894618421792984
10282,221,0.24756799638271332
10283,221,0.24778813123703003
10284,221,0.1453198939561844
10285,221,0.09335178136825562
10286,221,0.2307191789150238
10287,221,0.10068576037883759
10288,221,0.03568941354751587
10289,221,0.19045498967170715
10290,221,0.03607086464762688
10291,221,0.22041650116443634
10292,221,0.09860993176698685
10293,221,0.032320793718099594
10294,221,0.38327109813690186
10295,221,0.08838509023189545
10296,221,0.10083195567131042
10297,221,0.09153882414102554
10298,221,0.03042258881032467
10299,221,0.04093585163354874
10300,221,0.03717708960175514
10301,221,0.15646933019161224
10302,222,0.11336173862218857
10303,222,0.02859441563487053
10304,222,0.04277671128511429
10305,222,0.03361882269382477
10306,222,0.03483565151691437
10307,222,0.0510595440864563
10308,222,0.31349679827690125
10309,222,0.17195358872413635
10310,222,0.09031367301940918
10311,222,0.11508485674858093
10312,222,0.1252003014087677
10313,222,0.042707618325948715
10314,222,0.11050225794315338
10315,222,0.10061760991811752
10316,223,0.12219694256782532
10317,223,0.18543563783168793
10318,223,0.023930637165904045
10319,223,0.04050576686859131
10320,223,0.21254532039165497
10321,223,0.2557254731655121
10322,223,0.10340678691864014
10323,223,0.2784581780433655
10324,223,0.051325730979442596
10325,223,0.04143844544887543
10326,223,0.03254363685846329
10327,223,0.18700581789016724
10328,223,0.140923872590065
10329,223,0.2110569328069687
10330,223,0.11232807487249374
10331,223,0.11631748080253601
10332,223,0.09122888743877411
10333,224,0.24778345227241516
10334,224,0.04311458766460419
10335,224,0.09904616326093674
10336,224,0.32531607151031494
10337,224,0.19108715653419495
10338,224,0.11408497393131256
10339,224,0.30632391571998596
10340,224,0.11003702133893967
10341,224,0.03990834206342697
10342,224,0.039433155208826065
10343,224,0.10580182075500488
10344,224,0.09388982504606247
10345,224,0.04983554780483246
10346,224,0.10566902905702591
10347,224,0.10147092491388321
10348,224,0.11569033563137054
10349,224,0.03853518143296242
10350,224,0.10505685210227966
10351,224,0.03682287037372589
10352,224,0.18587850034236908
10353,224,0.06395362317562103
10354,225,0.0352858230471611
10355,225,0.19481658935546875
10356,225,0.11815550923347473
10357,225,0.18997056782245636
10358,225,0.11552760750055313
10359,225,0.11348916590213776
10360,225,0.229140505194664
10361,225,0.050167232751846313
10362,225,0.03441080451011658
10363,225,0.11155905574560165
10364,225,0.18734288215637207
10365,225,0.03659136965870857
10366,225,0.2513769865036011
10367,226,0.10005198419094086
10368,226,0.10272277146577835
10369,226,0.024542948231101036
10370,226,0.029777472838759422
10371,226,0.028284136205911636
10372,226,0.1298089474439621
10373,226,0.19883587956428528
10374,226,0.0674370601773262
10375,226,0.07915189117193222
10376,226,0.10570745915174484
10377,226,0.18671727180480957
10378,226,0.12060390412807465
10379,226,0.03320882096886635
10380,226,0.048477813601493835
10381,226,0.11760742962360382
10382,226,0.10034722089767456
10383,226,0.10006298869848251
10384,226,0.028360312804579735
10385,226,0.04772200435400009
10386,226,0.03227998688817024
10387,226,0.15225230157375336
10388,226,0.19807103276252747
10389,226,0.029590396210551262
10390,226,0.2508693337440491
10391,227,0.10135924071073532
10392,227,0.03292339667677879
10393,227,0.10294532030820847
10394,227,0.09725010395050049
10395,227,0.23296701908111572
10396,227,0.02805633284151554
10397,227,0.26466572284698486
10398,227,0.15365728735923767
10399,227,0.1253858506679535
10400,227,0.04724998027086258
10401,227,0.17469322681427002
10402,227,0.10960196703672409
10403,227,0.17649409174919128
10404,227,0.08862248063087463
10405,227,0.09115930646657944
10406,227,0.02753584459424019
10407,227,0.2168320119380951
10408,228,0.10902056097984314
10409,228,0.037919797003269196
10410,228,0.09640689194202423
10411,228,0.10841915011405945
10412,228,0.25772976875305176
10413,228,0.1611674278974533
10414,228,0.2813599407672882
10415,228,0.09826761484146118
10416,228,0.05029316991567612
10417,228,0.035127535462379456
10418,228,0.043170589953660965
10419,228,0.17525714635849
10420,228,0.029341690242290497
10421,229,0.028115324676036835
10422,229,0.08116337656974792
10423,229,0.18458622694015503
10424,229,0.11509101092815399
10425,229,0.031458575278520584
10426,229,0.11071484535932541
10427,229,0.05516281723976135
10428,229,0.04408654570579529
10429,229,0.11920043081045151
10430,229,0.11400378495454788
10431,229,0.10235332697629929
10432,229,0.18209612369537354
10433,229,0.04582652449607849
10434,229,0.1671586036682129
10435,229,0.1826346069574356
10436,229,0.03451605141162872
10437,229,0.16781435906887054
10438,229,0.23694656789302826
10439,229,0.24307940900325775
10440,229,0.09230832010507584
10441,229,0.17766577005386353
10442,229,0.11945537477731705
10443,229,0.10695526748895645
10444,229,0.17327499389648438
10445,229,0.29712826013565063
10446,229,0.10370196402072906
10447,229,0.22801752388477325
10448,229,0.03776154667139053
10449,229,0.11397267878055573
10450,229,0.10081884264945984
10451,229,0.045016005635261536
10452,229,0.09026734530925751
10453,229,0.10950183868408203
10454,229,0.035978320986032486
10455,229,0.03494292125105858
10456,229,0.21534721553325653
10457,229,0.11008374392986298
10458,229,0.03371242806315422
10459,229,0.0763743445277214
10460,229,0.1827373206615448
10461,229,0.18643493950366974
10462,229,0.23834756016731262
10463,229,0.22000885009765625
10464,229,0.3128131031990051
10465,229,0.043595779687166214
10466,229,0.08858587592840195
10467,229,0.08589304983615875
10468,230,0.03657706081867218
10469,230,0.09497513622045517
10470,230,0.18153350055217743
10471,230,0.2002844214439392
10472,230,0.04485529661178589
10473,230,0.10273715853691101
10474,230,0.09526500850915909
10475,230,0.20846126973628998
10476,230,0.11406880617141724
10477,230,0.10286424309015274
10478,230,0.035101644694805145
10479,231,0.19997847080230713
10480,231,0.10594012588262558
10481,231,0.02998506836593151
10482,231,0.10548047721385956
10483,231,0.23072019219398499
10484,231,0.028501149266958237
10485,231,0.04889608174562454
10486,231,0.15435978770256042
10487,231,0.15978752076625824
10488,231,0.04315238445997238
10489,231,0.18162646889686584
10490,231,0.04357774183154106
10491,231,0.10475042462348938
10492,231,0.033682215958833694
10493,231,0.01972261257469654
10494,231,0.1234612911939621
10495,231,0.16975893080234528
10496,231,0.0302384402602911
10497,231,0.15561257302761078
10498,231,0.1209239736199379
10499,231,0.14103707671165466
10500,232,0.11839888989925385
10501,232,0.065802663564682
10502,232,0.07143602520227432
10503,232,0.12358225882053375
10504,232,0.04157818481326103
10505,232,0.23207534849643707
10506,232,0.04340196028351784
10507,232,0.20709413290023804
10508,232,0.17076030373573303
10509,232,0.10063358396291733
10510,232,0.2439364492893219
10511,232,0.21096375584602356
10512,232,0.17671023309230804
10513,232,0.09907515347003937
10514,232,0.27084147930145264
10515,232,0.3552623391151428
10516,232,0.18619346618652344
10517,232,0.1062760204076767
10518,232,0.0485590398311615
10519,232,0.09138645231723785
10520,232,0.13603538274765015
10521,232,0.12329094856977463
10522,232,0.05087876692414284
10523,232,0.27595406770706177
10524,232,0.1793997883796692
10525,232,0.05192415043711662
10526,232,0.18396633863449097
10527,232,0.0425756499171257
10528,232,0.10560239851474762
10529,233,0.1377759575843811
10530,233,0.1479237824678421
10531,233,0.21716849505901337
10532,233,0.2661232054233551
10533,233,0.1046065166592598
10534,233,0.06421563029289246
10535,233,0.1000928282737732
10536,233,0.12965157628059387
10537,233,0.09864349663257599
10538,233,0.19316163659095764
10539,233,0.10982824116945267
10540,233,0.16400723159313202
10541,233,0.1720404326915741
10542,233,0.11483009159564972
10543,233,0.107648566365242
10544,233,0.20734047889709473
10545,233,0.035194192081689835
10546,233,0.06265933066606522
10547,233,0.0285123810172081
10548,233,0.15144290030002594
10549,233,0.15079674124717712
10550,233,0.12062893062829971
10551,233,0.03426925837993622
10552,233,0.15831230580806732
10553,233,0.17337292432785034
10554,233,0.024420594796538353
10555,233,0.18120674788951874
10556,233,0.10545890033245087
10557,233,0.04227566719055176
10558,233,0.09806147962808609
10559,233,0.032434988766908646
10560,233,0.19826143980026245
10561,233,0.03071778081357479
10562,234,0.1749221384525299
10563,234,0.11816953122615814
10564,234,0.23087121546268463
10565,234,0.39995068311691284
10566,234,0.24259322881698608
10567,234,0.09578686952590942
10568,234,0.11185770481824875
10569,234,0.1020950973033905
10570,234,0.05180342122912407
10571,234,0.13142313063144684
10572,234,0.03523395210504532
10573,234,0.3002428710460663
10574,234,0.18758738040924072
10575,234,0.1035202145576477
10576,234,0.035276640206575394
10577,234,0.03981209173798561
10578,234,0.2130633294582367
10579,234,0.022579876706004143
10580,234,0.04010026901960373
10581,234,0.17936551570892334
10582,235,0.10734697431325912
10583,235,0.2610543668270111
10584,235,0.1756240874528885
10585,235,0.2802692651748657
10586,235,0.09376588463783264
10587,235,0.12982478737831116
10588,235,0.03569617122411728
10589,235,0.12392746657133102
10590,236,0.21942342817783356
10591,236,0.09767713397741318
10592,236,0.03466743230819702
10593,236,0.12092754244804382
10594,236,0.048723455518484116
10595,236,0.11542168259620667
10596,236,0.26479142904281616
10597,236,0.032754991203546524
10598,236,0.033884380012750626
10599,236,0.1713998019695282
10600,236,0.037186697125434875
10601,236,0.10648437589406967
10602,236,0.20468595623970032
10603,236,0.21924176812171936
10604,236,0.12032344192266464
10605,236,0.10602126270532608
10606,236,0.17697620391845703
10607,236,0.10993800312280655
10608,236,0.05843966081738472
10609,236,0.33757755160331726
10610,236,0.03050990216434002
10611,236,0.027660779654979706
10612,236,0.12131885439157486
10613,236,0.16949498653411865
10614,236,0.1787000149488449
10615,236,0.14487393200397491
10616,236,0.2005307674407959
10617,236,0.057782113552093506
10618,236,0.16546723246574402
10619,237,0.034746114164590836
10620,237,0.08779870718717575
10621,237,0.17855694890022278
10622,237,0.20848709344863892
10623,237,0.027277875691652298
10624,237,0.02411087602376938
10625,237,0.19305409491062164
10626,237,0.0469139963388443
10627,237,0.15109892189502716
10628,237,0.09564637392759323
10629,237,0.17946560680866241
10630,237,0.18167394399642944
10631,237,0.15272651612758636
10632,237,0.17443636059761047
10633,237,0.11445559561252594
10634,237,0.18989738821983337
10635,237,0.08066283911466599
10636,237,0.10858310759067535
10637,237,0.16067659854888916
10638,237,0.3154762089252472
10639,237,0.03636708855628967
10640,237,0.1046205461025238
10641,237,0.044550638645887375
10642,237,0.03182220086455345
10643,237,0.11510735750198364
10644,237,0.032603658735752106
10645,237,0.19278860092163086
10646,237,0.0414496585726738
10647,237,0.03004402294754982
10648,237,0.09236954152584076
10649,237,0.18977975845336914
10650,237,0.26043179631233215
10651,238,0.08920048922300339
10652,238,0.029820803552865982
10653,238,0.09766315668821335
10654,238,0.10945591330528259
10655,238,0.09424369037151337
10656,238,0.20297282934188843
10657,238,0.237113356590271
10658,238,0.040560439229011536
10659,238,0.179929718375206
10660,238,0.10838254541158676
10661,238,0.11815333366394043
10662,238,0.09617110341787338
10663,238,0.1093732938170433
10664,238,0.08517913520336151
10665,238,0.38288408517837524
10666,238,0.13302528858184814
10667,238,0.15338827669620514
10668,238,0.11083634197711945
10669,238,0.1043141633272171
10670,238,0.18271902203559875
10671,238,0.04634688049554825
10672,238,0.0533643513917923
10673,238,0.20790021121501923
10674,238,0.2661530375480652
10675,238,0.08589113503694534
10676,238,0.03321433439850807
10677,239,0.2638886570930481
10678,239,0.2545710504055023
10679,239,0.042869582772254944
10680,239,0.04138287901878357
10681,239,0.24948295950889587
10682,239,0.17485050857067108
10683,239,0.10692105442285538
10684,239,0.2583821713924408
10685,239,0.22285710275173187
10686,239,0.0685662031173706
10687,240,0.04645835608243942
10688,240,0.0971333310008049
10689,240,0.028160519897937775
10690,240,0.13831014931201935
10691,240,0.21192587912082672
10692,240,0.10514966398477554
10693,240,0.036652348935604095
10694,240,0.12181104719638824
10695,240,0.254854679107666
10696,240,0.2900940179824829
10697,240,0.04033071920275688
10698,240,0.029593002051115036
10699,240,0.1826549917459488
10700,241,0.1770191788673401
10701,241,0.1847902089357376
10702,241,0.1698499619960785
10703,241,0.036098822951316833
10704,241,0.03442617133259773
10705,241,0.17449511587619781
10706,241,0.1674925684928894
10707,241,0.10858537256717682
10708,241,0.17777347564697266
10709,241,0.19956526160240173
10710,241,0.02911277674138546
10711,241,0.12087694555521011
10712,241,0.04524847865104675
10713,241,0.19322043657302856
10714,241,0.17041346430778503
10715,241,0.039036061614751816
10716,241,0.05815926566720009
10717,242,0.17630815505981445
10718,242,0.049948956817388535
10719,242,0.320491760969162
10720,242,0.1287226676940918
10721,242,0.03238007426261902
10722,242,0.1552279144525528
10723,242,0.17353026568889618
10724,242,0.10262396186590195
10725,242,0.1322295069694519
10726,242,0.10884201526641846
10727,242,0.17511901259422302
10728,242,0.09731507301330566
10729,242,0.26562440395355225
10730,242,0.04770961403846741
10731,242,0.03664141520857811
10732,243,0.10478861629962921
10733,243,0.1806698739528656
10734,243,0.16582933068275452
10735,243,0.2310974895954132
10736,243,0.36175018548965454
10737,243,0.2673615515232086
10738,243,0.040808238089084625
10739,243,0.261069118976593
10740,243,0.17871354520320892
10741,243,0.06115563213825226
10742,243,0.030978556722402573
10743,243,0.05147884786128998
10744,243,0.1075301468372345
10745,243,0.1956619918346405
10746,243,0.03182680159807205
10747,243,0.08818966895341873
10748,243,0.17872412502765656
10749,243,0.11214864253997803
10750,243,0.027538510039448738
10751,243,0.1243351623415947
10752,243,0.0346948467195034
10753,243,0.03894854336977005
10754,243,0.12752343714237213
10755,243,0.2112647444009781
10756,243,0.030424708500504494
10757,243,0.033411577343940735
10758,243,0.2043946087360382
10759,244,0.17306295037269592
10760,244,0.12180182337760925
10761,244,0.17520639300346375
10762,244,0.19093002378940582
10763,244,0.10729219764471054
10764,244,0.03409411758184433
10765,244,0.2777996063232422
10766,244,0.09355319291353226
10767,244,0.1679711788892746
10768,244,0.2443123459815979
10769,244,0.09883753210306168
10770,244,0.03571422025561333
10771,245,0.17856504023075104
10772,245,0.1881379336118698
10773,245,0.10493436455726624
10774,245,0.20332343876361847
10775,245,0.1023353785276413
10776,245,0.31458765268325806
10777,245,0.18166008591651917
10778,245,0.24641679227352142
10779,245,0.11506497859954834
10780,245,0.03299538791179657
10781,245,0.10014355182647705
10782,245,0.1912837028503418
10783,245,0.17055003345012665
10784,245,0.11520621925592422
10785,245,0.11447050422430038
10786,245,0.055628832429647446
10787,245,0.4533461332321167
10788,245,0.03830160200595856
10789,245,0.12178690731525421
10790,246,0.03787870705127716
10791,246,0.10793986171483994
10792,246,0.03211713954806328
10793,246,0.02108464017510414
10794,246,0.11481355875730515
10795,246,0.034542933106422424
10796,246,0.16500213742256165
10797,246,0.18158134818077087
10798,246,0.041186489164829254
10799,246,0.11462899297475815
10800,246,0.028628768399357796
10801,246,0.11665605008602142
10802,246,0.19817735254764557
10803,246,0.034349825233221054
10804,246,0.26220276951789856
10805,246,0.2288333624601364
10806,246,0.19103080034255981
10807,246,0.09789714962244034
10808,246,0.18525885045528412
10809,246,0.11126746237277985
10810,246,0.03258603811264038
10811,247,0.19467000663280487
10812,247,0.19423633813858032
10813,247,0.17648392915725708
10814,247,0.16068413853645325
10815,247,0.11385572701692581
10816,247,0.2691625952720642
10817,247,0.1505802422761917
10818,247,0.03713841736316681
10819,247,0.1235944852232933
10820,247,0.19475242495536804
10821,247,0.027068842202425003
10822,247,0.09841914474964142
10823,247,0.09826017916202545
10824,247,0.03242795541882515
10825,247,0.04393194243311882
10826,247,0.10143163800239563
10827,247,0.04910261556506157
10828,247,0.1854492574930191
10829,247,0.020549872890114784
10830,247,0.24708856642246246
10831,247,0.1120821014046669
10832,247,0.21559429168701172
10833,247,0.10228035598993301
10834,247,0.25507864356040955
10835,247,0.0424562431871891
10836,247,0.05213133245706558
10837,248,0.03793051838874817
10838,248,0.1120588630437851
10839,248,0.25239297747612
10840,248,0.17267292737960815
10841,248,0.11501277983188629
10842,248,0.1880166083574295
10843,248,0.15957482159137726
10844,248,0.10829590260982513
10845,248,0.03344341367483139
10846,248,0.16418880224227905
10847,248,0.10803932696580887
10848,248,0.12196303904056549
10849,248,0.28499868512153625
10850,249,0.29590702056884766
10851,249,0.06245322525501251
10852,249,0.1803559809923172
10853,249,0.1966857612133026
10854,249,0.1730707883834839
10855,249,0.09771370887756348
10856,249,0.18471352756023407
10857,249,0.2612491250038147
10858,249,0.03326699882745743
10859,249,0.45474761724472046
10860,249,0.10631340742111206
10861,249,0.124663345515728
10862,249,0.349443644285202
10863,249,0.11345846205949783
10864,249,0.18443654477596283
10865,249,0.3068654537200928
10866,249,0.12993551790714264
10867,249,0.0512412004172802
10868,249,0.1188020333647728
10869,249,0.3142161965370178
10870,249,0.3409920036792755
10871,249,0.2608821392059326
10872,249,0.024575818330049515
10873,249,0.04108957201242447
10874,249,0.039659533649683
10875,249,0.1291283518075943
10876,250,0.10477521270513535
10877,250,0.02826104685664177
10878,250,0.10257746279239655
10879,250,0.059807561337947845
10880,250,0.03737994283437729
10881,250,0.18076114356517792
10882,250,0.053158391267061234
10883,250,0.11812756210565567
10884,250,0.1859058141708374
10885,250,0.10495829582214355
10886,250,0.04405543953180313
10887,250,0.10922902077436447
10888,250,0.12088342756032944
10889,250,0.09516467154026031
10890,250,0.2042362093925476
10891,250,0.16240909695625305
10892,250,0.16785067319869995
10893,250,0.15568503737449646
10894,250,0.025540906935930252
10895,250,0.1235247254371643
10896,250,0.258794367313385
10897,250,0.11069633811712265
10898,250,0.17036114633083344
10899,250,0.04172845557332039
10900,250,0.18784946203231812
10901,250,0.14888152480125427
10902,250,0.1032746285200119
10903,250,0.03645668923854828
10904,251,0.18032072484493256
10905,251,0.024258006364107132
10906,251,0.18149453401565552
10907,251,0.04128725081682205
10908,251,0.08218777924776077
10909,251,0.19373713433742523
10910,251,0.10540090501308441
10911,251,0.09512507915496826
10912,251,0.17954619228839874
10913,251,0.12116721272468567
10914,251,0.25588956475257874
10915,251,0.15727394819259644
10916,251,0.03400421142578125
10917,251,0.1815555989742279
10918,251,0.12547053396701813
10919,251,0.10277190804481506
10920,251,0.12518613040447235
10921,251,0.48719918727874756
10922,252,0.10612703859806061
10923,252,0.12354567646980286
10924,252,0.18768776953220367
10925,252,0.11222134530544281
10926,252,0.26051822304725647
10927,252,0.11427920311689377
10928,252,0.10395017266273499
10929,252,0.13010317087173462
10930,252,0.17767548561096191
10931,252,0.03181296959519386
10932,252,0.024361232295632362
10933,252,0.034131065011024475
10934,252,0.1696004569530487
10935,252,0.2063741832971573
10936,252,0.042110614478588104
10937,252,0.1291036307811737
10938,252,0.04436120390892029
10939,252,0.1281599998474121
10940,252,0.07705339789390564
10941,252,0.17438708245754242
10942,252,0.0416969396173954
10943,252,0.17376837134361267
10944,253,0.1931048333644867
10945,253,0.18059056997299194
10946,253,0.2183917909860611
10947,253,0.033081620931625366
10948,253,0.03521677479147911
10949,253,0.2625647783279419
10950,253,0.10164839029312134
10951,253,0.11389309167861938
10952,253,0.1942681223154068
10953,253,0.1007380336523056
10954,253,0.24343201518058777
10955,253,0.09891708940267563
10956,253,0.05127792805433273
10957,253,0.09933315217494965
10958,253,0.10080718249082565
10959,253,0.19031988084316254
10960,253,0.09916366636753082
10961,253,0.19284969568252563
10962,253,0.04754825681447983
10963,253,0.09431290626525879
10964,253,0.24742990732192993
10965,253,0.10060808062553406
10966,253,0.16139066219329834
10967,253,0.14918260276317596
10968,253,0.025099899619817734
10969,254,0.03465497866272926
10970,254,0.10803721845149994
10971,254,0.11384955793619156
10972,254,0.10267847776412964
10973,254,0.18888404965400696
10974,254,0.11200261116027832
10975,254,0.09455307573080063
10976,254,0.13213883340358734
10977,254,0.18944881856441498
10978,254,0.1783766746520996
10979,254,0.028516005724668503
10980,254,0.10386058688163757
10981,254,0.04393855482339859
10982,254,0.15949717164039612
10983,254,0.11123532056808472
10984,255,0.04168850928544998
10985,255,0.1649809032678604
10986,255,0.025743672624230385
10987,255,0.24486684799194336
10988,255,0.17969147861003876
10989,255,0.17633160948753357
10990,255,0.09392240643501282
10991,255,0.04294838756322861
10992,255,0.025500483810901642
10993,255,0.24286068975925446
10994,255,0.11050024628639221
10995,255,0.10837434232234955
10996,255,0.037386003881692886
10997,255,0.03905177488923073
10998,255,0.04928963631391525
10999,255,0.022470524534583092
11000,255,0.19461070001125336
11001,255,0.03829517588019371
11002,255,0.13983237743377686
11003,255,0.03759334981441498
11004,255,0.03935195878148079
11005,255,0.11348750442266464
11006,255,0.11469648778438568
11007,255,0.21446593105793
11008,255,0.030351102352142334
11009,255,0.31306034326553345
11010,255,0.19790518283843994
11011,255,0.1890384703874588
11012,255,0.052599236369132996
11013,256,0.03922609984874725
11014,256,0.03132364898920059
11015,256,0.10781222581863403
11016,256,0.03867603838443756
11017,256,0.2028999924659729
11018,256,0.1891503483057022
11019,256,0.16662947833538055
11020,256,0.202262282371521
11021,257,0.11102167516946793
11022,257,0.03620339557528496
11023,257,0.18581146001815796
11024,257,0.13838878273963928
11025,257,0.17362450063228607
11026,257,0.09826014935970306
11027,257,0.03206391632556915
11028,257,0.17465971410274506
11029,257,0.20497840642929077
11030,257,0.03413122892379761
11031,257,0.32267773151397705
11032,257,0.117696113884449
11033,257,0.16859012842178345
11034,257,0.15124168992042542
11035,257,0.11468787491321564
11036,257,0.21485424041748047
11037,257,0.037383269518613815
11038,257,0.20925858616828918
11039,257,0.1540340930223465
11040,257,0.3294687867164612
11041,257,0.17191468179225922
11042,257,0.16044831275939941
11043,257,0.10332470387220383
11044,257,0.11730068922042847
11045,257,0.06796761602163315
11046,258,0.11732994019985199
11047,258,0.16920015215873718
11048,258,0.08948955684900284
11049,258,0.06479362398386002
11050,258,0.024288080632686615
11051,258,0.030024193227291107
11052,258,0.11783085763454437
11053,258,0.12019316852092743
11054,258,0.169184610247612
11055,258,0.030433988198637962
11056,258,0.03637057542800903
11057,258,0.24385395646095276
11058,258,0.13277944922447205
11059,258,0.03196907788515091
11060,258,0.17477035522460938
11061,258,0.09332843124866486
11062,258,0.1771542876958847
11063,258,0.13389800488948822
11064,258,0.16932569444179535
11065,258,0.2597753703594208
11066,258,0.035763174295425415
11067,258,0.1024409681558609
11068,258,0.1911979615688324
11069,258,0.11160439252853394
11070,258,0.03803446888923645
11071,258,0.03693416714668274
11072,258,0.15083801746368408
11073,258,0.27763524651527405
11074,258,0.10061390697956085
11075,258,0.04530039802193642
11076,258,0.20763295888900757
11077,258,0.028825338929891586
11078,258,0.17889878153800964
11079,258,0.22897718846797943
11080,258,0.2545315623283386
11081,258,0.032710131257772446
11082,258,0.03858499228954315
11083,258,0.09475739300251007
11084,258,0.03624564781785011
11085,258,0.1255582571029663
11086,258,0.09719347953796387
11087,258,0.06265301257371902
11088,258,0.09540824592113495
11089,258,0.18705470860004425
11090,258,0.1713581383228302
11091,258,0.07742638140916824
11092,259,0.18648740649223328
11093,259,0.20643971860408783
11094,259,0.034976474940776825
11095,259,0.1838080883026123
11096,259,0.032322585582733154
11097,259,0.031495362520217896
11098,259,0.10529419779777527
11099,259,0.030772916972637177
11100,259,0.2832394242286682
11101,259,0.032993417233228683
11102,259,0.14133134484291077
11103,259,0.04467155784368515
11104,260,0.10092928260564804
11105,260,0.11764300614595413
11106,260,0.10382521897554398
11107,260,0.04275890439748764
11108,260,0.12725579738616943
11109,260,0.1077468991279602
11110,260,0.049331389367580414
11111,260,0.19173559546470642
11112,260,0.04718602076172829
11113,260,0.02687450870871544
11114,260,0.03055625408887863
11115,260,0.08449199795722961
11116,260,0.3078153133392334
11117,260,0.12419818341732025
11118,260,0.029105927795171738
11119,260,0.10520602017641068
11120,260,0.15081246197223663
11121,261,0.17252005636692047
11122,261,0.2641274631023407
11123,261,0.2702576518058777
11124,261,0.11259117722511292
11125,261,0.1902039796113968
11126,261,0.18378683924674988
11127,261,0.02119690738618374
11128,261,0.11909129470586777
11129,261,0.25621843338012695
11130,261,0.26899927854537964
11131,261,0.03461954742670059
11132,261,0.09717895090579987
11133,261,0.11605410277843475
11134,261,0.035614974796772
11135,261,0.11927826702594757
11136,261,0.24621346592903137
11137,261,0.08832263946533203
11138,261,0.09759627282619476
11139,261,0.3179667294025421
11140,261,0.040101125836372375
11141,262,0.40293726325035095
11142,262,0.048133861273527145
11143,262,0.1871901899576187
11144,262,0.057982541620731354
11145,262,0.199417844414711
11146,262,0.09287599474191666
11147,262,0.2598305940628052
11148,262,0.19324339926242828
11149,262,0.09995153546333313
11150,262,0.16330596804618835
11151,262,0.13198181986808777
11152,263,0.3842754065990448
11153,263,0.12652087211608887
11154,263,0.1031775027513504
11155,263,0.1156221404671669
11156,263,0.1511751413345337
11157,263,0.034200847148895264
11158,263,0.10284557938575745
11159,263,0.1069205179810524
11160,263,0.041976213455200195
11161,263,0.2477550506591797
11162,263,0.34789904952049255
11163,263,0.12634800374507904
11164,263,0.20652443170547485
11165,263,0.09891395270824432
11166,263,0.11391721665859222
11167,263,0.03212263807654381
11168,264,0.04282016307115555
11169,264,0.1905207633972168
11170,264,0.03619011491537094
11171,264,0.16657914221286774
11172,264,0.19289740920066833
11173,264,0.03336012735962868
11174,264,0.0894920602440834
11175,264,0.20672547817230225
11176,264,0.04662584513425827
11177,264,0.2103419303894043
11178,264,0.18343383073806763
11179,264,0.23621538281440735
11180,264,0.05763356760144234
11181,264,0.11060117185115814
11182,264,0.27587077021598816
11183,264,0.02311769686639309
11184,264,0.05239894986152649
11185,264,0.08064448833465576
11186,264,0.03927968069911003
11187,264,0.10255418717861176
11188,264,0.04027225822210312
11189,264,0.11597730964422226
11190,264,0.0488307848572731
11191,264,0.08601435273885727
11192,265,0.031843043863773346
11193,265,0.0350182019174099
11194,265,0.12180926650762558
11195,265,0.2575586140155792
11196,265,0.032579295337200165
11197,265,0.13877689838409424
11198,265,0.1762569397687912
11199,265,0.04715105518698692
11200,265,0.11018402874469757
11201,265,0.2549583613872528
11202,265,0.2506345510482788
11203,265,0.029581226408481598
11204,265,0.18214471638202667
11205,265,0.059612520039081573
11206,265,0.029380427673459053
11207,266,0.1944991648197174
11208,266,0.05599668622016907
11209,266,0.11274319142103195
11210,266,0.04976009204983711
11211,266,0.11814036965370178
11212,266,0.11379706114530563
11213,266,0.2680409550666809
11214,266,0.03035436011850834
11215,266,0.18440300226211548
11216,266,0.09568552672863007
11217,266,0.21047109365463257
11218,266,0.056554798036813736
11219,266,0.12062631547451019
11220,266,0.2531917989253998
11221,266,0.09533782303333282
11222,267,0.1375225931406021
11223,267,0.030271394178271294
11224,267,0.11476099491119385
11225,267,0.16684696078300476
11226,267,0.11875055730342865
11227,267,0.1318693608045578
11228,267,0.1949334740638733
11229,267,0.09756360203027725
11230,267,0.3566074073314667
11231,267,0.12960109114646912
11232,267,0.09236842393875122
11233,267,0.040046386420726776
11234,267,0.142319917678833
11235,267,0.11048266291618347
11236,267,0.10378485172986984
11237,267,0.11284557729959488
11238,267,0.27051275968551636
11239,267,0.32074683904647827
11240,267,0.10106131434440613
11241,267,0.2007284015417099
11242,268,0.1827917844057083
11243,268,0.11296135187149048
11244,268,0.038333360105752945
11245,268,0.12149636447429657
11246,268,0.12315385788679123
11247,268,0.031791362911462784
11248,268,0.1876181960105896
11249,268,0.029351787641644478
11250,269,0.20597344636917114
11251,269,0.1280924379825592
11252,269,0.1886386275291443
11253,269,0.10388156771659851
11254,269,0.04150441288948059
11255,269,0.10897355526685715
11256,269,0.08956155180931091
11257,269,0.09280403703451157
11258,269,0.10942962765693665
11259,269,0.2657372057437897
11260,269,0.3342633843421936
11261,269,0.2015964835882187
11262,269,0.10785811394453049
11263,269,0.10315020382404327
11264,269,0.10717317461967468
11265,269,0.024187996983528137
11266,269,0.13774943351745605
11267,269,0.048156578093767166
11268,269,0.11719949543476105
11269,269,0.03418533504009247
11270,269,0.23031342029571533
11271,270,0.1245427131652832
11272,270,0.09738770872354507
11273,270,0.2109544724225998
11274,270,0.042668841779232025
11275,270,0.11562277376651764
11276,270,0.02514025941491127
11277,270,0.350553035736084
11278,270,0.24600322544574738
11279,270,0.03584710881114006
11280,270,0.2189881056547165
11281,271,0.10632532835006714
11282,271,0.19990912079811096
11283,271,0.0366923063993454
11284,271,0.19200965762138367
11285,271,0.18609663844108582
11286,271,0.2963070571422577
11287,271,0.11940155923366547
11288,271,0.26339757442474365
11289,271,0.14994023740291595
11290,271,0.040972281247377396
11291,271,0.21441006660461426
11292,271,0.02578960917890072
11293,271,0.18032138049602509
11294,271,0.11605778336524963
11295,271,0.03626302629709244
11296,271,0.5326011776924133
11297,272,0.03859352692961693
11298,272,0.07022393494844437
11299,272,0.11811981350183487
11300,272,0.13585761189460754
11301,272,0.13725337386131287
11302,272,0.041049424558877945
11303,272,0.03931190446019173
11304,272,0.15562355518341064
11305,272,0.110894113779068
11306,272,0.10048908740282059
11307,272,0.1904800534248352
11308,272,0.27589738368988037
11309,272,0.09571188688278198
11310,272,0.0369589626789093
11311,272,0.12390666455030441
11312,272,0.03258998319506645
11313,272,0.3482632637023926
11314,272,0.10569792985916138
11315,272,0.11944461613893509
11316,272,0.10677453130483627
11317,272,0.24419447779655457
11318,272,0.1332707405090332
11319,272,0.057396501302719116
11320,272,0.04930422455072403
11321,272,0.09650827199220657
11322,272,0.17420347034931183
11323,273,0.20163004100322723
11324,273,0.06423547118902206
11325,273,0.22203707695007324
11326,273,0.033241547644138336
11327,273,0.04348459467291832
11328,273,0.17974187433719635
11329,273,0.03729426860809326
11330,273,0.10527712106704712
11331,273,0.03374933823943138
11332,273,0.12249667197465897
11333,273,0.18547165393829346
11334,273,0.03209080919623375
11335,273,0.09735266119241714
11336,273,0.2843826413154602
11337,273,0.09358175843954086
11338,273,0.09572754800319672
11339,273,0.09800016134977341
11340,273,0.18805614113807678
11341,273,0.21466757357120514
11342,273,0.3802920877933502
11343,273,0.03730221837759018
11344,273,0.10902600735425949
11345,273,0.04156528413295746
11346,273,0.1235041469335556
11347,273,0.12476694583892822
11348,273,0.24579843878746033
11349,273,0.11925724148750305
11350,273,0.2097887098789215
11351,273,0.16737304627895355
11352,273,0.34857624769210815
11353,273,0.2481507509946823
11354,273,0.12179182469844818
11355,274,0.10890331864356995
11356,274,0.11372368782758713
11357,274,0.09359968453645706
11358,274,0.2691181004047394
11359,274,0.1537213772535324
11360,274,0.02818765677511692
11361,274,0.08974224328994751
11362,274,0.24856001138687134
11363,274,0.10679273307323456
11364,274,0.024900110438466072
11365,274,0.12777407467365265
11366,274,0.18187770247459412
11367,274,0.18000969290733337
11368,274,0.20980042219161987
11369,274,0.2685510516166687
11370,274,0.09795007854700089
11371,274,0.04813132807612419
11372,274,0.0324748232960701
11373,274,0.03302998095750809
11374,274,0.17690779268741608
11375,274,0.17944160103797913
11376,274,0.04227200150489807
11377,274,0.02523457072675228
11378,274,0.15332448482513428
11379,274,0.08341850340366364
11380,274,0.03569487854838371
11381,275,0.10660514235496521
11382,275,0.20739315450191498
11383,275,0.04463610053062439
11384,275,0.038102999329566956
11385,275,0.024838494136929512
11386,275,0.248076930642128
11387,275,0.20021122694015503
11388,275,0.03359181806445122
11389,275,0.09605473279953003
11390,275,0.11496981978416443
11391,275,0.1117902398109436
11392,275,0.09619848430156708
11393,275,0.18298985064029694
11394,275,0.11126863211393356
11395,275,0.10708263516426086
11396,275,0.10883355885744095
11397,275,0.03092234954237938
11398,275,0.11148358136415482
11399,275,0.04120732098817825
11400,275,0.1764201819896698
11401,275,0.08950112760066986
11402,275,0.031056417152285576
11403,275,0.02823030948638916
11404,275,0.1280205398797989
11405,275,0.34488117694854736
11406,276,0.2063375562429428
11407,276,0.2204727679491043
11408,276,0.09504588693380356
11409,276,0.02208307571709156
11410,276,0.040263377130031586
11411,276,0.18084225058555603
11412,276,0.12053525447845459
11413,276,0.02553684078156948
11414,276,0.04181864857673645
11415,276,0.0972447469830513
11416,276,0.02782648429274559
11417,276,0.04113423824310303
11418,276,0.09978655725717545
11419,276,0.20041733980178833
11420,276,0.022496528923511505
11421,276,0.022368639707565308
11422,276,0.03435956686735153
11423,276,0.10859186202287674
11424,276,0.10946974158287048
11425,276,0.043434444814920425
11426,276,0.18930061161518097
11427,276,0.12451011687517166
11428,276,0.19464004039764404
11429,276,0.1117928996682167
11430,276,0.18856900930404663
11431,277,0.17830365896224976
11432,277,0.10892353951931
11433,277,0.27732783555984497
11434,277,0.18239036202430725
11435,277,0.10023918002843857
11436,277,0.2041078805923462
11437,277,0.10442642122507095
11438,277,0.10053041577339172
11439,277,0.18040131032466888
11440,277,0.033548854291439056
11441,277,0.18329007923603058
11442,277,0.03445659577846527
11443,277,0.174358531832695
11444,277,0.21270476281642914
11445,277,0.0266802366822958
11446,277,0.19078141450881958
11447,277,0.03251783549785614
11448,277,0.021879829466342926
11449,278,0.09524987637996674
11450,278,0.10373858362436295
11451,278,0.02742091193795204
11452,278,0.09821632504463196
11453,278,0.10879897326231003
11454,278,0.021052902564406395
11455,278,0.1375230997800827
11456,278,0.13117386400699615
11457,278,0.12581396102905273
11458,278,0.1057489737868309
11459,278,0.17882288992404938
11460,278,0.03945276513695717
11461,278,0.03380245715379715
11462,278,0.25726327300071716
11463,278,0.03963606059551239
11464,278,0.2128283977508545
11465,278,0.14576885104179382
11466,278,0.02493402548134327
11467,278,0.18306463956832886
11468,278,0.1343853622674942
11469,278,0.1942957192659378
11470,278,0.036281902343034744
11471,279,0.32329344749450684
11472,279,0.02552107721567154
11473,279,0.2730715572834015
11474,279,0.17406192421913147
11475,279,0.1037309467792511
11476,279,0.11425343155860901
11477,279,0.10552503168582916
11478,279,0.11682972311973572
11479,279,0.049694791436195374
11480,279,0.12617021799087524
11481,279,0.021262861788272858
11482,279,0.27098774909973145
11483,279,0.03292325511574745
11484,279,0.19749325513839722
11485,279,0.18046921491622925
11486,280,0.2611512541770935
11487,280,0.034154921770095825
11488,280,0.11482564359903336
11489,280,0.05634818598628044
11490,280,0.25823456048965454
11491,280,0.11474177986383438
11492,280,0.11497432738542557
11493,280,0.2629726231098175
11494,280,0.12519678473472595
11495,280,0.044795699417591095
11496,280,0.25413551926612854
11497,280,0.024638712406158447
11498,280,0.25850191712379456
11499,280,0.10956370085477829
11500,280,0.03215453773736954
11501,280,0.2563789486885071
11502,281,0.1296759992837906
11503,281,0.2027459591627121
11504,281,0.13312594592571259
11505,281,0.10369359701871872
11506,281,0.27059289813041687
11507,281,0.10796275734901428
11508,281,0.17072321474552155
11509,281,0.03427916392683983
11510,281,0.04914364963769913
11511,281,0.10999824851751328
11512,281,0.034259133040905
11513,281,0.12333634495735168
11514,281,0.042820170521736145
11515,281,0.26862964034080505
11516,281,0.21731728315353394
11517,281,0.2445073127746582
11518,281,0.042318422347307205
11519,281,0.19882214069366455
11520,281,0.25708630681037903
11521,282,0.04012776166200638
11522,282,0.045890387147665024
11523,282,0.1677476465702057
11524,282,0.12927551567554474
11525,282,0.12025821208953857
11526,282,0.10083968937397003
11527,282,0.11581101268529892
11528,282,0.1342945396900177
11529,282,0.12484516203403473
11530,282,0.24110737442970276
11531,282,0.3752177655696869
11532,282,0.03359558433294296
11533,282,0.1252802163362503
11534,282,0.037091102451086044
11535,282,0.20808537304401398
11536,282,0.18828219175338745
11537,282,0.030183399096131325
11538,282,0.10393181443214417
11539,283,0.10422669351100922
11540,283,0.09556575864553452
11541,283,0.036038100719451904
11542,283,0.12493592500686646
11543,283,0.3490399718284607
11544,283,0.14089877903461456
11545,283,0.0524180568754673
11546,283,0.10416384786367416
11547,283,0.33637213706970215
11548,283,0.10921886563301086
11549,283,0.28534069657325745
11550,283,0.2572879195213318
11551,283,0.13007354736328125
11552,283,0.04529824107885361
11553,283,0.039647750556468964
11554,283,0.20837026834487915
11555,283,0.09905055165290833
11556,283,0.17931348085403442
11557,283,0.16683632135391235
11558,283,0.1032177060842514
11559,283,0.10331813246011734
11560,283,0.030544884502887726
11561,283,0.12540027499198914
11562,283,0.02846045047044754
11563,283,0.1683850884437561
11564,283,0.10000324249267578
11565,283,0.12246803194284439
11566,283,0.2614485025405884
11567,283,0.21006745100021362
11568,283,0.17894518375396729
11569,284,0.04587065055966377
11570,284,0.1060229167342186
11571,284,0.1865619719028473
11572,284,0.13162873685359955
11573,284,0.1719682663679123
11574,284,0.1311948299407959
11575,284,0.10187473148107529
11576,284,0.29347988963127136
11577,284,0.18948586285114288
11578,284,0.14024624228477478
11579,284,0.11734282970428467
11580,284,0.10309034585952759
11581,284,0.13324074447155
11582,284,0.19389605522155762
11583,284,0.1951005756855011
11584,284,0.10149048268795013
11585,284,0.1291704624891281
11586,284,0.03564460203051567
11587,284,0.17852136492729187
11588,284,0.11490387469530106
11589,284,0.037376437336206436
11590,284,0.22127759456634521
11591,284,0.21583761274814606
11592,284,0.029482431709766388
11593,284,0.18829947710037231
11594,284,0.04505452513694763
11595,284,0.2130884826183319
11596,284,0.21273669600486755
11597,284,0.037811096757650375
11598,284,0.043895602226257324
11599,285,0.11506684124469757
11600,285,0.20922257006168365
11601,285,0.4133184254169464
11602,285,0.18551243841648102
11603,285,0.13669326901435852
11604,285,0.03908225893974304
11605,285,0.20075128972530365
11606,285,0.1297018826007843
11607,285,0.028731081634759903
11608,285,0.10686802864074707
11609,285,0.028955446556210518
11610,285,0.17095381021499634
11611,285,0.22461046278476715
11612,285,0.20441696047782898
11613,286,0.15527381002902985
11614,286,0.2716265320777893
11615,286,0.02890891209244728
11616,286,0.28098928928375244
11617,286,0.1002381443977356
11618,286,0.04842735826969147
11619,286,0.16028203070163727
11620,286,0.26447319984436035
11621,286,0.37469202280044556
11622,286,0.12169904261827469
11623,286,0.032141007483005524
11624,286,0.17482420802116394
11625,286,0.20040005445480347
11626,286,0.3445674180984497
11627,286,0.11681124567985535
11628,286,0.128864124417305
11629,286,0.11777724325656891
11630,286,0.2630976140499115
11631,286,0.10434173047542572
11632,286,0.03792878985404968
11633,286,0.03150356560945511
11634,286,0.03144088760018349
11635,286,0.04368419572710991
11636,286,0.09459496289491653
11637,286,0.022925186902284622
11638,286,0.12110554426908493
11639,286,0.18974906206130981
11640,286,0.16089090704917908
11641,286,0.17448261380195618
11642,286,0.11953558027744293
11643,287,0.025839265435934067
11644,287,0.1225699707865715
11645,287,0.10684111714363098
11646,287,0.11170999705791473
11647,287,0.25256556272506714
11648,287,0.030510438606142998
11649,287,0.03614771366119385
11650,287,0.21501047909259796
11651,287,0.035666536539793015
11652,287,0.10100951790809631
11653,287,0.11948908120393753
11654,287,0.10250536352396011
11655,287,0.11192706972360611
11656,287,0.10608549416065216
11657,287,0.17626772820949554
11658,287,0.024724526330828667
11659,287,0.25416436791419983
11660,287,0.240939199924469
11661,287,0.11271464824676514
11662,287,0.18823795020580292
11663,287,0.3492070436477661
11664,287,0.1952039897441864
11665,287,0.18241430819034576
11666,287,0.24014277756214142
11667,287,0.040191203355789185
11668,287,0.03179079666733742
11669,287,0.03343674913048744
11670,287,0.6010867357254028
11671,287,0.22059938311576843
11672,287,0.180565744638443
11673,287,0.12112397700548172
11674,288,0.12302643805742264
11675,288,0.10392509400844574
11676,288,0.2853753864765167
11677,288,0.04092634469270706
11678,288,0.2659324109554291
11679,288,0.16554783284664154
11680,288,0.17771270871162415
11681,288,0.17764447629451752
11682,288,0.11856529861688614
11683,288,0.4249151349067688
11684,288,0.19785749912261963
11685,288,0.10335686802864075
11686,288,0.3307350277900696
11687,288,0.0275017898529768
11688,288,0.022988179698586464
11689,288,0.022462330758571625
11690,288,0.032673727720975876
11691,288,0.19812604784965515
11692,288,0.17965097725391388
11693,288,0.16083498299121857
11694,288,0.2622424364089966
11695,288,0.036277417093515396
11696,288,0.04256045073270798
11697,288,0.1040743887424469
11698,289,0.11111843585968018
11699,289,0.036770377308130264
11700,289,0.11803179234266281
11701,289,0.11293814331293106
11702,289,0.038923412561416626
11703,289,0.11650647968053818
11704,289,0.20494762063026428
11705,289,0.14026688039302826
11706,289,0.25922033190727234
11707,289,0.033118829131126404
11708,289,0.12056052684783936
11709,289,0.24530372023582458
11710,289,0.3596140146255493
11711,289,0.03212953731417656
11712,290,0.036819688975811005
11713,290,0.03841778263449669
11714,290,0.1912883073091507
11715,290,0.03514530509710312
11716,290,0.18388302624225616
11717,290,0.17497216165065765
11718,290,0.1044454500079155
11719,290,0.12445072829723358
11720,290,0.03552757576107979
11721,290,0.28136032819747925
11722,290,0.03474525734782219
11723,290,0.336281955242157
11724,290,0.14088018238544464
11725,290,0.26479730010032654
11726,290,0.04010171443223953
11727,290,0.03326493501663208
11728,290,0.03286705166101456
11729,290,0.206540048122406
11730,290,0.13871584832668304
11731,290,0.2058119773864746
11732,290,0.039635881781578064
11733,290,0.40829265117645264
11734,290,0.044704619795084
11735,290,0.24311253428459167
11736,290,0.17728762328624725
11737,290,0.22304467856884003
11738,290,0.14135193824768066
11739,290,0.11832509934902191
11740,290,0.39452117681503296
11741,291,0.2101062834262848
11742,291,0.17856477200984955
11743,291,0.2993055582046509
11744,291,0.19208234548568726
11745,291,0.12479253113269806
11746,291,0.04133649915456772
11747,291,0.12612000107765198
11748,291,0.06242629140615463
11749,291,0.11593461036682129
11750,291,0.26160481572151184
11751,291,0.2749154567718506
11752,291,0.2914361357688904
11753,291,0.05394785851240158
11754,291,0.12537004053592682
11755,291,0.1206519603729248
11756,291,0.13530315458774567
11757,291,0.12801271677017212
11758,291,0.041521284729242325
11759,291,0.2169814109802246
11760,291,0.21017338335514069
11761,291,0.12560155987739563
11762,291,0.031676921993494034
11763,292,0.1257745623588562
11764,292,0.20396621525287628
11765,292,0.19741159677505493
11766,292,0.2721353769302368
11767,292,0.026833176612854004
11768,292,0.04553801193833351
11769,292,0.028774119913578033
11770,292,0.12479090690612793
11771,292,0.027938326820731163
11772,292,0.0143815279006958
11773,292,0.11830198764801025
11774,292,0.10997758060693741
11775,292,0.19366316497325897
11776,292,0.022469544783234596
11777,292,0.12266382575035095
11778,292,0.03865274786949158
11779,292,0.10115469247102737
11780,292,0.11616074293851852
11781,292,0.0320887416601181
11782,292,0.10181088745594025
11783,292,0.18276576697826385
11784,293,0.12221930921077728
11785,293,0.19441919028759003
11786,293,0.03388390317559242
11787,293,0.1954706609249115
11788,293,0.2603185176849365
11789,293,0.1144944429397583
11790,293,0.09822595119476318
11791,293,0.10728776454925537
11792,293,0.1869404911994934
11793,293,0.185524120926857
11794,293,0.2638632655143738
11795,293,0.09966415911912918
11796,293,0.027508413419127464
11797,293,0.027483530342578888
11798,293,0.04069698601961136
11799,293,0.08647793531417847
11800,293,0.1289152204990387
11801,294,0.11446651816368103
11802,294,0.12695418298244476
11803,294,0.033817142248153687
11804,294,0.11657817661762238
11805,294,0.19727014005184174
11806,294,0.3108004927635193
11807,294,0.10757412761449814
11808,294,0.027202384546399117
11809,294,0.06013542786240578
11810,294,0.2755536437034607
11811,294,0.1441226303577423
11812,294,0.12703825533390045
11813,294,0.11265047639608383
11814,294,0.0332861952483654
11815,294,0.027592461556196213
11816,294,0.16923490166664124
11817,294,0.12029366940259933
11818,294,0.20193995535373688
11819,294,0.2861911952495575
11820,294,0.09282146394252777
11821,294,0.11716929078102112
11822,294,0.1135765090584755
11823,294,0.02266974002122879
11824,295,0.27937862277030945
11825,295,0.19982318580150604
11826,295,0.10348432511091232
11827,295,0.12506675720214844
11828,295,0.04263206198811531
11829,295,0.22114376723766327
11830,295,0.12605564296245575
11831,295,0.04306422173976898
11832,295,0.12817257642745972
11833,295,0.25829294323921204
11834,295,0.12043146044015884
11835,295,0.02245417609810829
11836,295,0.2845340073108673
11837,295,0.11924371123313904
11838,295,0.10963411629199982
11839,295,0.18255139887332916
11840,295,0.1097932979464531
11841,295,0.12175759673118591
11842,295,0.11135110259056091
11843,295,0.26335689425468445
11844,295,0.09167470782995224
11845,295,0.02582247368991375
11846,295,0.1061876192688942
11847,295,0.20045867562294006
11848,295,0.36282771825790405
11849,295,0.17988133430480957
11850,296,0.24579542875289917
11851,296,0.10296189785003662
11852,296,0.11199019104242325
11853,296,0.18312613666057587
11854,296,0.20000408589839935
11855,296,0.19051222503185272
11856,296,0.22766321897506714
11857,296,0.2577853202819824
11858,296,0.19262202084064484
11859,296,0.10485514253377914
11860,296,0.2710604667663574
11861,296,0.19149312376976013
11862,296,0.17342302203178406
11863,296,0.18767350912094116
11864,296,0.19139418005943298
11865,296,0.2024446427822113
11866,296,0.1305115967988968
11867,296,0.19472822546958923
11868,297,0.19921216368675232
11869,297,0.11079005897045135
11870,297,0.11777007579803467
11871,297,0.09862180799245834
11872,297,0.1704559624195099
11873,297,0.033508628606796265
11874,297,0.03628147393465042
11875,297,0.2665734887123108
11876,297,0.12714436650276184
11877,297,0.029577404260635376
11878,297,0.1716841161251068
11879,297,0.26799166202545166
11880,297,0.18282388150691986
11881,297,0.16622154414653778
11882,297,0.131993368268013
11883,297,0.04010653868317604
11884,297,0.179012268781662
11885,297,0.035010553896427155
11886,297,0.1292312741279602
11887,297,0.039361245930194855
11888,297,0.025696836411952972
11889,297,0.27884912490844727
11890,298,0.024509474635124207
11891,298,0.4351566433906555
11892,298,0.20008286833763123
11893,298,0.17399877309799194
11894,298,0.17900732159614563
11895,298,0.17505919933319092
11896,298,0.10456542670726776
11897,298,0.10036662966012955
11898,298,0.19410200417041779
11899,298,0.08949527144432068
11900,298,0.22745612263679504
11901,298,0.126146137714386
11902,298,0.03660941496491432
11903,298,0.18535497784614563
11904,298,0.2995874881744385
11905,298,0.027142031118273735
11906,298,0.10100594162940979
11907,298,0.18815284967422485
11908,298,0.033146604895591736
11909,298,0.18493512272834778
11910,298,0.03619883954524994
11911,298,0.11242396384477615
11912,299,0.2140248864889145
11913,299,0.090856172144413
11914,299,0.09940146654844284
11915,299,0.03845301643013954
11916,299,0.27394935488700867
11917,299,0.20022627711296082
11918,299,0.11379026621580124
11919,299,0.10890793055295944
11920,299,0.21490757167339325
11921,299,0.09493879228830338
11922,299,0.20155104994773865
11923,299,0.1168493703007698
11924,299,0.21162131428718567
11925,299,0.12947416305541992
11926,299,0.09335915744304657
11927,299,0.09718328714370728
11928,299,0.029869627207517624
11929,299,0.1147235557436943
11930,299,0.09907832741737366
11931,300,0.0928117111325264
11932,300,0.21357187628746033
11933,300,0.08935943245887756
11934,300,0.02700868993997574
11935,300,0.01805827021598816
11936,300,0.1242193877696991
11937,300,0.029739558696746826
11938,300,0.10169713944196701
11939,300,0.02909865975379944
11940,300,0.197503000497818
11941,300,0.17164823412895203
11942,300,0.19309787452220917
11943,300,0.1824515014886856
11944,301,0.11757878959178925
11945,301,0.20328649878501892
11946,301,0.2612435519695282
11947,301,0.2541135847568512
11948,301,0.03848841413855553
11949,301,0.022960200905799866
11950,301,0.11544182151556015
11951,301,0.275447279214859
11952,301,0.11159832030534744
11953,301,0.17906969785690308
11954,301,0.22082164883613586
11955,301,0.034900207072496414
11956,301,0.11159755289554596
11957,301,0.18888136744499207
11958,301,0.12387693673372269
11959,301,0.08846483379602432
11960,301,0.2742513418197632
11961,301,0.09488042443990707
11962,301,0.10830860584974289
11963,301,0.11260012537240982
11964,302,0.24170365929603577
11965,302,0.27749520540237427
11966,302,0.04347103461623192
11967,302,0.05083286762237549
11968,302,0.03713022544980049
11969,302,0.21211090683937073
11970,302,0.4188566207885742
11971,302,0.20292657613754272
11972,302,0.2438361644744873
11973,302,0.13717272877693176
11974,302,0.11371738463640213
11975,302,0.11650058627128601
11976,302,0.16135936975479126
11977,302,0.304035484790802
11978,302,0.026099013164639473
11979,302,0.1098833829164505
11980,302,0.11524954438209534
11981,302,0.025878995656967163
11982,302,0.18764173984527588
11983,302,0.04121943190693855
11984,302,0.11774180829524994
11985,302,0.030574921518564224
11986,303,0.2811984121799469
11987,303,0.2881256639957428
11988,303,0.13437071442604065
11989,303,0.21827857196331024
11990,303,0.2890512943267822
11991,303,0.023664487525820732
11992,303,0.2096526026725769
11993,303,0.10820652544498444
11994,303,0.11960810422897339
11995,303,0.20842915773391724
11996,303,0.0206863172352314
11997,303,0.10786736756563187
11998,303,0.2572193145751953
11999,303,0.2160179167985916
12000,303,0.037448227405548096
12001,303,0.24671171605587006
12002,304,0.27854016423225403
12003,304,0.3398565948009491
12004,304,0.11861901730298996
12005,304,0.1242126077413559
12006,304,0.16595742106437683
12007,304,0.21399855613708496
12008,304,0.029358666390180588
12009,304,0.03253345936536789
12010,304,0.17096693813800812
12011,304,0.05127536132931709
12012,304,0.18381433188915253
12013,304,0.11775197833776474
12014,304,0.21418899297714233
12015,304,0.1810702681541443
12016,304,0.12764890491962433
12017,304,0.10450775176286697
12018,304,0.30012035369873047
12019,304,0.10566581040620804
12020,304,0.03501243516802788
12021,304,0.03496665135025978
12022,304,0.19839389622211456
12023,304,0.19550974667072296
12024,304,0.03129592537879944
12025,304,0.12651203572750092
12026,304,0.044287387281656265
12027,304,0.21669432520866394
12028,304,0.09020832180976868
12029,304,0.104006327688694
12030,304,0.02856113389134407
12031,304,0.10784425586462021
12032,304,0.14509207010269165
12033,304,0.10282211750745773
12034,305,0.058997493237257004
12035,305,0.3405688405036926
12036,305,0.09573814272880554
12037,305,0.02741546742618084
12038,305,0.10388847440481186
12039,305,0.20557145774364471
12040,305,0.09557631611824036
12041,305,0.12880490720272064
12042,305,0.09751853346824646
12043,305,0.03431251645088196
12044,305,0.04221408814191818
12045,305,0.03920417279005051
12046,305,0.12522272765636444
12047,305,0.16917993128299713
12048,305,0.2622707188129425
12049,305,0.12233217805624008
12050,305,0.11431196331977844
12051,306,0.12150535732507706
12052,306,0.031924325972795486
12053,306,0.10072220116853714
12054,306,0.4756239652633667
12055,306,0.11660297214984894
12056,306,0.022230856120586395
12057,306,0.26687300205230713
12058,306,0.03176175430417061
12059,306,0.039851605892181396
12060,306,0.21665281057357788
12061,306,0.05616625398397446
12062,306,0.19770750403404236
12063,306,0.116472028195858
12064,306,0.19440999627113342
12065,306,0.28415074944496155
12066,306,0.1268286108970642
12067,306,0.10574931651353836
12068,306,0.032146576792001724
12069,306,0.21520915627479553
12070,307,0.2587336003780365
12071,307,0.20163924992084503
12072,307,0.29588350653648376
12073,307,0.17786866426467896
12074,307,0.35940253734588623
12075,307,0.0413580946624279
12076,307,0.09291856735944748
12077,307,0.18433718383312225
12078,307,0.13292042911052704
12079,307,0.10734915733337402
12080,307,0.2896069288253784
12081,307,0.02610458992421627
12082,307,0.19727224111557007
12083,307,0.0322418138384819
12084,307,0.15607962012290955
12085,307,0.23352313041687012
12086,307,0.2909156382083893
12087,307,0.03748873993754387
12088,307,0.03030896931886673
12089,307,0.10839155316352844
12090,307,0.03104059398174286
12091,308,0.02636675536632538
12092,308,0.20178650319576263
12093,308,0.18801508843898773
12094,308,0.1709422916173935
12095,308,0.18081516027450562
12096,308,0.08018943667411804
12097,308,0.17268405854701996
12098,308,0.14122609794139862
12099,308,0.11595574766397476
12100,308,0.11286388337612152
12101,308,0.12186742573976517
12102,308,0.10228443145751953
12103,308,0.2131900042295456
12104,308,0.16148576140403748
12105,308,0.10367771983146667
12106,308,0.10917982459068298
12107,308,0.18508584797382355
12108,308,0.09224262088537216
12109,308,0.1783953309059143
12110,308,0.12249428033828735
12111,308,0.1290210783481598
12112,308,0.2128516137599945
12113,308,0.036475539207458496
12114,309,0.1155880019068718
12115,309,0.10197877883911133
12116,309,0.12318181246519089
12117,309,0.1319950520992279
12118,309,0.2967575788497925
12119,309,0.1997399926185608
12120,309,0.2665267288684845
12121,309,0.30340147018432617
12122,309,0.05102243274450302
12123,309,0.1026037409901619
12124,309,0.18867942690849304
12125,309,0.03879716992378235
12126,309,0.1220514252781868
12127,309,0.054994091391563416
12128,310,0.3316100835800171
12129,310,0.19899562001228333
12130,310,0.2722948491573334
12131,310,0.199629008769989
12132,310,0.027666393667459488
12133,310,0.11145833879709244
12134,310,0.03142518177628517
12135,310,0.10799029469490051
12136,310,0.028076834976673126
12137,310,0.10387896001338959
12138,310,0.10092548280954361
12139,310,0.03218203783035278
12140,310,0.2578965127468109
12141,310,0.08626730740070343
12142,310,0.035328127443790436
12143,310,0.02996782585978508
12144,310,0.2864360213279724
12145,311,0.22570645809173584
12146,311,0.1757051646709442
12147,311,0.12037952989339828
12148,311,0.03391001746058464
12149,311,0.2825070321559906
12150,311,0.039403680711984634
12151,311,0.1231682151556015
12152,311,0.05269021540880203
12153,311,0.5269418358802795
12154,311,0.36975589394569397
12155,311,0.18137329816818237
12156,311,0.10759664326906204
12157,311,0.1146182045340538
12158,311,0.022366298362612724
12159,311,0.11540137976408005
12160,311,0.03207514062523842
12161,311,0.33435356616973877
12162,311,0.07993334531784058
12163,312,0.08507975935935974
12164,312,0.020508360117673874
12165,312,0.1257801204919815
12166,312,0.10972356051206589
12167,312,0.2701343297958374
12168,312,0.20520001649856567
12169,312,0.12155702710151672
12170,312,0.21001416444778442
12171,312,0.3102177679538727
12172,312,0.18662694096565247
12173,312,0.11788186430931091
12174,312,0.10602220892906189
12175,312,0.19750696420669556
12176,312,0.26109012961387634
12177,312,0.31972450017929077
12178,313,0.10672592371702194
12179,313,0.2619992792606354
12180,313,0.10881118476390839
12181,313,0.026339035481214523
12182,313,0.3382927477359772
12183,313,0.19736075401306152
12184,313,0.1062450036406517
12185,313,0.3457183539867401
12186,313,0.19882282614707947
12187,313,0.21021701395511627
12188,313,0.030320432037115097
12189,313,0.026883406564593315
12190,313,0.10860611498355865
12191,313,0.034011851996183395
12192,313,0.20683735609054565
12193,313,0.35933831334114075
12194,313,0.03174591809511185
12195,313,0.029391225427389145
12196,313,0.032037414610385895
12197,314,0.04880615323781967
12198,314,0.23564842343330383
12199,314,0.12271160632371902
12200,314,0.2970373034477234
12201,314,0.18607626855373383
12202,314,0.11392635107040405
12203,314,0.292742520570755
12204,314,0.346007764339447
12205,314,0.17883580923080444
12206,314,0.22112062573432922
12207,314,0.19886979460716248
12208,314,0.2690728008747101
12209,314,0.1733597368001938
12210,314,0.20024257898330688
12211,314,0.03476610407233238
12212,314,0.0382387638092041
12213,314,0.2997494637966156
12214,315,0.18306869268417358
12215,315,0.12470956146717072
12216,315,0.03876858949661255
12217,315,0.03812120482325554
12218,315,0.18373678624629974
12219,315,0.3514210283756256
12220,315,0.0666467547416687
12221,315,0.029824651777744293
12222,315,0.11827350407838821
12223,315,0.13454222679138184
12224,315,0.12087404727935791
12225,315,0.027790244668722153
12226,315,0.18533413112163544
12227,315,0.10816493630409241
12228,315,0.20024581253528595
12229,315,0.1325012743473053
12230,315,0.10693804174661636
12231,316,0.20235954225063324
12232,316,0.18908710777759552
12233,316,0.4806351959705353
12234,316,0.036244578659534454
12235,316,0.27526918053627014
12236,316,0.3312910497188568
12237,316,0.08576739579439163
12238,316,0.1918678879737854
12239,316,0.1836133450269699
12240,316,0.10793831944465637
12241,316,0.08753810822963715
12242,316,0.272253155708313
12243,316,0.18877087533473969
12244,317,0.19823075830936432
12245,317,0.11783352494239807
12246,317,0.030553583055734634
12247,317,0.12433892488479614
12248,317,0.3869172930717468
12249,317,0.03453902155160904
12250,317,0.02789921686053276
12251,317,0.30051693320274353
12252,317,0.12788936495780945
12253,317,0.11789476871490479
12254,317,0.33707481622695923
12255,317,0.27836281061172485
12256,317,0.02440631575882435
12257,317,0.034568242728710175
12258,317,0.03886065632104874
12259,317,0.16865675151348114
12260,317,0.43852218985557556
12261,317,0.030514270067214966
12262,318,0.26081836223602295
12263,318,0.2647893726825714
12264,318,0.022201860323548317
12265,318,0.04358785226941109
12266,318,0.11586454510688782
12267,318,0.11942961812019348
12268,318,0.11894704401493073
12269,318,0.0962090790271759
12270,318,0.09586922079324722
12271,318,0.19681735336780548
12272,318,0.10670702159404755
12273,318,0.2185954451560974
12274,318,0.12326529622077942
12275,318,0.11333037912845612
12276,318,0.09522457420825958
12277,318,0.26518192887306213
12278,318,0.12131299078464508
12279,318,0.11144345998764038
12280,318,0.12214595824480057
12281,318,0.04766715317964554
12282,318,0.21130795776844025
12283,318,0.11481888592243195
12284,319,0.10406497865915298
12285,319,0.11117541790008545
12286,319,0.18369260430335999
12287,319,0.16548967361450195
12288,319,0.1936960369348526
12289,319,0.034844089299440384
12290,319,0.12969106435775757
12291,319,0.03201970085501671
12292,319,0.19050480425357819
12293,319,0.02999291941523552
12294,319,0.03799113631248474
12295,319,0.032756414264440536
12296,319,0.11957895010709763
12297,319,0.11244441568851471
12298,319,0.187175452709198
12299,319,0.12056434899568558
12300,320,0.18642134964466095
12301,320,0.04181768372654915
12302,320,0.18799321353435516
12303,320,0.1576898992061615
12304,320,0.11012720316648483
12305,320,0.13386307656764984
12306,320,0.29414406418800354
12307,320,0.10649096965789795
12308,320,0.22468134760856628
12309,320,0.19592569768428802
12310,320,0.03629974275827408
12311,320,0.2531389594078064
12312,320,0.35202154517173767
12313,320,0.1813134104013443
12314,320,0.03702198714017868
12315,320,0.21230493485927582
12316,320,0.0875544622540474
12317,320,0.18198849260807037
12318,320,0.1259583681821823
12319,320,0.03217004984617233
12320,320,0.2112288922071457
12321,320,0.19583776593208313
12322,320,0.13321739435195923
12323,321,0.09998297691345215
12324,321,0.3629792034626007
12325,321,0.09961695224046707
12326,321,0.36397039890289307
12327,321,0.3299804925918579
12328,321,0.18600155413150787
12329,321,0.20101377367973328
12330,321,0.27790969610214233
12331,321,0.17573592066764832
12332,321,0.23854970932006836
12333,321,0.13279622793197632
12334,321,0.12022241204977036
12335,321,0.10594447702169418
12336,321,0.09764634817838669
12337,321,0.12721192836761475
12338,321,0.032753393054008484
12339,321,0.11626426130533218
12340,321,0.26333746314048767
12341,321,0.1733780801296234
12342,321,0.10567540675401688
12343,321,0.12108999490737915
12344,322,0.10467585921287537
12345,322,0.02861458621919155
12346,322,0.2541314959526062
12347,322,0.5556508898735046
12348,322,0.18983130156993866
12349,322,0.03589427098631859
12350,322,0.12325799465179443
12351,322,0.28194260597229004
12352,322,0.025225255638360977
12353,322,0.19413526356220245
12354,322,0.09636849910020828
12355,322,0.029255755245685577
12356,322,0.11361559480428696
12357,322,0.1121048629283905
12358,322,0.12517638504505157
12359,322,0.18590541183948517
12360,322,0.20833058655261993
12361,322,0.09405050426721573
12362,322,0.18952889740467072
12363,322,0.03015943430364132
12364,322,0.1901676058769226
12365,322,0.18010349571704865
12366,322,0.10865341126918793
12367,322,0.10295148193836212
12368,322,0.1255320906639099
12369,322,0.19785678386688232
12370,322,0.19072499871253967
12371,322,0.222461998462677
12372,322,0.02471546083688736
12373,322,0.17640960216522217
12374,322,0.11274666339159012
12375,322,0.2658320665359497
12376,322,0.11377531290054321
12377,322,0.04103472828865051
12378,322,0.21006953716278076
12379,322,0.1268208920955658
12380,322,0.27848193049430847
12381,322,0.03703063353896141
12382,322,0.2038177102804184
12383,322,0.10810872912406921
12384,323,0.036493800580501556
12385,323,0.03675369545817375
12386,323,0.2640833258628845
12387,323,0.20876330137252808
12388,323,0.1301967203617096
12389,323,0.3411408066749573
12390,323,0.24439112842082977
12391,323,0.17179954051971436
12392,323,0.17044344544410706
12393,323,0.03027186542749405
12394,323,0.04973874241113663
12395,323,0.13074854016304016
12396,323,0.19299188256263733
12397,323,0.11635333299636841
12398,323,0.13117694854736328
12399,323,0.04181205853819847
12400,323,0.022965770214796066
12401,323,0.1919710785150528
12402,324,0.12214405089616776
12403,324,0.16043418645858765
12404,324,0.19649596512317657
12405,324,0.04083830490708351
12406,324,0.03586258366703987
12407,324,0.2721930146217346
12408,324,0.2047404944896698
12409,324,0.10341988503932953
12410,324,0.19503721594810486
12411,324,0.41753092408180237
12412,324,0.35041821002960205
12413,324,0.03343038260936737
12414,324,0.38579437136650085
12415,324,0.2614744007587433
12416,324,0.11252275854349136
12417,324,0.2085624486207962
12418,324,0.20981910824775696
12419,324,0.10685452818870544
12420,324,0.11984287947416306
12421,324,0.030561689287424088
12422,324,0.20786109566688538
12423,324,0.17193922400474548
12424,324,0.13450907170772552
12425,325,0.08837902545928955
12426,325,0.2191784381866455
12427,325,0.034194622188806534
12428,325,0.22058194875717163
12429,325,0.12388530373573303
12430,325,0.11522500216960907
12431,325,0.11436648666858673
12432,325,0.11348949372768402
12433,325,0.17556428909301758
12434,325,0.25160303711891174
12435,325,0.10448234528303146
12436,325,0.10265686362981796
12437,325,0.050440143793821335
12438,325,0.1886265128850937
12439,326,0.35466712713241577
12440,326,0.12062115967273712
12441,326,0.11360806226730347
12442,326,0.11586356908082962
12443,326,0.11663958430290222
12444,326,0.2969752550125122
12445,326,0.031671345233917236
12446,326,0.03409454971551895
12447,326,0.1044173315167427
12448,326,0.20818398892879486
12449,326,0.24959538877010345
12450,326,0.13485711812973022
12451,326,0.28948184847831726
12452,326,0.3653106689453125
12453,326,0.14645303785800934
12454,326,0.09744055569171906
12455,327,0.18704962730407715
12456,327,0.11797141283750534
12457,327,0.275741308927536
12458,327,0.10005302727222443
12459,327,0.20359636843204498
12460,327,0.13413624465465546
12461,327,0.15649595856666565
12462,327,0.2600279450416565
12463,327,0.18870429694652557
12464,327,0.19143179059028625
12465,327,0.18346098065376282
12466,327,0.045188311487436295
12467,327,0.17577135562896729
12468,327,0.044601667672395706
12469,327,0.1841883659362793
12470,327,0.038072530180215836
12471,327,0.11238811910152435
12472,327,0.03147922828793526
12473,327,0.11393067240715027
12474,328,0.04825699329376221
12475,328,0.17985454201698303
12476,328,0.12657472491264343
12477,328,0.04814664274454117
12478,328,0.03925909101963043
12479,328,0.2788601517677307
12480,328,0.1945991814136505
12481,328,0.09011445939540863
12482,328,0.04382038116455078
12483,328,0.30304640531539917
12484,328,0.11445986479520798
12485,328,0.2265087515115738
12486,328,0.20799782872200012
12487,328,0.03999226912856102
12488,328,0.2032930552959442
12489,328,0.12073373794555664
12490,328,0.03286202251911163
12491,328,0.1964186429977417
12492,328,0.1108306497335434
12493,329,0.07383451610803604
12494,329,0.1135377436876297
12495,329,0.10500843822956085
12496,329,0.10557708889245987
12497,329,0.03747853264212608
12498,329,0.03210420534014702
12499,329,0.028052378445863724
12500,329,0.027244655415415764
12501,329,0.030600644648075104
12502,329,0.27327343821525574
12503,329,0.09808110445737839
12504,329,0.11000296473503113
12505,329,0.11804664134979248
12506,329,0.3703298568725586
12507,329,0.2792707085609436
12508,329,0.2782401442527771
12509,330,0.1889389008283615
12510,330,0.15526767075061798
12511,330,0.10750772804021835
12512,330,0.11583612114191055
12513,330,0.48087528347969055
12514,330,0.03184386342763901
12515,330,0.19365063309669495
12516,330,0.24582883715629578
12517,330,0.22707030177116394
12518,330,0.30125972628593445
12519,330,0.21486921608448029
12520,330,0.1106434017419815
12521,330,0.23187585175037384
12522,330,0.10901997238397598
12523,330,0.13674552738666534
12524,331,0.03555156663060188
12525,331,0.12721504271030426
12526,331,0.10391931980848312
12527,331,0.0243592020124197
12528,331,0.1346372663974762
12529,331,0.03586564213037491
12530,331,0.376327782869339
12531,331,0.03298214450478554
12532,331,0.1859339475631714
12533,331,0.02654978632926941
12534,331,0.02443530783057213
12535,331,0.29099854826927185
12536,331,0.1121358871459961
12537,331,0.1996573805809021
12538,331,0.2779602110385895
12539,331,0.10553266108036041
12540,331,0.2782100737094879
12541,331,0.029131831601262093
12542,331,0.03264787420630455
12543,331,0.17411887645721436
12544,331,0.27529188990592957
12545,331,0.11831432580947876
12546,331,0.11951898783445358
12547,331,0.1926664412021637
12548,331,0.10748729854822159
12549,331,0.09659041464328766
12550,331,0.19134679436683655
12551,331,0.09794198721647263
12552,331,0.2727144956588745
12553,331,0.3208509683609009
12554,332,0.2857993245124817
12555,332,0.1422235667705536
12556,332,0.029847867786884308
12557,332,0.1972508281469345
12558,332,0.1760963797569275
12559,332,0.27829405665397644
12560,332,0.03971721976995468
12561,332,0.1212167963385582
12562,332,0.12988467514514923
12563,332,0.03207526355981827
12564,332,0.10895285755395889
12565,332,0.12786565721035004
12566,332,0.03547550365328789
12567,332,0.13333995640277863
12568,332,0.11935468018054962
12569,332,0.21416428685188293
12570,332,0.3118882179260254
12571,332,0.22328521311283112
12572,332,0.1761748045682907
12573,332,0.1222798228263855
12574,332,0.166885107755661
12575,332,0.12388721853494644
12576,332,0.20766054093837738
12577,332,0.12189213186502457
12578,332,0.35372936725616455
12579,332,0.12838302552700043
12580,332,0.11842001974582672
12581,332,0.09768467396497726
12582,332,0.09602503478527069
12583,332,0.03743155300617218
12584,333,0.09400788694620132
12585,333,0.02961180917918682
12586,333,0.12274537980556488
12587,333,0.036225080490112305
12588,333,0.19881610572338104
12589,333,0.09954291582107544
12590,333,0.48951706290245056
12591,333,0.2150299847126007
12592,333,0.11014853417873383
12593,333,0.16048814356327057
12594,333,0.12402545660734177
12595,333,0.11981809139251709
12596,333,0.3030877709388733
12597,333,0.2823333740234375
12598,333,0.1792519986629486
12599,333,0.16524821519851685
12600,333,0.09715810418128967
12601,333,0.03341328352689743
12602,333,0.12869231402873993
12603,333,0.549609899520874
12604,333,0.11686123162508011
12605,333,0.09542697668075562
12606,334,0.2007419466972351
12607,334,0.1156499981880188
12608,334,0.13610771298408508
12609,334,0.0351545549929142
12610,334,0.022209202870726585
12611,334,0.09557712078094482
12612,334,0.10967040807008743
12613,334,0.02416793815791607
12614,335,0.03085196577012539
12615,335,0.345538854598999
12616,335,0.547006368637085
12617,335,0.03435465693473816
12618,335,0.035786695778369904
12619,335,0.032025404274463654
12620,335,0.021227071061730385
12621,335,0.2295166403055191
12622,335,0.20393288135528564
12623,335,0.12329418957233429
12624,335,0.028150446712970734
12625,335,0.13600096106529236
12626,335,0.040445052087306976
12627,335,0.32826516032218933
12628,335,0.04489680752158165
12629,335,0.11308997869491577
12630,336,0.35645806789398193
12631,336,0.2014227658510208
12632,336,0.2764432728290558
12633,336,0.1290627419948578
12634,336,0.3656300902366638
12635,336,0.03372260183095932
12636,336,0.17808844149112701
12637,336,0.022825492545962334
12638,336,0.18041208386421204
12639,336,0.18852870166301727
12640,336,0.4008323550224304
12641,337,0.3791719675064087
12642,337,0.14080391824245453
12643,337,0.03315972164273262
12644,337,0.034858040511608124
12645,337,0.1231641098856926
12646,337,0.3222452700138092
12647,337,0.026649637147784233
12648,337,0.04736129939556122
12649,337,0.3424377143383026
12650,337,0.19235411286354065
12651,337,0.20468704402446747
12652,337,0.1394961178302765
12653,337,0.13025987148284912
12654,338,0.1843467503786087
12655,338,0.04477645456790924
12656,338,0.10906907916069031
12657,338,0.11110034584999084
12658,338,0.1852269470691681
12659,338,0.11354929953813553
12660,338,0.10520685464143753
12661,338,0.1801152527332306
12662,338,0.057157963514328
12663,338,0.09886565059423447
12664,338,0.028878774493932724
12665,338,0.10406231135129929
12666,338,0.20835912227630615
12667,338,0.3077976405620575
12668,338,0.19830697774887085
12669,338,0.20001965761184692
12670,338,0.29134005308151245
12671,338,0.13336844742298126
12672,339,0.02521173469722271
12673,339,0.10830849409103394
12674,339,0.33813604712486267
12675,339,0.2808886170387268
12676,339,0.015263902023434639
12677,339,0.025015242397785187
12678,339,0.23097927868366241
12679,339,0.186976358294487
12680,339,0.0960383489727974
12681,339,0.31391382217407227
12682,339,0.27726197242736816
12683,339,0.10181929171085358
12684,339,0.03291301801800728
12685,339,0.12818391621112823
12686,339,0.13280731439590454
12687,339,0.20909102261066437
12688,339,0.19442571699619293
12689,339,0.2746168076992035
12690,339,0.18353399634361267
12691,339,0.19378522038459778
12692,339,0.1421956717967987
12693,340,0.022661887109279633
12694,340,0.20008361339569092
12695,340,0.11566948890686035
12696,340,0.28273576498031616
12697,340,0.0410965234041214
12698,340,0.2428065985441208
12699,340,0.026848500594496727
12700,340,0.19500795006752014
12701,340,0.027474764734506607
12702,340,0.08481301367282867
12703,340,0.030756864696741104
12704,340,0.11370883136987686
12705,340,0.1310538500547409
12706,340,0.3815975487232208
12707,340,0.16896362602710724
12708,340,0.2816852927207947
12709,340,0.1846977025270462
12710,341,0.135431706905365
12711,341,0.135663241147995
12712,341,0.19999326765537262
12713,341,0.13152500987052917
12714,341,0.22830088436603546
12715,341,0.03295816108584404
12716,341,0.10640762746334076
12717,341,0.12041323632001877
12718,341,0.04346528649330139
12719,341,0.19178101420402527
12720,341,0.37189018726348877
12721,341,0.029385311529040337
12722,341,0.11534199863672256
12723,341,0.3116416037082672
12724,341,0.26566728949546814
12725,341,0.21120575070381165
12726,341,0.39032748341560364
12727,341,0.11037316918373108
12728,341,0.19069570302963257
12729,341,0.19738945364952087
12730,341,0.11878762394189835
12731,341,0.09839965403079987
12732,341,0.11151181161403656
12733,342,0.11403510719537735
12734,342,0.1911894530057907
12735,342,0.05301652476191521
12736,342,0.11739823967218399
12737,342,0.11752375215291977
12738,342,0.02060401812195778
12739,342,0.3299364447593689
12740,342,0.3017437756061554
12741,342,0.09784949570894241
12742,342,0.022975564002990723
12743,343,0.024871621280908585
12744,343,0.037787944078445435
12745,343,0.1311456710100174
12746,343,0.10542067140340805
12747,343,0.10662063956260681
12748,343,0.09575760364532471
12749,343,0.12537844479084015
12750,343,0.19061842560768127
12751,343,0.12451422214508057
12752,343,0.18130990862846375
12753,343,0.11324149370193481
12754,343,0.2211081087589264
12755,343,0.19520562887191772
12756,343,0.18958429992198944
12757,343,0.11003708839416504
12758,344,0.12937863171100616
12759,344,0.12604059278964996
12760,344,0.19200292229652405
12761,344,0.25342413783073425
12762,344,0.19350972771644592
12763,344,0.034620240330696106
12764,344,0.037108149379491806
12765,344,0.1872040182352066
12766,344,0.1303485482931137
12767,344,0.20592258870601654
12768,344,0.18794208765029907
12769,344,0.04864219203591347
12770,344,0.274387925863266
12771,344,0.37435585260391235
12772,344,0.18563081324100494
12773,344,0.21037839353084564
12774,344,0.25842389464378357
12775,345,0.13550452888011932
12776,345,0.17126008868217468
12777,345,0.1111520379781723
12778,345,0.18299603462219238
12779,345,0.02560677006840706
12780,345,0.1341710090637207
12781,345,0.25393539667129517
12782,345,0.0483684241771698
12783,345,0.2901194989681244
12784,345,0.20493124425411224
12785,345,0.0388864204287529
12786,345,0.041527941823005676
12787,345,0.20305787026882172
12788,345,0.11586270481348038
12789,346,0.21810214221477509
12790,346,0.2067716270685196
12791,346,0.19233839213848114
12792,346,0.11803574860095978
12793,346,0.12427526712417603
12794,346,0.12366338074207306
12795,346,0.1226123571395874
12796,346,0.19500261545181274
12797,346,0.18907076120376587
12798,346,0.131837397813797
12799,346,0.13842080533504486
12800,346,0.22363559901714325
12801,346,0.2765246331691742
12802,346,0.11082423478364944
12803,346,0.1128287985920906
12804,346,0.23487696051597595
12805,346,0.22408685088157654
12806,346,0.09868083894252777
12807,346,0.2909359931945801
12808,347,0.07750291377305984
12809,347,0.10566534101963043
12810,347,0.031510669738054276
12811,347,0.13848687708377838
12812,347,0.11386040598154068
12813,347,0.18251468241214752
12814,347,0.11450210958719254
12815,347,0.03404715657234192
12816,347,0.09896963089704514
12817,347,0.11595965921878815
12818,347,0.15848922729492188
12819,347,0.13160407543182373
12820,347,0.10756287723779678
12821,347,0.25484639406204224
12822,347,0.03150928393006325
12823,347,0.3142700493335724
12824,347,0.10563065111637115
12825,347,0.12829259037971497
12826,347,0.19542652368545532
12827,347,0.027820443734526634
12828,347,0.2003936767578125
12829,347,0.0318363681435585
12830,347,0.12430919706821442
12831,347,0.24841922521591187
12832,348,0.02789551019668579
12833,348,0.21064500510692596
12834,348,0.10318968445062637
12835,348,0.25584155321121216
12836,348,0.2117408961057663
12837,348,0.2729704678058624
12838,348,0.11781181395053864
12839,348,0.1953994482755661
12840,348,0.2903534770011902
12841,348,0.2282538264989853
12842,348,0.11898407340049744
12843,348,0.1310090571641922
12844,348,0.2704887390136719
12845,348,0.20233124494552612
12846,349,0.044865939766168594
12847,349,0.09448785334825516
12848,349,0.11688310652971268
12849,349,0.03711257874965668
12850,349,0.16748793423175812
12851,349,0.19687345623970032
12852,349,0.10046254098415375
12853,349,0.2222338169813156
12854,349,0.20256952941417694
12855,349,0.11475706845521927
12856,349,0.10068658739328384
12857,349,0.2927234172821045
12858,349,0.027191201224923134
12859,349,0.47824937105178833
12860,349,0.09773954004049301
12861,349,0.09574344009160995
12862,349,0.12144393473863602
12863,349,0.10533804446458817
12864,349,0.04428596794605255
12865,349,0.21004730463027954
12866,349,0.032889798283576965
12867,349,0.1815704107284546
12868,349,0.13988809287548065
12869,349,0.022320199757814407
12870,349,0.131503164768219
12871,350,0.04055074602365494
12872,350,0.12757417559623718
12873,350,0.33298397064208984
12874,350,0.09393391758203506
12875,350,0.3653189241886139
12876,350,0.112269327044487
12877,350,0.09166579693555832
12878,350,0.23209494352340698
12879,350,0.18883708119392395
12880,350,0.26950380206108093
12881,350,0.10686441510915756
12882,350,0.1951431781053543
12883,350,0.03332432731986046
12884,350,0.46864497661590576
12885,350,0.38246482610702515
12886,350,0.130107581615448
12887,350,0.1727650910615921
12888,350,0.09697528183460236
12889,350,0.3610922694206238
12890,351,0.2611357271671295
12891,351,0.03141460195183754
12892,351,0.2051377296447754
12893,351,0.1861632913351059
12894,351,0.17528028786182404
12895,351,0.14329536259174347
12896,351,0.13956429064273834
12897,351,0.3414333164691925
12898,351,0.08575335890054703
12899,351,0.11149777472019196
12900,351,0.1055087074637413
12901,351,0.2564474940299988
12902,351,0.0907730907201767
12903,352,0.22587881982326508
12904,352,0.2606460452079773
12905,352,0.13678690791130066
12906,352,0.3582412302494049
12907,352,0.03131669759750366
12908,352,0.12130085378885269
12909,352,0.33095791935920715
12910,352,0.13603514432907104
12911,352,0.17540231347084045
12912,352,0.178771510720253
12913,352,0.09444783627986908
12914,352,0.024109475314617157
12915,352,0.36986085772514343
12916,352,0.18122126162052155
12917,352,0.13060861825942993
12918,352,0.10523806512355804
12919,352,0.1720738708972931
12920,352,0.1061050221323967
12921,352,0.0330604687333107
12922,352,0.12317634373903275
12923,352,0.016485130414366722
12924,353,0.09594123810529709
12925,353,0.21500086784362793
12926,353,0.2733854651451111
12927,353,0.1384705901145935
12928,353,0.13645145297050476
12929,353,0.028527550399303436
12930,353,0.1746843010187149
12931,353,0.22130218148231506
12932,353,0.26442113518714905
12933,353,0.10878285765647888
12934,353,0.18204635381698608
12935,353,0.23045244812965393
12936,353,0.12265028804540634
12937,353,0.10373629629611969
12938,353,0.1261172890663147
12939,353,0.10648482292890549
12940,353,0.09907043725252151
12941,353,0.20852525532245636
12942,353,0.43427520990371704
12943,353,0.22427278757095337
12944,353,0.22005726397037506
12945,353,0.12096038460731506
12946,353,0.24164794385433197
12947,354,0.08856098353862762
12948,354,0.12448082119226456
12949,354,0.20053862035274506
12950,354,0.3585869073867798
12951,354,0.2798767387866974
12952,354,0.13188719749450684
12953,354,0.19595618546009064
12954,354,0.543437123298645
12955,354,0.1950135976076126
12956,354,0.18130166828632355
12957,354,0.18079255521297455
12958,354,0.17638354003429413
12959,354,0.1105007454752922
12960,355,0.04269471764564514
12961,355,0.12776397168636322
12962,355,0.03908747434616089
12963,355,0.1924654096364975
12964,355,0.18297503888607025
12965,355,0.18707063794136047
12966,355,0.2749840021133423
12967,355,0.031116461381316185
12968,355,0.03421872854232788
12969,355,0.018817761912941933
12970,355,0.2202819436788559
12971,356,0.04030940309166908
12972,356,0.1091037318110466
12973,356,0.28556567430496216
12974,356,0.2605319321155548
12975,356,0.09727809578180313
12976,356,0.1940574049949646
12977,356,0.14162111282348633
12978,356,0.026548683643341064
12979,356,0.03324607014656067
12980,356,0.3447679877281189
12981,356,0.19830074906349182
12982,356,0.24540770053863525
12983,356,0.10024550557136536
12984,356,0.09916077554225922
12985,356,0.028587941080331802
12986,356,0.1262880563735962
12987,356,0.07163334637880325
12988,356,0.11466600000858307
12989,356,0.10664693266153336
12990,357,0.030768495053052902
12991,357,0.034313540905714035
12992,357,0.3872828781604767
12993,357,0.12554346024990082
12994,357,0.11677233129739761
12995,357,0.09335999190807343
12996,357,0.04041079804301262
12997,357,0.20648588240146637
12998,357,0.1893540918827057
12999,357,0.02108648791909218
13000,357,0.021118097007274628
13001,357,0.10187118500471115
13002,357,0.2117169350385666
13003,357,0.11581173539161682
13004,357,0.2554754614830017
13005,357,0.03683025389909744
13006,357,0.20611023902893066
13007,357,0.3007470667362213
13008,357,0.3086393177509308
13009,357,0.22363440692424774
13010,357,0.3610278069972992
13011,357,0.3919743001461029
13012,357,0.35839834809303284
13013,357,0.19988878071308136
13014,357,0.23420387506484985
13015,357,0.24173232913017273
13016,357,0.04813334345817566
13017,357,0.047758765518665314
13018,357,0.2862015664577484
13019,357,0.13454614579677582
13020,357,0.20387113094329834
13021,358,0.03165478631854057
13022,358,0.18471312522888184
13023,358,0.14913049340248108
13024,358,0.21350932121276855
13025,358,0.2108687460422516
13026,358,0.11191682517528534
13027,358,0.11616148799657822
13028,358,0.026777204126119614
13029,358,0.1429665982723236
13030,358,0.029593775048851967
13031,358,0.10404813289642334
13032,358,0.16260647773742676
13033,358,0.23103654384613037
13034,358,0.03026440367102623
13035,358,0.36142590641975403
13036,358,0.1384783387184143
13037,358,0.21472933888435364
13038,358,0.02676636353135109
13039,358,0.29692158102989197
13040,358,0.20292285084724426
13041,359,0.22079616785049438
13042,359,0.29687047004699707
13043,359,0.11710741370916367
13044,359,0.0347411185503006
13045,359,0.23782885074615479
13046,359,0.20804336667060852
13047,359,0.21953457593917847
13048,359,0.02908436954021454
13049,359,0.14164592325687408
13050,359,0.11239160597324371
13051,359,0.11945643275976181
13052,359,0.2891943156719208
13053,359,0.04339640215039253
13054,359,0.027257319539785385
13055,359,0.11841312050819397
13056,359,0.028230462223291397
13057,360,0.2065223902463913
13058,360,0.3687712848186493
13059,360,0.5321716070175171
13060,360,0.27978262305259705
13061,360,0.1730145812034607
13062,360,0.04400661587715149
13063,360,0.136671245098114
13064,360,0.280117392539978
13065,360,0.1888435184955597
13066,360,0.19162172079086304
13067,360,0.10169220715761185
13068,360,0.11480116844177246
13069,360,0.22062289714813232
13070,360,0.2366924285888672
13071,360,0.1233815923333168
13072,360,0.14260995388031006
13073,360,0.17969182133674622
13074,360,0.3009602725505829
13075,360,0.21198157966136932
13076,361,0.19044145941734314
13077,361,0.13693073391914368
13078,361,0.18547727167606354
13079,361,0.10272683203220367
13080,361,0.19023141264915466
13081,361,0.10035817325115204
13082,361,0.2206517457962036
13083,361,0.22949083149433136
13084,361,0.029558071866631508
13085,361,0.04006671905517578
13086,361,0.22199556231498718
13087,361,0.2449115514755249
13088,361,0.2977074086666107
13089,361,0.042291074991226196
13090,361,0.3911305367946625
13091,361,0.10941818356513977
13092,361,0.2691188454627991
13093,361,0.34827977418899536
13094,361,0.4172978103160858
13095,361,0.22206395864486694
13096,361,0.34943801164627075
13097,361,0.026816928759217262
13098,362,0.11873789131641388
13099,362,0.13269449770450592
13100,362,0.31090986728668213
13101,362,0.1163313016295433
13102,362,0.31326067447662354
13103,362,0.09985540062189102
13104,362,0.18921233713626862
13105,362,0.191376730799675
13106,362,0.20549942553043365
13107,362,0.04347499832510948
13108,362,0.1127443015575409
13109,362,0.036314092576503754
13110,362,0.17673653364181519
13111,362,0.026515090838074684
13112,362,0.1159965991973877
13113,362,0.20706018805503845
13114,363,0.19459785521030426
13115,363,0.12369988858699799
13116,363,0.2805352509021759
13117,363,0.19329829514026642
13118,363,0.17651434242725372
13119,363,0.19879412651062012
13120,363,0.17534147202968597
13121,363,0.2891683578491211
13122,363,0.1774275004863739
13123,363,0.09980353713035583
13124,363,0.29934704303741455
13125,363,0.1922065019607544
13126,363,0.23093675076961517
13127,363,0.1028411015868187
13128,363,0.2639061212539673
13129,363,0.18043729662895203
13130,363,0.09198804199695587
13131,363,0.11996493488550186
13132,363,0.19228693842887878
13133,363,0.035896848887205124
13134,363,0.1205235943198204
13135,363,0.3653199374675751
13136,364,0.0434233620762825
13137,364,0.03296271339058876
13138,364,0.11688552051782608
13139,364,0.38610413670539856
13140,364,0.03150380402803421
13141,364,0.0338604673743248
13142,364,0.24797220528125763
13143,364,0.1369120478630066
13144,364,0.032937631011009216
13145,364,0.029237255454063416
13146,364,0.44811293482780457
13147,364,0.03125263750553131
13148,364,0.18445296585559845
13149,364,0.2015518695116043
13150,364,0.1515524983406067
13151,364,0.03403585031628609
13152,364,0.1026715636253357
13153,364,0.29634109139442444
13154,364,0.15265455842018127
13155,364,0.12205785512924194
13156,364,0.11739692091941833
13157,364,0.038083888590335846
13158,364,0.11727641522884369
13159,364,0.2808960974216461
13160,365,0.4972267150878906
13161,365,0.04893871396780014
13162,365,0.032423052936792374
13163,365,0.12087997794151306
13164,365,0.15127116441726685
13165,365,0.3376121520996094
13166,365,0.20429034531116486
13167,365,0.18688331544399261
13168,365,0.37206101417541504
13169,365,0.11757688224315643
13170,365,0.20275557041168213
13171,365,0.1368018090724945
13172,365,0.1416100710630417
13173,365,0.12898612022399902
13174,365,0.11477327346801758
13175,365,0.14957091212272644
13176,365,0.06050299108028412
13177,365,0.18685035407543182
13178,365,0.5098822116851807
13179,365,0.1116940826177597
13180,366,0.141881063580513
13181,366,0.1334872990846634
13182,366,0.5064719915390015
13183,366,0.04290845990180969
13184,366,0.11409517377614975
13185,366,0.03329049423336983
13186,366,0.10306254774332047
13187,366,0.02738846093416214
13188,366,0.16481885313987732
13189,366,0.2056543529033661
13190,366,0.2747730016708374
13191,366,0.024585556238889694
13192,367,0.18351128697395325
13193,367,0.16543781757354736
13194,367,0.1898377686738968
13195,367,0.19124695658683777
13196,367,0.022628797218203545
13197,367,0.1112949550151825
13198,367,0.3590008318424225
13199,367,0.18809589743614197
13200,367,0.293765664100647
13201,367,0.031924083828926086
13202,367,0.1439596563577652
13203,367,0.19932186603546143
13204,367,0.19032928347587585
13205,367,0.24591492116451263
13206,367,0.364620566368103
13207,367,0.11705686151981354
13208,368,0.12449757009744644
13209,368,0.10654681921005249
13210,368,0.2744932472705841
13211,368,0.11399737000465393
13212,368,0.11278210580348969
13213,368,0.10844320058822632
13214,368,0.18278855085372925
13215,368,0.10853047668933868
13216,368,0.12162116914987564
13217,368,0.2999420464038849
13218,369,0.1376977264881134
13219,369,0.26398852467536926
13220,369,0.12593382596969604
13221,369,0.4008559584617615
13222,369,0.027453094720840454
13223,369,0.21878887712955475
13224,369,0.10323597490787506
13225,369,0.21851609647274017
13226,369,0.159068301320076
13227,369,0.02745995484292507
13228,369,0.3238185942173004
13229,369,0.024474002420902252
13230,369,0.03003450110554695
13231,369,0.09679710865020752
13232,369,0.33200764656066895
13233,369,0.20363342761993408
13234,369,0.2151288390159607
13235,369,0.038380783051252365
13236,369,0.10151179134845734
13237,369,0.447332501411438
13238,369,0.18611985445022583
13239,370,0.28258249163627625
13240,370,0.12385459244251251
13241,370,0.029472898691892624
13242,370,0.037188511341810226
13243,370,0.18171638250350952
13244,370,0.10946835577487946
13245,370,0.13899016380310059
13246,370,0.1921529322862625
13247,370,0.030628614127635956
13248,370,0.37871307134628296
13249,370,0.10480348020792007
13250,370,0.030042635276913643
13251,370,0.18644195795059204
13252,370,0.26595592498779297
13253,370,0.11685153096914291
13254,370,0.11235186457633972
13255,371,0.3610915243625641
13256,371,0.09418248385190964
13257,371,0.3613147735595703
13258,371,0.31906968355178833
13259,371,0.3114807903766632
13260,371,0.04141053929924965
13261,371,0.13621701300144196
13262,371,0.2758420407772064
13263,371,0.12580518424510956
13264,371,0.053861647844314575
13265,371,0.13112464547157288
13266,371,0.2032773792743683
13267,371,0.3074745237827301
13268,371,0.05790694057941437
13269,371,0.13516592979431152
13270,371,0.02935822308063507
13271,371,0.2705824375152588
13272,371,0.30443015694618225
13273,371,0.4060825705528259
13274,371,0.2042204737663269
13275,371,0.2251587212085724
13276,371,0.06226889416575432
13277,371,0.048085860908031464
13278,371,0.028044428676366806
13279,371,0.32265999913215637
13280,372,0.21779751777648926
13281,372,0.03638200834393501
13282,372,0.10341572761535645
13283,372,0.1456732302904129
13284,372,0.1374184489250183
13285,372,0.11132113635540009
13286,372,0.19694958627223969
13287,372,0.03219372034072876
13288,372,0.1269025355577469
13289,372,0.19075089693069458
13290,372,0.38373273611068726
13291,372,0.26660558581352234
13292,372,0.21922653913497925
13293,373,0.18245406448841095
13294,373,0.03004373423755169
13295,373,0.19233594834804535
13296,373,0.24561773240566254
13297,373,0.2291770726442337
13298,373,0.141815185546875
13299,373,0.10537563264369965
13300,373,0.02238011546432972
13301,373,0.08623341470956802
13302,373,0.03775174170732498
13303,373,0.11528505384922028
13304,373,0.10445012152194977
13305,373,0.021287627518177032
13306,373,0.13899700343608856
13307,373,0.15028361976146698
13308,373,0.22719816863536835
13309,373,0.3699086904525757
13310,373,0.027832549065351486
13311,373,0.0238475538790226
13312,373,0.029109997674822807
13313,374,0.29803991317749023
13314,374,0.12331068515777588
13315,374,0.03530994802713394
13316,374,0.10031617432832718
13317,374,0.20322097837924957
13318,374,0.19132234156131744
13319,374,0.22223584353923798
13320,374,0.30508658289909363
13321,374,0.43395939469337463
13322,374,0.19425776600837708
13323,374,0.2577686011791229
13324,374,0.029068270698189735
13325,374,0.10701324045658112
13326,374,0.1975632756948471
13327,374,0.025259649381041527
13328,374,0.12034115195274353
13329,374,0.3530159890651703
13330,374,0.1299823671579361
13331,374,0.028675884008407593
13332,374,0.04113961383700371
13333,374,0.18209807574748993
13334,374,0.2865850627422333
13335,374,0.02877771109342575
13336,375,0.03910962492227554
13337,375,0.11606776714324951
13338,375,0.10120369493961334
13339,375,0.12793804705142975
13340,375,0.1155611053109169
13341,375,0.16465497016906738
13342,375,0.29338783025741577
13343,375,0.031109480187296867
13344,375,0.039449356496334076
13345,375,0.26517453789711
13346,375,0.11422895640134811
13347,375,0.2149239480495453
13348,375,0.10244513303041458
13349,375,0.21953098475933075
13350,375,0.4736160933971405
13351,375,0.12872913479804993
13352,375,0.12436926364898682
13353,375,0.11547673493623734
13354,375,0.364712119102478
13355,375,0.1927282214164734
13356,375,0.03165632486343384
13357,375,0.16619184613227844
13358,375,0.4547309875488281
13359,375,0.27483901381492615
13360,376,0.10827620327472687
13361,376,0.2593434453010559
13362,376,0.03792902082204819
13363,376,0.10655904561281204
13364,376,0.27582621574401855
13365,376,0.30256617069244385
13366,376,0.12976901233196259
13367,376,0.1787937581539154
13368,376,0.26624351739883423
13369,376,0.17454935610294342
13370,376,0.20153385400772095
13371,376,0.1195528581738472
13372,376,0.031414903700351715
13373,376,0.3532280921936035
13374,376,0.10451265424489975
13375,376,0.07755827158689499
13376,377,0.19633997976779938
13377,377,0.3589317500591278
13378,377,0.294855535030365
13379,377,0.04096762463450432
13380,377,0.12265049666166306
13381,377,0.11464481800794601
13382,377,0.17937223613262177
13383,377,0.053601156920194626
13384,377,0.2823958694934845
13385,377,0.12003027647733688
13386,377,0.2599322199821472
13387,377,0.3107600212097168
13388,377,0.13277055323123932
13389,377,0.1286550760269165
13390,377,0.11532077193260193
13391,377,0.11598747968673706
13392,377,0.043839916586875916
13393,377,0.4118017554283142
13394,377,0.24436534941196442
13395,377,0.12024902552366257
13396,377,0.13733769953250885
13397,377,0.11801096796989441
13398,377,0.03410475328564644
13399,377,0.18547362089157104
13400,378,0.2865811288356781
13401,378,0.02658367156982422
13402,378,0.3046393394470215
13403,378,0.11028768867254257
13404,378,0.1968413144350052
13405,378,0.023384911939501762
13406,378,0.2837156057357788
13407,378,0.11078974604606628
13408,378,0.21371081471443176
13409,378,0.12543369829654694
13410,378,0.21359948813915253
13411,378,0.1103750616312027
13412,378,0.03624076396226883
13413,378,0.16231921315193176
13414,378,0.027819715440273285
13415,378,0.10206274688243866
13416,378,0.22415661811828613
13417,378,0.023336172103881836
13418,378,0.2559439241886139
13419,379,0.11771894246339798
13420,379,0.21526150405406952
13421,379,0.02632569707930088
13422,379,0.09433837980031967
13423,379,0.20549392700195312
13424,379,0.21392880380153656
13425,379,0.4745773375034332
13426,379,0.13074958324432373
13427,379,0.18413451313972473
13428,379,0.32707902789115906
13429,379,0.10478216409683228
13430,379,0.021102458238601685
13431,379,0.16266916692256927
13432,379,0.1345706433057785
13433,379,0.21111902594566345
13434,379,0.29949307441711426
13435,379,0.20268522202968597
13436,379,0.10221293568611145
13437,379,0.1895383894443512
13438,379,0.2688038945198059
13439,380,0.4363214075565338
13440,380,0.4274231195449829
13441,380,0.2074042558670044
13442,380,0.030113425105810165
13443,380,0.03802693262696266
13444,380,0.04094229266047478
13445,380,0.1762942671775818
13446,380,0.20025420188903809
13447,380,0.3399319350719452
13448,380,0.4569041132926941
13449,380,0.2437894195318222
13450,380,0.14103688299655914
13451,380,0.28916528820991516
13452,380,0.03112175315618515
13453,381,0.30368009209632874
13454,381,0.10268167406320572
13455,381,0.20487092435359955
13456,381,0.19041752815246582
13457,381,0.10785029083490372
13458,381,0.394711434841156
13459,381,0.11317224055528641
13460,381,0.13805262744426727
13461,381,0.03250103071331978
13462,381,0.03875621408224106
13463,381,0.1030580922961235
13464,381,0.19017203152179718
13465,382,0.12359363585710526
13466,382,0.028399813920259476
13467,382,0.17029990255832672
13468,382,0.1335623562335968
13469,382,0.09076405316591263
13470,382,0.13573382794857025
13471,382,0.19838938117027283
13472,382,0.10649902373552322
13473,382,0.023281974717974663
13474,382,0.13278156518936157
13475,382,0.025354670360684395
13476,382,0.12878553569316864
13477,382,0.11357618868350983
13478,382,0.2015531212091446
13479,382,0.12962380051612854
13480,382,0.05278955027461052
13481,382,0.10304578393697739
13482,382,0.112565778195858
13483,382,0.11811323463916779
13484,383,0.2917167544364929
13485,383,0.2006046026945114
13486,383,0.2920948565006256
13487,383,0.11621596664190292
13488,383,0.1299991011619568
13489,383,0.2676585912704468
13490,383,0.03274203836917877
13491,383,0.11455848813056946
13492,383,0.1928955465555191
13493,383,0.028743334114551544
13494,383,0.03688560053706169
13495,383,0.03866056352853775
13496,383,0.033460892736911774
13497,383,0.28080156445503235
13498,383,0.13816356658935547
13499,383,0.13901129364967346
13500,383,0.1371242105960846
13501,383,0.07122735679149628
13502,383,0.23052120208740234
13503,383,0.18127067387104034
13504,383,0.19940026104450226
13505,384,0.20955979824066162
13506,384,0.09567970782518387
13507,384,0.13463595509529114
13508,384,0.184358611702919
13509,384,0.10750429332256317
13510,384,0.027537483721971512
13511,384,0.21468079090118408
13512,384,0.14136411249637604
13513,384,0.13748757541179657
13514,384,0.2076880782842636
13515,385,0.11275111138820648
13516,385,0.11251825094223022
13517,385,0.11626056581735611
13518,385,0.5510352253913879
13519,385,0.217563658952713
13520,385,0.12104599922895432
13521,385,0.30349230766296387
13522,385,0.14122357964515686
13523,385,0.12729087471961975
13524,385,0.03873907029628754
13525,386,0.48870691657066345
13526,386,0.12908810377120972
13527,386,0.023121820762753487
13528,386,0.1251331865787506
13529,386,0.34856218099594116
13530,386,0.21866896748542786
13531,386,0.2228504717350006
13532,386,0.19672562181949615
13533,386,0.18742409348487854
13534,386,0.10385730117559433
13535,386,0.3166137635707855
13536,386,0.1113080084323883
13537,386,0.19739630818367004
13538,386,0.13390295207500458
13539,387,0.1929507702589035
13540,387,0.12518367171287537
13541,387,0.033596303313970566
13542,387,0.17731168866157532
13543,387,0.12548694014549255
13544,387,0.13837331533432007
13545,387,0.036035288125276566
13546,387,0.2880435287952423
13547,387,0.20368699729442596
13548,387,0.2155325561761856
13549,388,0.030121712014079094
13550,388,0.037895720452070236
13551,388,0.13281479477882385
13552,388,0.10894391685724258
13553,388,0.034728702157735825
13554,388,0.4982077479362488
13555,388,0.22694131731987
13556,388,0.2791438698768616
13557,388,0.23839914798736572
13558,388,0.21700376272201538
13559,388,0.2091677039861679
13560,388,0.17922590672969818
13561,388,0.1448570042848587
13562,388,0.23395739495754242
13563,388,0.21548056602478027
13564,388,0.12418953329324722
13565,388,0.11175587773323059
13566,388,0.10978518426418304
13567,389,0.13315843045711517
13568,389,0.029308028519153595
13569,389,0.1241242066025734
13570,389,0.13044670224189758
13571,389,0.11011433601379395
13572,389,0.12030768394470215
13573,389,0.20718654990196228
13574,389,0.3702622354030609
13575,389,0.21177852153778076
13576,389,0.20501579344272614
13577,389,0.3000136613845825
13578,389,0.42228594422340393
13579,389,0.03975152224302292
13580,389,0.1059592068195343
13581,389,0.26039591431617737
13582,389,0.1196974441409111
13583,389,0.4175941050052643
13584,389,0.20440421998500824
13585,389,0.23087473213672638
13586,389,0.37736669182777405
13587,389,0.22298482060432434
13588,389,0.20677372813224792
13589,389,0.032850004732608795
13590,390,0.0199319738894701
13591,390,0.1276775449514389
13592,390,0.1132967621088028
13593,390,0.031126108020544052
13594,390,0.3926483988761902
13595,390,0.16701599955558777
13596,390,0.2991959750652313
13597,390,0.03298312798142433
13598,390,0.21391025185585022
13599,390,0.20467987656593323
13600,390,0.03404984995722771
13601,390,0.12066084891557693
13602,390,0.10894068330526352
13603,390,0.12423214316368103
13604,391,0.23472198843955994
13605,391,0.033575598150491714
13606,391,0.3486345410346985
13607,391,0.31753450632095337
13608,391,0.13923345506191254
13609,391,0.18772070109844208
13610,391,0.3175691068172455
13611,391,0.02665439434349537
13612,391,0.22524456679821014
13613,391,0.11268467456102371
13614,391,0.21366873383522034
13615,391,0.2915235757827759
13616,391,0.13910001516342163
13617,391,0.04396394267678261
13618,392,0.18509717285633087
13619,392,0.32001614570617676
13620,392,0.40258246660232544
13621,392,0.20956307649612427
13622,392,0.1973576694726944
13623,392,0.2127431035041809
13624,392,0.039848752319812775
13625,392,0.28337422013282776
13626,392,0.27818456292152405
13627,392,0.0314917117357254
13628,392,0.04765481501817703
13629,392,0.11976384371519089
13630,392,0.4675719141960144
13631,392,0.20922020077705383
13632,392,0.12110162526369095
13633,392,0.38948217034339905
13634,392,0.1955132633447647
13635,392,0.20595252513885498
13636,392,0.3862234950065613
13637,392,0.2213270664215088
13638,393,0.11129394918680191
13639,393,0.4057616889476776
13640,393,0.11725126206874847
13641,393,0.12675026059150696
13642,393,0.1990669071674347
13643,393,0.11049013584852219
13644,393,0.031214632093906403
13645,393,0.18463169038295746
13646,393,0.10924535989761353
13647,393,0.2242090106010437
13648,393,0.02883722260594368
13649,393,0.12639233469963074
13650,393,0.23763568699359894
13651,393,0.381960928440094
13652,393,0.05602560564875603
13653,393,0.1299251914024353
13654,393,0.03507993370294571
13655,393,0.2228533774614334
13656,393,0.12030947208404541
13657,394,0.12458393722772598
13658,394,0.03298858180642128
13659,394,0.22705741226673126
13660,394,0.03968985006213188
13661,394,0.22491507232189178
13662,394,0.11307509243488312
13663,394,0.11235203593969345
13664,394,0.165410578250885
13665,394,0.03299262747168541
13666,394,0.529086172580719
13667,394,0.1900593489408493
13668,394,0.02831616811454296
13669,394,0.21338501572608948
13670,394,0.02467752993106842
13671,394,0.02021341398358345
13672,394,0.0183560810983181
13673,394,0.1266082525253296
13674,394,0.020219385623931885
13675,395,0.19838088750839233
13676,395,0.03925658389925957
13677,395,0.1277666836977005
13678,395,0.20299510657787323
13679,395,0.2979603707790375
13680,395,0.11905648559331894
13681,395,0.1906241625547409
13682,395,0.24601657688617706
13683,395,0.1040017157793045
13684,395,0.024776635691523552
13685,395,0.21424952149391174
13686,395,0.26758483052253723
13687,395,0.11112671345472336
13688,395,0.1814442276954651
13689,395,0.21685537695884705
13690,395,0.1978044956922531
13691,395,0.12045468389987946
13692,395,0.3092791438102722
13693,395,0.10917732119560242
13694,395,0.10168509185314178
13695,396,0.1012493148446083
13696,396,0.26480981707572937
13697,396,0.24279311299324036
13698,396,0.02385777235031128
13699,396,0.03389276564121246
13700,396,0.11915578693151474
13701,396,0.13534492254257202
13702,396,0.11817925423383713
13703,396,0.1391739845275879
13704,396,0.10744652152061462
13705,396,0.09517128765583038
13706,396,0.021555110812187195
13707,396,0.11731718480587006
13708,396,0.2973594069480896
13709,396,0.052787765860557556
13710,396,0.19816266000270844
13711,396,0.21566002070903778
13712,396,0.1178128570318222
13713,396,0.20478235185146332
13714,396,0.05360694229602814
13715,397,0.03994196653366089
13716,397,0.04647846892476082
13717,397,0.20552124083042145
13718,397,0.19164031744003296
13719,397,0.18633481860160828
13720,397,0.14854003489017487
13721,397,0.3250882029533386
13722,397,0.11448916047811508
13723,397,0.02810170128941536
13724,397,0.11287394165992737
13725,397,0.035184163600206375
13726,397,0.12254880368709564
13727,397,0.21042919158935547
13728,397,0.09975922107696533
13729,397,0.21485888957977295
13730,397,0.317366361618042
13731,397,0.10752739012241364
13732,397,0.029372576624155045
13733,397,0.10565993189811707
13734,397,0.4977049231529236
13735,397,0.2192375361919403
13736,397,0.035931311547756195
13737,397,0.18975625932216644
13738,397,0.13251808285713196
13739,398,0.11905865371227264
13740,398,0.29094114899635315
13741,398,0.04178876429796219
13742,398,0.354225218296051
13743,398,0.11729656159877777
13744,398,0.3391103744506836
13745,398,0.12442812323570251
13746,398,0.2100675255060196
13747,398,0.13631956279277802
13748,398,0.11490611732006073
13749,398,0.1458670049905777
13750,398,0.14356830716133118
13751,398,0.05802101269364357
13752,398,0.2802821397781372
13753,398,0.11279340833425522
13754,398,0.2054532766342163
13755,398,0.10509217530488968
13756,398,0.04040544107556343
13757,398,0.31660765409469604
13758,398,0.21349038183689117
13759,398,0.21695399284362793
13760,398,0.4700140357017517
13761,398,0.480948805809021
13762,398,0.041839320212602615
13763,399,0.12311165034770966
13764,399,0.024490203708410263
13765,399,0.026915524154901505
13766,399,0.3236769139766693
13767,399,0.2598906457424164
13768,399,0.20562447607517242
13769,399,0.11951160430908203
13770,399,0.3688429296016693
13771,399,0.04373683035373688
13772,399,0.1343032419681549
13773,399,0.2746824026107788
13774,399,0.3582942485809326
13775,399,0.3384968340396881
13776,399,0.3670562505722046
13777,399,0.20581018924713135
13778,399,0.19198386371135712
13779,399,0.40783601999282837
13780,399,0.13999171555042267
13781,399,0.277904748916626
13782,400,0.218120276927948
13783,400,0.1278303563594818
13784,400,0.1137508898973465
13785,400,0.1982136219739914
13786,400,0.22400632500648499
13787,400,0.2447047382593155
13788,400,0.19386252760887146
13789,400,0.11004464328289032
13790,400,0.40097054839134216
13791,400,0.2336800992488861
13792,400,0.19573724269866943
13793,401,0.28425365686416626
13794,401,0.19725504517555237
13795,401,0.28002673387527466
13796,401,0.031999144703149796
13797,401,0.2969120144844055
13798,401,0.11988668143749237
13799,401,0.03555510193109512
13800,401,0.029756488278508186
13801,401,0.11779536306858063
13802,401,0.025832051411271095
13803,401,0.024904998019337654
13804,401,0.45337975025177
13805,401,0.11927526444196701
13806,401,0.22846166789531708
13807,401,0.2089354544878006
13808,401,0.201912984251976
13809,401,0.2462342232465744
13810,401,0.02685861475765705
13811,401,0.280795156955719
13812,401,0.21135033667087555
13813,401,0.3016311526298523
13814,401,0.033361487090587616
13815,402,0.21198216080665588
13816,402,0.03166740760207176
13817,402,0.4856577217578888
13818,402,0.27400484681129456
13819,402,0.2014891803264618
13820,402,0.22492080926895142
13821,402,0.12022115290164948
13822,402,0.13182027637958527
13823,402,0.24321237206459045
13824,402,0.27848681807518005
13825,402,0.21751849353313446
13826,402,0.10592161118984222
13827,402,0.30740922689437866
13828,402,0.16035912930965424
13829,402,0.03343057259917259
13830,402,0.22449949383735657
13831,402,0.2134101539850235
13832,402,0.11035780608654022
13833,402,0.28640609979629517
13834,402,0.22828632593154907
13835,402,0.12398628890514374
13836,403,0.03559024631977081
13837,403,0.20828844606876373
13838,403,0.11247605830430984
13839,403,0.10901573300361633
13840,403,0.19017988443374634
13841,403,0.11505158990621567
13842,403,0.030341122299432755
13843,403,0.31157487630844116
13844,404,0.04156258702278137
13845,404,0.1862565577030182
13846,404,0.10467208176851273
13847,404,0.2875211536884308
13848,404,0.3819747865200043
13849,404,0.30161982774734497
13850,404,0.19515979290008545
13851,404,0.03001987561583519
13852,404,0.11344805359840393
13853,404,0.11574186384677887
13854,404,0.40850210189819336
13855,404,0.33325451612472534
13856,404,0.20434634387493134
13857,404,0.31974589824676514
13858,404,0.12086379528045654
13859,404,0.26726076006889343
13860,404,0.19288432598114014
13861,405,0.13577382266521454
13862,405,0.13154996931552887
13863,405,0.2464393973350525
13864,405,0.1095936968922615
13865,405,0.03501064330339432
13866,405,0.11368453502655029
13867,405,0.03536669909954071
13868,405,0.03154226392507553
13869,405,0.22370779514312744
13870,405,0.22064009308815002
13871,405,0.12209288775920868
13872,405,0.19889229536056519
13873,405,0.19118879735469818
13874,405,0.1866057813167572
13875,405,0.197441965341568
13876,405,0.38036972284317017
13877,406,0.16655343770980835
13878,406,0.3700929582118988
13879,406,0.12337156385183334
13880,406,0.11698222905397415
13881,406,0.16729681193828583
13882,406,0.11655011773109436
13883,406,0.12819993495941162
13884,406,0.22598811984062195
13885,406,0.2219885289669037
13886,406,0.030981140211224556
13887,406,0.317894846200943
13888,406,0.1299925595521927
13889,406,0.2429169863462448
13890,406,0.35745224356651306
13891,406,0.12599784135818481
13892,406,0.5734835267066956
13893,406,0.36665982007980347
13894,406,0.49311643838882446
13895,406,0.09769406914710999
13896,406,0.02472790703177452
13897,406,0.33207055926322937
13898,406,0.4360906779766083
13899,407,0.034132227301597595
13900,407,0.10163044929504395
13901,407,0.10074809938669205
13902,407,0.23291943967342377
13903,407,0.18219874799251556
13904,407,0.3128505051136017
13905,407,0.3002597689628601
13906,407,0.19431626796722412
13907,407,0.1082584336400032
13908,407,0.29344093799591064
13909,407,0.1890324205160141
13910,407,0.1909758448600769
13911,407,0.11592984199523926
13912,407,0.23845870792865753
13913,407,0.1742723137140274
13914,407,0.2554495632648468
13915,407,0.03462563455104828
13916,407,0.3637924790382385
13917,407,0.2767493426799774
13918,407,0.2930271625518799
13919,407,0.10999224334955215
13920,408,0.3373720645904541
13921,408,0.04006960615515709
13922,408,0.039063867181539536
13923,408,0.2970709502696991
13924,408,0.1907854676246643
13925,408,0.5347106456756592
13926,408,0.2787880003452301
13927,408,0.1914941668510437
13928,409,0.11912494152784348
13929,409,0.15586966276168823
13930,409,0.11055289953947067
13931,409,0.20355293154716492
13932,409,0.11071068048477173
13933,409,0.1092376857995987
13934,409,0.3593602180480957
13935,409,0.03528374433517456
13936,409,0.025943417102098465
13937,409,0.03185124322772026
13938,409,0.01956566423177719
13939,409,0.2992001175880432
13940,409,0.11809618771076202
13941,410,0.11348093301057816
13942,410,0.2188035547733307
13943,410,0.3602338135242462
13944,410,0.3833610713481903
13945,410,0.05092552676796913
13946,410,0.11777994781732559
13947,410,0.02947504259645939
13948,410,0.3916556239128113
13949,410,0.10498053580522537
13950,410,0.229392409324646
13951,410,0.02075456827878952
13952,410,0.22318610548973083
13953,410,0.030561145395040512
13954,410,0.36044588685035706
13955,410,0.14025016129016876
13956,410,0.11122661083936691
13957,410,0.19199685752391815
13958,410,0.34939464926719666
13959,410,0.02378786914050579
13960,410,0.5040348768234253
13961,410,0.18964643776416779
13962,410,0.29452213644981384
13963,410,0.037071093916893005
13964,410,0.1895468831062317
13965,411,0.13103140890598297
13966,411,0.21750614047050476
13967,411,0.2115512490272522
13968,411,0.23594100773334503
13969,411,0.21489602327346802
13970,411,0.1156984269618988
13971,411,0.18576589226722717
13972,411,0.1451568901538849
13973,411,0.13449716567993164
13974,411,0.404255211353302
13975,411,0.17696571350097656
13976,411,0.12917748093605042
13977,411,0.27418282628059387
13978,411,0.11316953599452972
13979,411,0.37166234850883484
13980,411,0.32477518916130066
13981,411,0.39062049984931946
13982,411,0.1287248432636261
13983,412,0.30683520436286926
13984,412,0.18754619359970093
13985,412,0.10482068359851837
13986,412,0.21428264677524567
13987,412,0.033396199345588684
13988,412,0.167658269405365
13989,412,0.029552793130278587
13990,412,0.43051955103874207
13991,412,0.1335105448961258
13992,412,0.11729786545038223
13993,412,0.30551421642303467
13994,412,0.021078597754240036
13995,412,0.026375776156783104
13996,412,0.04562852159142494
13997,412,0.20675799250602722
13998,412,0.11718820780515671
13999,412,0.10730761289596558
14000,412,0.02553202211856842
14001,412,0.056215234100818634
14002,412,0.13796114921569824
14003,412,0.19576656818389893
14004,412,0.3045271635055542
14005,413,0.19097654521465302
14006,413,0.22775502502918243
14007,413,0.4421558082103729
14008,413,0.04075457900762558
14009,413,0.4280414283275604
14010,413,0.2939984202384949
14011,413,0.26922571659088135
14012,413,0.016468670219182968
14013,413,0.3317372798919678
14014,413,0.11891254037618637
14015,413,0.1258082538843155
14016,413,0.1211901530623436
14017,414,0.13579611480236053
14018,414,0.2833682596683502
14019,414,0.11091849952936172
14020,414,0.3203905522823334
14021,414,0.03442439064383507
14022,414,0.10230275243520737
14023,414,0.10634985566139221
14024,414,0.046680137515068054
14025,414,0.12609490752220154
14026,415,0.11766016483306885
14027,415,0.09535101801156998
14028,415,0.2114175260066986
14029,415,0.10077395290136337
14030,415,0.2878888249397278
14031,415,0.274893194437027
14032,415,0.12806910276412964
14033,415,0.2194238007068634
14034,415,0.1365451216697693
14035,415,0.10614539682865143
14036,415,0.032462090253829956
14037,415,0.029634490609169006
14038,415,0.11146581918001175
14039,416,0.28523701429367065
14040,416,0.13917820155620575
14041,416,0.28902947902679443
14042,416,0.12437745928764343
14043,416,0.13915593922138214
14044,416,0.1238316148519516
14045,416,0.025999890640378
14046,416,0.20863693952560425
14047,416,0.18791070580482483
14048,416,0.20401369035243988
14049,416,0.20675969123840332
14050,416,0.03393472731113434
14051,416,0.18497850000858307
14052,416,0.1268056333065033
14053,417,0.2990304231643677
14054,417,0.03732293099164963
14055,417,0.1961270421743393
14056,417,0.12171181291341782
14057,417,0.20901329815387726
14058,417,0.2040349841117859
14059,417,0.1920103281736374
14060,417,0.46963492035865784
14061,417,0.4140488803386688
14062,417,0.13570615649223328
14063,417,0.12274488806724548
14064,417,0.11054233461618423
14065,417,0.27670761942863464
14066,417,0.03833862021565437
14067,417,0.10085558891296387
14068,417,0.346727579832077
14069,417,0.19046136736869812
14070,417,0.031094903126358986
14071,417,0.20926591753959656
14072,418,0.18496723473072052
14073,418,0.024421634152531624
14074,418,0.2738425135612488
14075,418,0.2850596308708191
14076,418,0.24740874767303467
14077,418,0.0286774430423975
14078,418,0.29580289125442505
14079,418,0.028515251353383064
14080,418,0.16632699966430664
14081,418,0.0332317128777504
14082,418,0.048003386706113815
14083,418,0.11489931493997574
14084,418,0.024688946083188057
14085,418,0.19385354220867157
14086,418,0.1948367804288864
14087,418,0.20276352763175964
14088,418,0.3920831084251404
14089,418,0.04066160321235657
14090,418,0.44619637727737427
14091,418,0.016702068969607353
14092,418,0.37302982807159424
14093,418,0.21205711364746094
14094,418,0.2255527228116989
14095,418,0.18086226284503937
14096,419,0.30612367391586304
14097,419,0.19027726352214813
14098,419,0.2991941571235657
14099,419,0.45353779196739197
14100,419,0.2549475431442261
14101,419,0.39563611149787903
14102,419,0.04036445543169975
14103,419,0.02810971438884735
14104,419,0.11395736783742905
14105,419,0.43952569365501404
14106,419,0.10907750576734543
14107,419,0.03725331649184227
14108,419,0.4093753695487976
14109,419,0.21703413128852844
14110,419,0.30253496766090393
14111,419,0.3060043156147003
14112,419,0.054534316062927246
14113,419,0.11412724107503891
14114,419,0.12110663205385208
14115,419,0.2200513631105423
14116,420,0.12353182584047318
14117,420,0.1081225723028183
14118,420,0.10713405907154083
14119,420,0.02185944840312004
14120,420,0.12283643335103989
14121,420,0.18213897943496704
14122,420,0.10609611868858337
14123,420,0.11694610863924026
14124,420,0.022591611370444298
14125,420,0.3076658844947815
14126,420,0.30087679624557495
14127,420,0.19639962911605835
14128,420,0.308036744594574
14129,420,0.11678734421730042
14130,420,0.0559091791510582
14131,420,0.22307242453098297
14132,420,0.11518591642379761
14133,420,0.10683398693799973
14134,420,0.23034778237342834
14135,420,0.05276966840028763
14136,420,0.3292381167411804
14137,420,0.024760331958532333
14138,421,0.11807176470756531
14139,421,0.3654974699020386
14140,421,0.21928323805332184
14141,421,0.13391606509685516
14142,421,0.11138570308685303
14143,421,0.13197053968906403
14144,421,0.1526249349117279
14145,421,0.19179293513298035
14146,421,0.27275070548057556
14147,421,0.49341464042663574
14148,421,0.04297197237610817
14149,421,0.040093861520290375
14150,421,0.30573490262031555
14151,421,0.04723407328128815
14152,421,0.10974637418985367
14153,421,0.11357154697179794
14154,421,0.23610801994800568
14155,421,0.32261040806770325
14156,421,0.3151189386844635
14157,421,0.3028649687767029
14158,421,0.3047111928462982
14159,422,0.12238334119319916
14160,422,0.19047458469867706
14161,422,0.19351184368133545
14162,422,0.3221275806427002
14163,422,0.20821022987365723
14164,422,0.21029256284236908
14165,422,0.10267467051744461
14166,422,0.11599557846784592
14167,422,0.1955552101135254
14168,422,0.02813161350786686
14169,423,0.2336786538362503
14170,423,0.21224239468574524
14171,423,0.1180414929986
14172,423,0.02859489619731903
14173,423,0.2630319595336914
14174,423,0.19336646795272827
14175,423,0.11632693558931351
14176,423,0.299783319234848
14177,423,0.1234973594546318
14178,423,0.28459179401397705
14179,423,0.38486918807029724
14180,423,0.11439735442399979
14181,423,0.11418691277503967
14182,423,0.3899136483669281
14183,423,0.544995903968811
14184,423,0.19043833017349243
14185,423,0.2274761199951172
14186,423,0.19863773882389069
14187,423,0.41784560680389404
14188,423,0.11862396448850632
14189,423,0.26392942667007446
14190,424,0.13337299227714539
14191,424,0.21008069813251495
14192,424,0.042707182466983795
14193,424,0.22859466075897217
14194,424,0.029001226648688316
14195,424,0.12952867150306702
14196,424,0.028308462351560593
14197,424,0.27491167187690735
14198,424,0.025178207084536552
14199,424,0.0302725899964571
14200,424,0.10348149389028549
14201,424,0.1050051897764206
14202,424,0.13960090279579163
14203,424,0.19420039653778076
14204,424,0.3269311189651489
14205,424,0.22639280557632446
14206,424,0.31618425250053406
14207,424,0.1243196502327919
14208,424,0.12292618304491043
14209,424,0.03528539836406708
14210,425,0.21560922265052795
14211,425,0.1905663013458252
14212,425,0.1781945824623108
14213,425,0.02126283571124077
14214,425,0.10362294316291809
14215,425,0.22804869711399078
14216,425,0.2056228518486023
14217,425,0.3088681697845459
14218,425,0.026006804779171944
14219,426,0.01838599145412445
14220,426,0.2207106649875641
14221,426,0.3891519010066986
14222,426,0.19624705612659454
14223,426,0.030096812173724174
14224,426,0.10792259871959686
14225,426,0.11230480670928955
14226,426,0.021908564493060112
14227,426,0.22069962322711945
14228,426,0.11177871376276016
14229,426,0.212411567568779
14230,426,0.12241259217262268
14231,426,0.3448282480239868
14232,426,0.12422223389148712
14233,426,0.11929937452077866
14234,426,0.03659842535853386
14235,426,0.2990986406803131
14236,426,0.1392001211643219
14237,426,0.10285544395446777
14238,427,0.20060229301452637
14239,427,0.14102448523044586
14240,427,0.1886250525712967
14241,427,0.19664756953716278
14242,427,0.3600310981273651
14243,427,0.3798370957374573
14244,427,0.1107470840215683
14245,427,0.027157388627529144
14246,428,0.2917112708091736
14247,428,0.21059471368789673
14248,428,0.03851504623889923
14249,428,0.28425994515419006
14250,428,0.11406122893095016
14251,428,0.21292737126350403
14252,428,0.03166545554995537
14253,428,0.21558141708374023
14254,428,0.13599102199077606
14255,429,0.3730272054672241
14256,429,0.2246401309967041
14257,429,0.22496293485164642
14258,429,0.03695003315806389
14259,429,0.19162079691886902
14260,429,0.40108609199523926
14261,429,0.15987646579742432
14262,429,0.03204595297574997
14263,429,0.12126952409744263
14264,429,0.022044196724891663
14265,429,0.4946762025356293
14266,429,0.3098064363002777
14267,429,0.0989270806312561
14268,429,0.25231245160102844
14269,430,0.12767164409160614
14270,430,0.21766673028469086
14271,430,0.12001997977495193
14272,430,0.28711217641830444
14273,430,0.20690381526947021
14274,430,0.13897135853767395
14275,430,0.2081645280122757
14276,430,0.325918048620224
14277,430,0.20819173753261566
14278,431,0.5656065940856934
14279,431,0.038209956139326096
14280,431,0.3918634355068207
14281,431,0.10805591940879822
14282,431,0.11836445331573486
14283,431,0.40377160906791687
14284,431,0.5395472049713135
14285,431,0.3787429928779602
14286,431,0.055587347596883774
14287,431,0.30404168367385864
14288,431,0.1567196100950241
14289,431,0.044684384018182755
14290,431,0.19179348647594452
14291,431,0.14676934480667114
14292,431,0.03570880740880966
14293,431,0.408771276473999
14294,431,0.22652356326580048
14295,431,0.20947961509227753
14296,432,0.3087853491306305
14297,432,0.12772464752197266
14298,432,0.1201876550912857
14299,432,0.10771937668323517
14300,432,0.29201793670654297
14301,432,0.13528397679328918
14302,432,0.3057623505592346
14303,432,0.03705950826406479
14304,432,0.2208147644996643
14305,432,0.23036538064479828
14306,432,0.11989333480596542
14307,432,0.08533882349729538
14308,432,0.22351786494255066
14309,432,0.028980214148759842
14310,432,0.3212319016456604
14311,432,0.21556252241134644
14312,432,0.3766095042228699
14313,432,0.14726221561431885
14314,433,0.1924249678850174
14315,433,0.41430574655532837
14316,433,0.031128136441111565
14317,433,0.30362841486930847
14318,433,0.03362717106938362
14319,433,0.2983289361000061
14320,433,0.1302662193775177
14321,433,0.19191484153270721
14322,433,0.10318569093942642
14323,433,0.13900445401668549
14324,433,0.03297249227762222
14325,433,0.32547882199287415
14326,433,0.13656675815582275
14327,433,0.03096543811261654
14328,433,0.21148739755153656
14329,433,0.4138227105140686
14330,433,0.18935951590538025
14331,433,0.10041865706443787
14332,433,0.03814179077744484
14333,433,0.28658974170684814
14334,433,0.34323519468307495
14335,433,0.10716015845537186
14336,433,0.3625909686088562
14337,434,0.034573234617710114
14338,434,0.19017107784748077
14339,434,0.3182835876941681
14340,434,0.28595197200775146
14341,434,0.22205601632595062
14342,434,0.11649496108293533
14343,434,0.3359174430370331
14344,434,0.22565986216068268
14345,434,0.48162439465522766
14346,434,0.19770385324954987
14347,434,0.3742119073867798
14348,434,0.20745493471622467
14349,434,0.12671944499015808
14350,434,0.3030497133731842
14351,434,0.04264114797115326
14352,434,0.1312105357646942
14353,434,0.1298525482416153
14354,434,0.3151060938835144
14355,434,0.20342551171779633
14356,434,0.2966243028640747
14357,434,0.21525263786315918
14358,434,0.2978651821613312
14359,434,0.31050410866737366
14360,435,0.2340465784072876
14361,435,0.04682678356766701
14362,435,0.225263774394989
14363,435,0.0478239580988884
14364,435,0.22037728130817413
14365,435,0.10564582049846649
14366,435,0.03204674646258354
14367,435,0.32024186849594116
14368,435,0.11896105855703354
14369,435,0.47025224566459656
14370,435,0.10814628005027771
14371,435,0.11876849830150604
14372,435,0.18915270268917084
14373,435,0.12242072820663452
14374,435,0.043426062911748886
14375,435,0.36039140820503235
14376,435,0.024127651005983353
14377,435,0.11918339133262634
14378,435,0.2764010727405548
14379,435,0.3140062689781189
14380,435,0.13163933157920837
14381,436,0.30558156967163086
14382,436,0.029711075127124786
14383,436,0.1902502030134201
14384,436,0.0974746122956276
14385,436,0.12332019954919815
14386,436,0.13691720366477966
14387,436,0.12045145034790039
14388,436,0.29797470569610596
14389,436,0.2960311770439148
14390,436,0.2922014892101288
14391,436,0.12812620401382446
14392,436,0.3972868323326111
14393,436,0.11344016343355179
14394,436,0.1155584380030632
14395,436,0.3540676236152649
14396,437,0.03143087029457092
14397,437,0.13167200982570648
14398,437,0.141153484582901
14399,437,0.03425462171435356
14400,437,0.3163573145866394
14401,437,0.12826457619667053
14402,437,0.38901185989379883
14403,437,0.13924431800842285
14404,437,0.19390645623207092
14405,437,0.10701462626457214
14406,437,0.1375148445367813
14407,437,0.01700826734304428
14408,437,0.020984522998332977
14409,437,0.31061676144599915
14410,437,0.20034807920455933
14411,437,0.3816644549369812
14412,438,0.19438712298870087
14413,438,0.11313772201538086
14414,438,0.11547227203845978
14415,438,0.24167881906032562
14416,438,0.20342981815338135
14417,438,0.10696039348840714
14418,438,0.10886150598526001
14419,438,0.3729402720928192
14420,438,0.1361493021249771
14421,438,0.2194311022758484
14422,438,0.1357109695672989
14423,438,0.11090657114982605
14424,438,0.11087444424629211
14425,438,0.20695695281028748
14426,438,0.4022511839866638
14427,438,0.38906294107437134
14428,438,0.29441553354263306
14429,439,0.20048856735229492
14430,439,0.11390689015388489
14431,439,0.10923538357019424
14432,439,0.32420140504837036
14433,439,0.033454779535532
14434,439,0.11411358416080475
14435,439,0.20550867915153503
14436,439,0.02756277658045292
14437,439,0.3045053780078888
14438,439,0.1119246557354927
14439,439,0.2201179713010788
14440,439,0.19648869335651398
14441,439,0.11464893817901611
14442,439,0.10240104794502258
14443,439,0.20191270112991333
14444,439,0.2865023612976074
14445,439,0.342710018157959
14446,439,0.18505142629146576
14447,439,0.44362857937812805
14448,439,0.23968073725700378
14449,440,0.13669466972351074
14450,440,0.046235404908657074
14451,440,0.40097928047180176
14452,440,0.11590094119310379
14453,440,0.2975260019302368
14454,440,0.03364013135433197
14455,440,0.23410318791866302
14456,440,0.16874536871910095
14457,440,0.08798888325691223
14458,440,0.13234131038188934
14459,440,0.3001748025417328
14460,440,0.29030343890190125
14461,440,0.17806142568588257
14462,440,0.11796218156814575
14463,440,0.19377173483371735
14464,440,0.369306743144989
14465,440,0.4904003143310547
14466,440,0.1171431764960289
14467,441,0.1077805608510971
14468,441,0.2700662910938263
14469,441,0.20300334692001343
14470,441,0.21149012446403503
14471,441,0.21003061532974243
14472,441,0.1161661446094513
14473,441,0.12709975242614746
14474,441,0.30859375
14475,441,0.1190895289182663
14476,441,0.30752792954444885
14477,441,0.2863238751888275
14478,441,0.10686174035072327
14479,441,0.1381470412015915
14480,441,0.1487787961959839
14481,441,0.11912792921066284
14482,441,0.38490933179855347
14483,441,0.04555231332778931
14484,441,0.09891940653324127
14485,441,0.13373729586601257
14486,441,0.28858721256256104
14487,441,0.032546624541282654
14488,441,0.2982580065727234
14489,442,0.1375974416732788
14490,442,0.11800237745046616
14491,442,0.11182750761508942
14492,442,0.0351848378777504
14493,442,0.3187437653541565
14494,442,0.18918263912200928
14495,442,0.11336177587509155
14496,442,0.287931352853775
14497,442,0.13580423593521118
14498,442,0.027173977345228195
14499,442,0.04513333737850189
14500,442,0.29234668612480164
14501,442,0.20336924493312836
14502,442,0.22890052199363708
14503,442,0.19959118962287903
14504,442,0.10605909675359726
14505,442,0.20865797996520996
14506,442,0.2895486056804657
14507,442,0.10560489445924759
14508,442,0.10359252244234085
14509,442,0.2359350621700287
14510,442,0.03157162666320801
14511,442,0.27409178018569946
14512,442,0.13265807926654816
14513,442,0.2859705090522766
14514,442,0.21960259974002838
14515,443,0.19976970553398132
14516,443,0.1251487135887146
14517,443,0.11645609140396118
14518,443,0.15410710871219635
14519,443,0.3978387117385864
14520,443,0.10153030604124069
14521,443,0.11987273395061493
14522,443,0.22370752692222595
14523,443,0.3723389506340027
14524,443,0.1128157302737236
14525,444,0.38929882645606995
14526,444,0.27569741010665894
14527,444,0.19695782661437988
14528,444,0.18157103657722473
14529,444,0.10400121659040451
14530,444,0.36198145151138306
14531,444,0.31885236501693726
14532,444,0.1115608811378479
14533,444,0.24596090614795685
14534,444,0.039063047617673874
14535,444,0.38597071170806885
14536,444,0.024174390360713005
14537,444,0.11957690864801407
14538,444,0.21752558648586273
14539,444,0.46471187472343445
14540,444,0.19905081391334534
14541,444,0.10501685738563538
14542,444,0.2227254956960678
14543,444,0.030986111611127853
14544,445,0.018550632521510124
14545,445,0.4123859405517578
14546,445,0.18497169017791748
14547,445,0.027645286172628403
14548,445,0.19433167576789856
14549,445,0.30747175216674805
14550,445,0.23634055256843567
14551,445,0.12301789969205856
14552,446,0.5598533153533936
14553,446,0.025154968723654747
14554,446,0.19900117814540863
14555,446,0.13000978529453278
14556,446,0.030268259346485138
14557,446,0.48672619462013245
14558,446,0.20938007533550262
14559,446,0.4796348512172699
14560,446,0.13456328213214874
14561,446,0.39365068078041077
14562,446,0.21097569167613983
14563,446,0.04359826445579529
14564,446,0.22677695751190186
14565,446,0.21433620154857635
14566,446,0.2088140994310379
14567,446,0.3988162875175476
14568,446,0.10795014351606369
14569,446,0.110665462911129
14570,446,0.10930042713880539
14571,446,0.30299124121665955
14572,446,0.1286279559135437
14573,446,0.13317188620567322
14574,446,0.10112941265106201
14575,446,0.038654908537864685
14576,447,0.15207400918006897
14577,447,0.32175585627555847
14578,447,0.3019436299800873
14579,447,0.3787940740585327
14580,447,0.1224646344780922
14581,447,0.388283371925354
14582,447,0.21133187413215637
14583,447,0.1471678912639618
14584,447,0.24366044998168945
14585,447,0.2682081460952759
14586,447,0.29838141798973083
14587,447,0.2046840935945511
14588,447,0.12938609719276428
14589,448,0.21790017187595367
14590,448,0.3160255551338196
14591,448,0.11411047726869583
14592,448,0.039513491094112396
14593,448,0.1038765236735344
14594,448,0.2212115079164505
14595,448,0.12712983787059784
14596,448,0.13213467597961426
14597,448,0.1217884048819542
14598,448,0.03354104235768318
14599,448,0.15043775737285614
14600,448,0.41872426867485046
14601,448,0.5357193350791931
14602,448,0.2820909321308136
14603,448,0.0929301306605339
14604,448,0.5008575916290283
14605,448,0.13376012444496155
14606,448,0.027034685015678406
14607,448,0.38463351130485535
14608,448,0.12672019004821777
14609,448,0.19560590386390686
14610,448,0.12331881374120712
14611,449,0.10934372246265411
14612,449,0.02854335866868496
14613,449,0.20499098300933838
14614,449,0.13212700188159943
14615,449,0.13563227653503418
14616,449,0.41274046897888184
14617,449,0.39827707409858704
14618,449,0.20206059515476227
14619,449,0.2154446542263031
14620,449,0.1137487143278122
14621,449,0.21681059896945953
14622,449,0.12871460616588593
14623,449,0.19387686252593994
14624,449,0.11890427768230438
14625,449,0.020242586731910706
14626,449,0.21510466933250427
14627,449,0.04917998984456062
14628,450,0.2738645374774933
14629,450,0.14658406376838684
14630,450,0.041305966675281525
14631,450,0.12105658650398254
14632,450,0.2966310679912567
14633,450,0.1367454081773758
14634,450,0.1349165290594101
14635,450,0.12155763059854507
14636,450,0.13080614805221558
14637,450,0.1390855312347412
14638,450,0.1296585351228714
14639,450,0.13063162565231323
14640,451,0.19939306378364563
14641,451,0.140907421708107
14642,451,0.12021742016077042
14643,451,0.18230393528938293
14644,451,0.028814569115638733
14645,451,0.4934563934803009
14646,451,0.4016028642654419
14647,451,0.22052738070487976
14648,451,0.28903692960739136
14649,451,0.10207736492156982
14650,451,0.33529213070869446
14651,451,0.1311451941728592
14652,451,0.03641112148761749
14653,451,0.19240717589855194
14654,451,0.02800445258617401
14655,451,0.19631493091583252
14656,451,0.20755307376384735
14657,451,0.22593015432357788
14658,451,0.20855918526649475
14659,451,0.2550432085990906
14660,451,0.12238291651010513
14661,451,0.11839523166418076
14662,452,0.1256135255098343
14663,452,0.11629392951726913
14664,452,0.03077615611255169
14665,452,0.10838251560926437
14666,452,0.13858181238174438
14667,452,0.20020076632499695
14668,452,0.18530642986297607
14669,452,0.3597846031188965
14670,452,0.3135044276714325
14671,452,0.26688989996910095
14672,452,0.3802785873413086
14673,452,0.11985232681035995
14674,452,0.2781358063220978
14675,452,0.116866834461689
14676,452,0.2042437642812729
14677,452,0.11409062892198563
14678,452,0.22349748015403748
14679,452,0.33320656418800354
14680,452,0.18268196284770966
14681,452,0.10424353182315826
14682,453,0.038539543747901917
14683,453,0.14000938832759857
14684,453,0.29568207263946533
14685,453,0.2110409140586853
14686,453,0.3966939151287079
14687,453,0.21357382833957672
14688,453,0.12072083353996277
14689,453,0.22995705902576447
14690,453,0.11675621569156647
14691,453,0.12368472665548325
14692,453,0.2839166224002838
14693,453,0.11419324576854706
14694,453,0.26147741079330444
14695,454,0.20411764085292816
14696,454,0.44418880343437195
14697,454,0.28645509481430054
14698,454,0.3001698851585388
14699,454,0.1127844899892807
14700,454,0.03033757582306862
14701,454,0.19623439013957977
14702,454,0.25972092151641846
14703,454,0.10305115580558777
14704,454,0.23277147114276886
14705,454,0.11172313243150711
14706,454,0.2068057805299759
14707,454,0.17783159017562866
14708,454,0.29472312331199646
14709,454,0.20132121443748474
14710,454,0.03590325266122818
14711,454,0.12167432904243469
14712,454,0.13630838692188263
14713,454,0.02414422482252121
14714,454,0.13674475252628326
14715,454,0.18964740633964539
14716,454,0.2987680733203888
14717,455,0.2989714741706848
14718,455,0.12439367175102234
14719,455,0.03975706920027733
14720,455,0.30825188755989075
14721,455,0.028983067721128464
14722,455,0.21702897548675537
14723,455,0.4118306338787079
14724,455,0.26869726181030273
14725,455,0.03720918670296669
14726,456,0.1893203854560852
14727,456,0.1783224493265152
14728,456,0.17565259337425232
14729,456,0.15130092203617096
14730,456,0.3250419795513153
14731,456,0.3207179605960846
14732,456,0.2809310555458069
14733,456,0.20142486691474915
14734,456,0.29379957914352417
14735,456,0.21872001886367798
14736,456,0.3803454041481018
14737,456,0.030025377869606018
14738,456,0.23638522624969482
14739,456,0.22767944633960724
14740,456,0.028242815285921097
14741,456,0.03860839456319809
14742,456,0.22633099555969238
14743,456,0.13684555888175964
14744,456,0.12975159287452698
14745,456,0.031716831028461456
14746,457,0.23170551657676697
14747,457,0.1262626349925995
14748,457,0.20806457102298737
14749,457,0.2929178774356842
14750,457,0.3988122045993805
14751,457,0.4015415906906128
14752,457,0.40267834067344666
14753,457,0.11070628464221954
14754,457,0.23080496490001678
14755,457,0.029228314757347107
14756,457,0.14238454401493073
14757,457,0.03597187623381615
14758,457,0.2111831158399582
14759,457,0.3668193519115448
14760,457,0.19211003184318542
14761,457,0.04775865748524666
14762,457,0.11964148283004761
14763,457,0.128447487950325
14764,457,0.11533889919519424
14765,457,0.11173543334007263
14766,457,0.039481621235609055
14767,457,0.4143466651439667
14768,458,0.1973101794719696
14769,458,0.21027931571006775
14770,458,0.2013167440891266
14771,458,0.11955057829618454
14772,458,0.4012734293937683
14773,458,0.10821959376335144
14774,458,0.14282232522964478
14775,458,0.2800183892250061
14776,458,0.22361981868743896
14777,458,0.35220614075660706
14778,458,0.21687224507331848
14779,458,0.2854499816894531
14780,458,0.13550955057144165
14781,458,0.2928973138332367
14782,459,0.10687854886054993
14783,459,0.11055678129196167
14784,459,0.13502275943756104
14785,459,0.11788159608840942
14786,459,0.3797796964645386
14787,459,0.11733025312423706
14788,459,0.35567188262939453
14789,459,0.22713012993335724
14790,459,0.29014167189598083
14791,459,0.10946064442396164
14792,459,0.03266964480280876
14793,459,0.029853088781237602
14794,459,0.22018730640411377
14795,459,0.13224491477012634
14796,459,0.024946365505456924
14797,459,0.10606001317501068
14798,459,0.11648420989513397
14799,459,0.044174324721097946
14800,459,0.4153238534927368
14801,459,0.30627548694610596
14802,459,0.2127852588891983
14803,459,0.22056031227111816
14804,459,0.10733458399772644
14805,460,0.21137620508670807
14806,460,0.31587162613868713
14807,460,0.02165800705552101
14808,460,0.38489168882369995
14809,460,0.17731818556785583
14810,460,0.13999579846858978
14811,460,0.14665545523166656
14812,460,0.029964694753289223
14813,460,0.12473012506961823
14814,460,0.30442458391189575
14815,460,0.2051740288734436
14816,460,0.21323609352111816
14817,460,0.30044063925743103
14818,460,0.3727577328681946
14819,460,0.4150736629962921
14820,460,0.22356641292572021
14821,460,0.19787488877773285
14822,460,0.12381656467914581
14823,460,0.12490206211805344
14824,461,0.31525442004203796
14825,461,0.3741949796676636
14826,461,0.020185420289635658
14827,461,0.10225512832403183
14828,461,0.14484448730945587
14829,461,0.14673683047294617
14830,461,0.40871790051460266
14831,461,0.10682722926139832
14832,461,0.13127975165843964
14833,461,0.21017706394195557
14834,461,0.3245066702365875
14835,461,0.1187671646475792
14836,461,0.2041737586259842
14837,461,0.33492201566696167
14838,462,0.20524516701698303
14839,462,0.4089830219745636
14840,462,0.13939768075942993
14841,462,0.48358863592147827
14842,462,0.13841058313846588
14843,462,0.22989067435264587
14844,462,0.032180581241846085
14845,462,0.2961820662021637
14846,462,0.034754201769828796
14847,462,0.4593079090118408
14848,462,0.12243189662694931
14849,462,0.11061548441648483
14850,462,0.12472543865442276
14851,462,0.1193651333451271
14852,462,0.12463781237602234
14853,462,0.12385721504688263
14854,462,0.13061431050300598
14855,462,0.019573504105210304
14856,462,0.14083528518676758
14857,462,0.12480998784303665
14858,462,0.14065635204315186
14859,462,0.12033353000879288
14860,462,0.197292760014534
14861,463,0.12605851888656616
14862,463,0.42825138568878174
14863,463,0.1059618890285492
14864,463,0.19984416663646698
14865,463,0.03452412784099579
14866,463,0.28313910961151123
14867,463,0.09101995080709457
14868,463,0.22280903160572052
14869,463,0.01887916773557663
14870,463,0.1201038584113121
14871,463,0.22399172186851501
14872,463,0.24652476608753204
14873,463,0.32174915075302124
14874,463,0.02422117069363594
14875,463,0.21158279478549957
14876,463,0.32989153265953064
14877,463,0.23426294326782227
14878,463,0.20478099584579468
14879,463,0.10566481947898865
14880,463,0.2340630292892456
14881,464,0.0401366762816906
14882,464,0.13537737727165222
14883,464,0.2097332775592804
14884,464,0.12388761341571808
14885,464,0.13398702442646027
14886,464,0.27511829137802124
14887,464,0.45838379859924316
14888,464,0.5518239140510559
14889,464,0.3988131880760193
14890,464,0.04908982291817665
14891,464,0.1976170837879181
14892,464,0.15484420955181122
14893,464,0.12179464846849442
14894,464,0.2947476804256439
14895,464,0.20217925310134888
14896,464,0.30253860354423523
14897,465,0.08685117214918137
14898,465,0.20998288691043854
14899,465,0.03623910993337631
14900,465,0.030346432700753212
14901,465,0.21736815571784973
14902,465,0.12330305576324463
14903,465,0.13101457059383392
14904,465,0.026858162134885788
14905,465,0.215010866522789
14906,465,0.42215093970298767
14907,465,0.12083011865615845
14908,465,0.40567249059677124
14909,465,0.32714182138442993
14910,465,0.23460818827152252
14911,465,0.1079932227730751
14912,465,0.10629571229219437
14913,465,0.18477436900138855
14914,466,0.1843041479587555
14915,466,0.021982427686452866
14916,466,0.2005741447210312
14917,466,0.10409686714410782
14918,466,0.2977331876754761
14919,466,0.21463385224342346
14920,466,0.09354385733604431
14921,466,0.22165891528129578
14922,466,0.3000914454460144
14923,466,0.11385200917720795
14924,466,0.037859536707401276
14925,466,0.2984766960144043
14926,466,0.18161319196224213
14927,466,0.1293296366930008
14928,466,0.11317308992147446
14929,466,0.024397946894168854
14930,466,0.1045364961028099
14931,466,0.29653114080429077
14932,466,0.016806887462735176
14933,466,0.02171541377902031
14934,467,0.31704181432724
14935,467,0.0201386958360672
14936,467,0.198968768119812
14937,467,0.1087038666009903
14938,467,0.2014932483434677
14939,467,0.02626919001340866
14940,467,0.2286631464958191
14941,467,0.32478609681129456
14942,467,0.16748595237731934
14943,467,0.19103920459747314
14944,467,0.39797109365463257
14945,467,0.34418195486068726
14946,467,0.12121614068746567
14947,468,0.20663993060588837
14948,468,0.12681052088737488
14949,468,0.03201718628406525
14950,468,0.3351333737373352
14951,468,0.22069960832595825
14952,468,0.20453114807605743
14953,468,0.21061640977859497
14954,468,0.09896360337734222
14955,468,0.12902608513832092
14956,468,0.14544172585010529
14957,468,0.12086302787065506
14958,468,0.11083462834358215
14959,469,0.1128268614411354
14960,469,0.34402111172676086
14961,469,0.20983465015888214
14962,469,0.2821118235588074
14963,469,0.31690147519111633
14964,469,0.13177111744880676
14965,469,0.21925902366638184
14966,469,0.11582303047180176
14967,469,0.3844241797924042
14968,469,0.10608097165822983
14969,469,0.11210966855287552
14970,469,0.10162293165922165
14971,469,0.29625415802001953
14972,469,0.2896884083747864
14973,469,0.13126523792743683
14974,469,0.11979661881923676
14975,469,0.11660033464431763
14976,469,0.483508437871933
14977,469,0.13345327973365784
14978,469,0.1515384018421173
14979,469,0.11755610257387161
14980,469,0.036819759756326675
14981,470,0.18747270107269287
14982,470,0.31465673446655273
14983,470,0.296204149723053
14984,470,0.14071150124073029
14985,470,0.25805169343948364
14986,470,0.20454853773117065
14987,470,0.11290735751390457
14988,470,0.14490041136741638
14989,470,0.15084969997406006
14990,470,0.4113604724407196
14991,470,0.13212670385837555
14992,470,0.03182470053434372
14993,470,0.1427011936903
14994,470,0.15647396445274353
14995,470,0.20434221625328064
14996,470,0.03247462585568428
14997,470,0.13790437579154968
14998,470,0.16601726412773132
14999,470,0.22229327261447906
15000,470,0.24856442213058472
15001,471,0.1337667852640152
15002,471,0.1991715282201767
15003,471,0.1799338310956955
15004,471,0.0333612859249115
15005,471,0.11388058215379715
15006,471,0.04674793779850006
15007,471,0.1291682869195938
15008,471,0.049616739153862
15009,471,0.10598617792129517
15010,471,0.1210930347442627
15011,471,0.22012710571289062
15012,471,0.21258209645748138
15013,471,0.02723461389541626
15014,471,0.41846632957458496
15015,472,0.016186948865652084
15016,472,0.12847694754600525
15017,472,0.2958258092403412
15018,472,0.2101733535528183
15019,472,0.026033611968159676
15020,472,0.3886198401451111
15021,472,0.21787407994270325
15022,472,0.20402860641479492
15023,472,0.20499199628829956
15024,472,0.20367494225502014
15025,472,0.12760457396507263
15026,472,0.41044193506240845
15027,472,0.02513986825942993
15028,472,0.02181220054626465
15029,472,0.19646814465522766
15030,472,0.21526959538459778
15031,473,0.04808984696865082
15032,473,0.13452571630477905
15033,473,0.11650732904672623
15034,473,0.13404887914657593
15035,473,0.113846056163311
15036,473,0.0219234898686409
15037,473,0.4850725531578064
15038,473,0.031520869582891464
15039,473,0.1327173262834549
15040,473,0.21506816148757935
15041,473,0.04198808968067169
15042,473,0.03847869113087654
15043,473,0.12525303661823273
15044,473,0.2573794424533844
15045,474,0.3035714626312256
15046,474,0.19243603944778442
15047,474,0.21925315260887146
15048,474,0.27904635667800903
15049,474,0.5119401812553406
15050,474,0.13061322271823883
15051,474,0.045526694506406784
15052,474,0.033804554492235184
15053,474,0.10702244937419891
15054,474,0.1819802075624466
15055,474,0.1274399608373642
15056,474,0.2761537432670593
15057,474,0.35541197657585144
15058,474,0.10838597267866135
15059,474,0.11740497499704361
15060,474,0.12931428849697113
15061,474,0.028149977326393127
15062,474,0.39784562587738037
15063,474,0.27256375551223755
15064,474,0.3207855522632599
15065,474,0.3662567436695099
15066,474,0.28050151467323303
15067,474,0.17963621020317078
15068,474,0.18565578758716583
15069,474,0.12695156037807465
15070,475,0.11949026584625244
15071,475,0.29801538586616516
15072,475,0.03722876310348511
15073,475,0.4686371386051178
15074,475,0.21337486803531647
15075,475,0.20331472158432007
15076,475,0.059526778757572174
15077,475,0.2233140766620636
15078,475,0.2029443383216858
15079,475,0.19205211102962494
15080,475,0.20521236956119537
15081,475,0.13838694989681244
15082,475,0.11424209922552109
15083,475,0.32718518376350403
15084,475,0.19235630333423615
15085,475,0.2577466070652008
15086,475,0.14172062277793884
15087,475,0.18391375243663788
15088,475,0.03437373787164688
15089,476,0.13652631640434265
15090,476,0.039864178746938705
15091,476,0.13805058598518372
15092,476,0.32555022835731506
15093,476,0.1818002164363861
15094,476,0.35767167806625366
15095,476,0.230363130569458
15096,476,0.15301160514354706
15097,476,0.22761714458465576
15098,476,0.22062698006629944
15099,476,0.11454866081476212
15100,476,0.19105398654937744
15101,476,0.2968887686729431
15102,476,0.20459425449371338
15103,476,0.2929061949253082
15104,476,0.49844229221343994
15105,476,0.5227917432785034
15106,476,0.4046829640865326
15107,477,0.3953362703323364
15108,477,0.21144148707389832
15109,477,0.08751240372657776
15110,477,0.025920383632183075
15111,477,0.13913442194461823
15112,477,0.03813902288675308
15113,477,0.18234987556934357
15114,477,0.2308267056941986
15115,477,0.4649842083454132
15116,477,0.042202599346637726
15117,477,0.2421281337738037
15118,477,0.5838602781295776
15119,477,0.1340540051460266
15120,477,0.2074497491121292
15121,477,0.020145215094089508
15122,477,0.21754467487335205
15123,477,0.4116494357585907
15124,477,0.12302947044372559
15125,477,0.3948195278644562
15126,477,0.032025258988142014
15127,477,0.12996906042099
15128,478,0.3387715816497803
15129,478,0.2189917415380478
15130,478,0.025678560137748718
15131,478,0.10612838715314865
15132,478,0.20422008633613586
15133,478,0.04066524654626846
15134,478,0.1942349374294281
15135,478,0.33776360750198364
15136,478,0.19703952968120575
15137,478,0.027354741469025612
15138,478,0.12296327948570251
15139,478,0.21422183513641357
15140,478,0.20281276106834412
15141,478,0.10312021523714066
15142,478,0.12216750532388687
15143,478,0.11949290335178375
15144,479,0.2746427059173584
15145,479,0.3104839026927948
15146,479,0.18311110138893127
15147,479,0.1486501395702362
15148,479,0.028194507583975792
15149,479,0.1875876784324646
15150,479,0.1960740089416504
15151,479,0.3026897609233856
15152,479,0.03323671594262123
15153,479,0.14598014950752258
15154,479,0.11144239455461502
15155,479,0.10891511291265488
15156,479,0.4563297629356384
15157,479,0.026865489780902863
15158,479,0.11890379339456558
15159,479,0.03162260726094246
15160,479,0.10587159544229507
15161,479,0.10114987194538116
15162,480,0.10366550832986832
15163,480,0.2136140763759613
15164,480,0.1953083723783493
15165,480,0.11880826950073242
15166,480,0.3114294111728668
15167,480,0.032260555773973465
15168,480,0.08472789824008942
15169,480,0.03702182695269585
15170,480,0.20990590751171112
15171,480,0.10689442604780197
15172,480,0.2007768601179123
15173,480,0.22165782749652863
15174,480,0.12018954753875732
15175,480,0.11183886229991913
15176,480,0.3488868176937103
15177,480,0.37630099058151245
15178,480,0.2072952389717102
15179,480,0.03672730550169945
15180,480,0.11612623929977417
15181,480,0.029281606897711754
15182,480,0.0343705490231514
15183,480,0.19091954827308655
15184,480,0.21849553287029266
15185,480,0.2296057939529419
15186,480,0.028810592368245125
15187,480,0.287295937538147
15188,481,0.09880919009447098
15189,481,0.04155685007572174
15190,481,0.32590433955192566
15191,481,0.13948668539524078
15192,481,0.1290840357542038
15193,481,0.0988796055316925
15194,481,0.187165305018425
15195,481,0.3118748366832733
15196,481,0.12924565374851227
15197,481,0.33071547746658325
15198,481,0.26601850986480713
15199,481,0.2153092622756958
15200,481,0.20906919240951538
15201,481,0.10523802787065506
15202,481,0.11252827942371368
15203,481,0.28563907742500305
15204,481,0.2131306529045105
15205,481,0.11565940082073212
15206,481,0.5712831616401672
15207,481,0.2046443074941635
15208,481,0.10880166292190552
15209,481,0.01806735433638096
15210,481,0.02526453323662281
15211,482,0.19460529088974
15212,482,0.2241077721118927
15213,482,0.04592185840010643
15214,482,0.29044589400291443
15215,482,0.1980307400226593
15216,482,0.024691717699170113
15217,482,0.032759130001068115
15218,482,0.210116907954216
15219,482,0.11258284747600555
15220,482,0.13273820281028748
15221,482,0.13168752193450928
15222,482,0.1351470947265625
15223,482,0.02916942723095417
15224,482,0.11310246586799622
15225,482,0.20229297876358032
15226,482,0.23045338690280914
15227,482,0.18820735812187195
15228,482,0.1351975053548813
15229,482,0.21492591500282288
15230,482,0.02823968231678009
15231,482,0.2193489819765091
15232,483,0.03369374945759773
15233,483,0.19102001190185547
15234,483,0.1189354881644249
15235,483,0.3880113959312439
15236,483,0.02841847948729992
15237,483,0.034053996205329895
15238,483,0.1377088874578476
15239,483,0.12245422601699829
15240,483,0.32962217926979065
15241,483,0.10817851126194
15242,483,0.4780426621437073
15243,483,0.1269860714673996
15244,483,0.5121787190437317
15245,483,0.32970792055130005
15246,483,0.2266327440738678
15247,483,0.2624751329421997
15248,483,0.03838050365447998
15249,483,0.18649600446224213
15250,484,0.1183663010597229
15251,484,0.3309834897518158
15252,484,0.19806510210037231
15253,484,0.03290992230176926
15254,484,0.10629381239414215
15255,484,0.4320210814476013
15256,484,0.020823318511247635
15257,484,0.11279960721731186
15258,484,0.09911511093378067
15259,484,0.5692352652549744
15260,484,0.11076512187719345
15261,484,0.20485380291938782
15262,484,0.22482676804065704
15263,484,0.04785378649830818
15264,484,0.12372380495071411
15265,485,0.2762448787689209
15266,485,0.1466551125049591
15267,485,0.022676954045891762
15268,485,0.030722763389348984
15269,485,0.36367377638816833
15270,485,0.12115680426359177
15271,485,0.15014636516571045
15272,485,0.3818666338920593
15273,486,0.2409033179283142
15274,486,0.37078601121902466
15275,486,0.2073579877614975
15276,486,0.23974987864494324
15277,486,0.372195839881897
15278,486,0.28690364956855774
15279,486,0.20652614533901215
15280,486,0.2383972406387329
15281,486,0.11538348346948624
15282,486,0.03114311210811138
15283,486,0.3796749711036682
15284,486,0.22991767525672913
15285,486,0.38706889748573303
15286,486,0.10822652280330658
15287,486,0.12119510024785995
15288,486,0.13487128913402557
15289,486,0.20243918895721436
15290,486,0.30157750844955444
15291,486,0.12982697784900665
15292,486,0.04856565594673157
15293,487,0.46157127618789673
15294,487,0.11129485070705414
15295,487,0.2911086678504944
15296,487,0.15283268690109253
15297,487,0.03706207871437073
15298,487,0.2954389750957489
15299,487,0.0387294627726078
15300,487,0.12138568609952927
15301,487,0.12473104894161224
15302,487,0.13149800896644592
15303,487,0.37942925095558167
15304,487,0.3064698576927185
15305,487,0.046663496643304825
15306,487,0.28567731380462646
15307,487,0.22514194250106812
15308,487,0.1096937283873558
15309,487,0.11290284246206284
15310,487,0.4008856415748596
15311,487,0.2135791927576065
15312,487,0.2889999747276306
15313,487,0.029800422489643097
15314,487,0.02307065948843956
15315,488,0.12210195511579514
15316,488,0.08969399333000183
15317,488,0.5462265610694885
15318,488,0.20974940061569214
15319,488,0.20110997557640076
15320,488,0.3847326934337616
15321,488,0.3275306522846222
15322,488,0.27171993255615234
15323,488,0.11826662719249725
15324,488,0.11600670218467712
15325,488,0.026329442858695984
15326,488,0.11935681104660034
15327,488,0.030038127675652504
15328,488,0.32457900047302246
15329,489,0.29302868247032166
15330,489,0.13445772230625153
15331,489,0.21940481662750244
15332,489,0.020389340817928314
15333,489,0.17727889120578766
15334,489,0.18972383439540863
15335,489,0.3061453402042389
15336,489,0.3972355127334595
15337,489,0.116400346159935
15338,489,0.38006359338760376
15339,489,0.13114209473133087
15340,489,0.48025718331336975
15341,489,0.11759994179010391
15342,489,0.3406389355659485
15343,489,0.1085178479552269
15344,489,0.2678777277469635
15345,489,0.03781977295875549
15346,489,0.23518440127372742
15347,489,0.02964886464178562
15348,489,0.03047627955675125
15349,489,0.23947593569755554
15350,490,0.1992933750152588
15351,490,0.3766455352306366
15352,490,0.1353066861629486
15353,490,0.4297870695590973
15354,490,0.034366630017757416
15355,490,0.18298877775669098
15356,490,0.12166356295347214
15357,490,0.033030565828084946
15358,490,0.036524735391139984
15359,490,0.02963625080883503
15360,490,0.30079561471939087
15361,490,0.22497476637363434
15362,490,0.47423672676086426
15363,490,0.3577921986579895
15364,490,0.1143469586968422
15365,490,0.03030458465218544
15366,490,0.30985963344573975
15367,490,0.026306694373488426
15368,490,0.18807677924633026
15369,491,0.1839808076620102
15370,491,0.027966367080807686
15371,491,0.2717490792274475
15372,491,0.12753917276859283
15373,491,0.1314176619052887
15374,491,0.13749752938747406
15375,491,0.11695055663585663
15376,491,0.13420161604881287
15377,491,0.2290901094675064
15378,491,0.18475079536437988
15379,491,0.12835215032100677
15380,492,0.10196054726839066
15381,492,0.3810424506664276
15382,492,0.22274205088615417
15383,492,0.2195245325565338
15384,492,0.22301985323429108
15385,492,0.19761303067207336
15386,492,0.11970606446266174
15387,492,0.0985875055193901
15388,493,0.14597788453102112
15389,493,0.20486360788345337
15390,493,0.3148002624511719
15391,493,0.21455830335617065
15392,493,0.03938189148902893
15393,493,0.11670496314764023
15394,493,0.10483458638191223
15395,493,0.028006235137581825
15396,493,0.13873527944087982
15397,493,0.12174447625875473
15398,493,0.103990338742733
15399,493,0.21754446625709534
15400,493,0.21264085173606873
15401,493,0.22356221079826355
15402,493,0.11912998557090759
15403,493,0.021084271371364594
15404,493,0.11460810154676437
15405,493,0.11846853792667389
15406,493,0.12793105840682983
15407,493,0.022956710308790207
15408,493,0.31037911772727966
15409,493,0.2801140248775482
15410,493,0.2760123312473297
15411,494,0.22545477747917175
15412,494,0.1012536883354187
15413,494,0.026744838804006577
15414,494,0.28880253434181213
15415,494,0.17900633811950684
15416,494,0.1615743190050125
15417,494,0.3220999538898468
15418,494,0.2266106903553009
15419,494,0.20070604979991913
15420,494,0.1333186775445938
15421,494,0.18236777186393738
15422,494,0.21357035636901855
15423,494,0.1462378352880478
15424,494,0.14480429887771606
15425,494,0.09943918883800507
15426,494,0.23453707993030548
15427,494,0.12561146914958954
15428,494,0.12575019896030426
15429,494,0.12297125905752182
15430,494,0.283380389213562
15431,495,0.02158602513372898
15432,495,0.41801685094833374
15433,495,0.18281927704811096
15434,495,0.023577909916639328
15435,495,0.18074391782283783
15436,495,0.22241909801959991
15437,495,0.2624390721321106
15438,495,0.03063349425792694
15439,495,0.2710641622543335
15440,495,0.2051672637462616
15441,495,0.09839441627264023
15442,495,0.11172229051589966
15443,495,0.10782042145729065
15444,495,0.12866264581680298
15445,496,0.18568024039268494
15446,496,0.1808094084262848
15447,496,0.2934815287590027
15448,496,0.20123986899852753
15449,496,0.23297874629497528
15450,496,0.22266118228435516
15451,496,0.2084726095199585
15452,496,0.10832473635673523
15453,497,0.10203491151332855
15454,497,0.1281871795654297
15455,497,0.29255831241607666
15456,497,0.40469837188720703
15457,497,0.29636675119400024
15458,497,0.027378302067518234
15459,497,0.3890383243560791
15460,497,0.15185999870300293
15461,497,0.04741130769252777
15462,497,0.0375831164419651
15463,497,0.1977183222770691
15464,497,0.11597562581300735
15465,497,0.21618372201919556
15466,497,0.19571378827095032
15467,497,0.28513699769973755
15468,497,0.1181250512599945
15469,497,0.143781378865242
15470,497,0.2126552015542984
15471,497,0.03030502051115036
15472,497,0.1249728798866272
15473,497,0.4672572612762451
15474,497,0.12507234513759613
15475,497,0.19829654693603516
15476,498,0.1995852142572403
15477,498,0.3085263967514038
15478,498,0.12208668887615204
15479,498,0.12252955883741379
15480,498,0.12375977635383606
15481,498,0.41124197840690613
15482,498,0.02485581487417221
15483,498,0.11241981387138367
15484,498,0.2898852825164795
15485,498,0.18782949447631836
15486,498,0.17911168932914734
15487,498,0.3461264371871948
15488,498,0.318848580121994
15489,498,0.12243062257766724
15490,498,0.27463167905807495
15491,498,0.11079122126102448
15492,498,0.29799631237983704
15493,499,0.028125889599323273
15494,499,0.3294469118118286
15495,499,0.29756781458854675
15496,499,0.1818200647830963
15497,499,0.4118417203426361
15498,499,0.1306450515985489
15499,499,0.2104596048593521
15500,499,0.2207615226507187
15501,499,0.12512192130088806
15502,499,0.13256070017814636
15503,499,0.26679736375808716
15504,499,0.18921364843845367
15505,499,0.2768283784389496
15506,499,0.23658597469329834
15507,499,0.12159381061792374
15508,499,0.36619603633880615
15509,499,0.1993512064218521
15510,500,0.10828831046819687
15511,500,0.30034124851226807
15512,500,0.025869471952319145
15513,500,0.3775313198566437
15514,500,0.2874068319797516
15515,500,0.2851894795894623
15516,500,0.11707668006420135
15517,500,0.10657116025686264
15518,500,0.20707644522190094
15519,500,0.38052546977996826
15520,500,0.1887894868850708
15521,500,0.22898510098457336
15522,500,0.30394798517227173
15523,500,0.36289817094802856
15524,500,0.27380818128585815
15525,500,0.27543556690216064
15526,500,0.3218877613544464
15527,500,0.17668157815933228
15528,500,0.2052687406539917
15529,500,0.03644604980945587
15530,500,0.11430683732032776
15531,500,0.030762149021029472
15532,500,0.10804987698793411
15533,501,0.1894371062517166
15534,501,0.19236578047275543
15535,501,0.025281492620706558
15536,501,0.24546343088150024
15537,501,0.11666857451200485
15538,501,0.4033128023147583
15539,501,0.18935272097587585
15540,501,0.03933272138237953
15541,501,0.5414924621582031
15542,502,0.10523039847612381
15543,502,0.3119172751903534
15544,502,0.10093332082033157
15545,502,0.291301965713501
15546,502,0.10656839609146118
15547,502,0.22254690527915955
15548,502,0.028226561844348907
15549,502,0.13485369086265564
15550,502,0.015272056683897972
15551,502,0.2062145322561264
15552,502,0.0928226038813591
15553,502,0.38482382893562317
15554,502,0.1300770491361618
15555,502,0.1835692971944809
15556,502,0.12206359952688217
15557,503,0.021587753668427467
15558,503,0.4037404954433441
15559,503,0.46742451190948486
15560,503,0.27531883120536804
15561,503,0.20126889646053314
15562,503,0.18951408565044403
15563,503,0.10941927880048752
15564,503,0.02960791252553463
15565,503,0.3864087164402008
15566,503,0.3214944005012512
15567,503,0.33730536699295044
15568,503,0.041019145399332047
15569,503,0.10669159144163132
15570,503,0.20133699476718903
15571,503,0.10121701657772064
15572,503,0.3071304261684418
15573,503,0.021917305886745453
15574,503,0.18913772702217102
15575,503,0.20785172283649445
15576,504,0.27773234248161316
15577,504,0.29570430517196655
15578,504,0.41977429389953613
15579,504,0.22341470420360565
15580,504,0.45039790868759155
15581,504,0.19857971370220184
15582,504,0.10800794512033463
15583,504,0.29390954971313477
15584,504,0.3813225030899048
15585,504,0.11884672194719315
15586,504,0.31346791982650757
15587,504,0.18822196125984192
15588,504,0.35875412821769714
15589,504,0.36442384123802185
15590,504,0.18397879600524902
15591,504,0.11257603019475937
15592,504,0.3625010848045349
15593,504,0.290829062461853
15594,505,0.12359906733036041
15595,505,0.37093380093574524
15596,505,0.44092363119125366
15597,505,0.13047999143600464
15598,505,0.20448441803455353
15599,505,0.41021135449409485
15600,505,0.1206175833940506
15601,505,0.21460603177547455
15602,505,0.1704716980457306
15603,505,0.09528252482414246
15604,505,0.31497254967689514
15605,505,0.02250315435230732
15606,505,0.5132170915603638
15607,505,0.48149073123931885
15608,505,0.12456414103507996
15609,505,0.38754746317863464
15610,505,0.10843747854232788
15611,505,0.12059026956558228
15612,505,0.13000406324863434
15613,505,0.29465699195861816
15614,505,0.21695378422737122
15615,505,0.13601502776145935
15616,506,0.21296045184135437
15617,506,0.27060607075691223
15618,506,0.22015520930290222
15619,506,0.210269957780838
15620,506,0.20137490332126617
15621,506,0.19993260502815247
15622,506,0.1970202773809433
15623,506,0.2758910655975342
15624,506,0.027203885838389397
15625,506,0.11025796085596085
15626,506,0.018130075186491013
15627,506,0.10568108409643173
15628,506,0.022890884429216385
15629,506,0.18461614847183228
15630,506,0.21485573053359985
15631,506,0.026607604697346687
15632,506,0.13199351727962494
15633,506,0.27921444177627563
15634,507,0.01784026250243187
15635,507,0.25363537669181824
15636,507,0.2992084324359894
15637,507,0.18332615494728088
15638,507,0.10258497297763824
15639,507,0.2837272882461548
15640,507,0.22580422461032867
15641,507,0.30649706721305847
15642,507,0.22544002532958984
15643,507,0.2519543170928955
15644,507,0.027421418577432632
15645,507,0.18604695796966553
15646,507,0.5029870867729187
15647,507,0.2038639932870865
15648,507,0.3631340563297272
15649,507,0.31434357166290283
15650,507,0.035300418734550476
15651,507,0.21377746760845184
15652,507,0.18125471472740173
15653,507,0.21866989135742188
15654,507,0.37582752108573914
15655,508,0.4889647364616394
15656,508,0.20096813142299652
15657,508,0.19831021130084991
15658,508,0.11264379322528839
15659,508,0.1247878447175026
15660,508,0.22032411396503448
15661,508,0.11561950296163559
15662,508,0.25146767497062683
15663,508,0.2326400876045227
15664,508,0.4311201274394989
15665,508,0.2767568528652191
15666,508,0.39402979612350464
15667,508,0.13903404772281647
15668,508,0.1210775300860405
15669,508,0.14586202800273895
15670,509,0.18582724034786224
15671,509,0.1334383487701416
15672,509,0.2383640855550766
15673,509,0.23720018565654755
15674,509,0.31339937448501587
15675,509,0.03557679057121277
15676,509,0.30185267329216003
15677,509,0.3056402802467346
15678,509,0.1378990262746811
15679,509,0.3291877210140228
15680,509,0.2025756686925888
15681,509,0.11922603845596313
15682,509,0.10823007673025131
15683,509,0.01984310895204544
15684,509,0.19583873450756073
15685,509,0.2092130482196808
15686,509,0.3156384229660034
15687,509,0.28526797890663147
15688,509,0.11896075308322906
15689,509,0.02421441115438938
15690,509,0.029108883813023567
15691,509,0.11282841116189957
15692,509,0.20551827549934387
15693,510,0.3684162199497223
15694,510,0.186980739235878
15695,510,0.20507782697677612
15696,510,0.1915658712387085
15697,510,0.023996267467737198
15698,510,0.021405864506959915
15699,510,0.03008531779050827
15700,510,0.22397543489933014
15701,510,0.027988603338599205
15702,510,0.38462400436401367
15703,510,0.31655052304267883
15704,510,0.24684812128543854
15705,510,0.2106790542602539
15706,510,0.23473834991455078
15707,510,0.12188851088285446
15708,510,0.2364281713962555
15709,510,0.2895728349685669
15710,510,0.35458868741989136
15711,510,0.03128708899021149
15712,510,0.12242630869150162
15713,510,0.20076268911361694
15714,510,0.19588565826416016
15715,510,0.03104151412844658
15716,511,0.39127615094184875
15717,511,0.16280899941921234
15718,511,0.36373093724250793
15719,511,0.2211320698261261
15720,511,0.2980293333530426
15721,511,0.38056862354278564
15722,511,0.3724268078804016
15723,511,0.11935721337795258
15724,511,0.17575405538082123
15725,511,0.34466931223869324
15726,511,0.22244632244110107
15727,511,0.03458879515528679
15728,511,0.28152698278427124
15729,511,0.20939934253692627
15730,511,0.035667985677719116
15731,511,0.09438704699277878
15732,512,0.1341116577386856
15733,512,0.02985989674925804
15734,512,0.17495931684970856
15735,512,0.19219058752059937
15736,512,0.10429970175027847
15737,512,0.37859004735946655
15738,512,0.1683710515499115
15739,512,0.3163970410823822
15740,512,0.12347591668367386
15741,512,0.022974029183387756
15742,512,0.2816656827926636
15743,512,0.21976803243160248
15744,512,0.3875512182712555
15745,512,0.28495845198631287
15746,512,0.4531114399433136
15747,512,0.028126677498221397
15748,512,0.13735514879226685
15749,512,0.11202381551265717
15750,512,0.23614339530467987
15751,512,0.02428637258708477
15752,512,0.027803102508187294
15753,512,0.21358397603034973
15754,512,0.28316575288772583
15755,513,0.3248059153556824
15756,513,0.11652078479528427
15757,513,0.03430517762899399
15758,513,0.12693125009536743
15759,513,0.09895505756139755
15760,513,0.2793905735015869
15761,513,0.29473185539245605
15762,513,0.3522352874279022
15763,513,0.07666302472352982
15764,513,0.18847641348838806
15765,513,0.1277899444103241
15766,513,0.049355413764715195
15767,513,0.13871783018112183
15768,513,0.18167972564697266
15769,513,0.19214114546775818
15770,513,0.11826066672801971
15771,513,0.11692477762699127
15772,513,0.18767359852790833
15773,514,0.2792646884918213
15774,514,0.19413964450359344
15775,514,0.32458725571632385
15776,514,0.19956666231155396
15777,514,0.12068244814872742
15778,514,0.022873248904943466
15779,514,0.11489146947860718
15780,514,0.30294305086135864
15781,514,0.12865865230560303
15782,514,0.19198733568191528
15783,514,0.025578098371624947
15784,514,0.10240219533443451
15785,514,0.20264527201652527
15786,514,0.10486949235200882
15787,514,0.1108565479516983
15788,514,0.10862276703119278
15789,514,0.22742325067520142
15790,514,0.03120926395058632
15791,514,0.11156909912824631
15792,514,0.1855396032333374
15793,515,0.11238231509923935
15794,515,0.36567333340644836
15795,515,0.11894065886735916
15796,515,0.029943611472845078
15797,515,0.21156777441501617
15798,515,0.21045638620853424
15799,515,0.13469284772872925
15800,515,0.20366835594177246
15801,515,0.2243649810552597
15802,515,0.11317504942417145
15803,515,0.02902875654399395
15804,515,0.13530413806438446
15805,515,0.11573842912912369
15806,515,0.21162626147270203
15807,515,0.24343034625053406
15808,515,0.12450651079416275
15809,515,0.2675878405570984
15810,515,0.11301638185977936
15811,515,0.3644188642501831
15812,516,0.2836953103542328
15813,516,0.030010243877768517
15814,516,0.21402683854103088
15815,516,0.029494499787688255
15816,516,0.26564887166023254
15817,516,0.1867995411157608
15818,516,0.20752030611038208
15819,516,0.19463995099067688
15820,516,0.4307704269886017
15821,516,0.12362438440322876
15822,516,0.034620191901922226
15823,516,0.12740930914878845
15824,516,0.19099433720111847
15825,516,0.4030555188655853
15826,516,0.33430320024490356
15827,516,0.04337107390165329
15828,517,0.1246538981795311
15829,517,0.12508413195610046
15830,517,0.11356732249259949
15831,517,0.09162033349275589
15832,517,0.282193124294281
15833,517,0.20592418313026428
15834,517,0.03541504219174385
15835,517,0.200857475399971
15836,517,0.031653277575969696
15837,517,0.18416878581047058
15838,517,0.27772942185401917
15839,517,0.030063513666391373
15840,517,0.1065477654337883
15841,517,0.11874110251665115
15842,517,0.5186827182769775
15843,517,0.22617943584918976
15844,517,0.12201019376516342
15845,517,0.12203779816627502
15846,517,0.0159370768815279
15847,518,0.27346140146255493
15848,518,0.01745820976793766
15849,518,0.28329676389694214
15850,518,0.10295350849628448
15851,518,0.025016169995069504
15852,518,0.021181611344218254
15853,518,0.09923521429300308
15854,518,0.22332389652729034
15855,519,0.035356804728507996
15856,519,0.44864898920059204
15857,519,0.11765236407518387
15858,519,0.43668487668037415
15859,519,0.11781550943851471
15860,519,0.19927819073200226
15861,519,0.10548563301563263
15862,519,0.3671608567237854
15863,519,0.03897792845964432
15864,519,0.02156262844800949
15865,519,0.6335685849189758
15866,519,0.20193631947040558
15867,519,0.20187413692474365
15868,519,0.025800522416830063
15869,519,0.1109035536646843
15870,519,0.1015286073088646
15871,520,0.3174985945224762
15872,520,0.19779124855995178
15873,520,0.11795394122600555
15874,520,0.28308022022247314
15875,520,0.213047593832016
15876,520,0.1992482841014862
15877,520,0.02871861681342125
15878,520,0.22079423069953918
15879,520,0.21921251714229584
15880,520,0.4404734969139099
15881,520,0.10273678600788116
15882,520,0.026470191776752472
15883,520,0.20127040147781372
15884,520,0.11157423257827759
15885,521,0.16029173135757446
15886,521,0.36125510931015015
15887,521,0.28561726212501526
15888,521,0.10429780185222626
15889,521,0.10979830473661423
15890,521,0.1195463314652443
15891,521,0.13138650357723236
15892,521,0.42741134762763977
15893,521,0.44460010528564453
15894,521,0.025689072906970978
15895,521,0.2733199894428253
15896,521,0.21175464987754822
15897,521,0.033832255750894547
15898,521,0.4397450089454651
15899,521,0.024071887135505676
15900,521,0.19012819230556488
15901,521,0.11056917160749435
15902,521,0.4464642405509949
15903,522,0.20869314670562744
15904,522,0.13259726762771606
15905,522,0.19804808497428894
15906,522,0.18255355954170227
15907,522,0.28997689485549927
15908,522,0.30496323108673096
15909,522,0.0319448821246624
15910,522,0.1038207933306694
15911,522,0.10946350544691086
15912,522,0.11637956649065018
15913,522,0.27644920349121094
15914,522,0.19703446328639984
15915,522,0.022880788892507553
15916,522,0.4741961359977722
15917,522,0.3676828145980835
15918,523,0.2948632836341858
15919,523,0.10142992436885834
15920,523,0.2972062826156616
15921,523,0.16496752202510834
15922,523,0.09844828397035599
15923,523,0.35358676314353943
15924,523,0.2984848916530609
15925,523,0.35952064394950867
15926,524,0.03388131037354469
15927,524,0.2979658544063568
15928,524,0.20275843143463135
15929,524,0.029373615980148315
15930,524,0.3017370104789734
15931,524,0.2071983963251114
15932,524,0.1200178936123848
15933,524,0.40269264578819275
15934,524,0.0922376811504364
15935,524,0.27898621559143066
15936,524,0.29629215598106384
15937,524,0.11067906022071838
15938,524,0.38488611578941345
15939,524,0.11525379121303558
15940,524,0.032829880714416504
15941,524,0.04102993756532669
15942,524,0.102717824280262
15943,524,0.19934488832950592
15944,524,0.12030451744794846
15945,524,0.1889970898628235
15946,524,0.020925423130393028
15947,524,0.2182413637638092
15948,524,0.10954850912094116
15949,524,0.03047129698097706
15950,525,0.025690464302897453
15951,525,0.19956757128238678
15952,525,0.030612768605351448
15953,525,0.10212402790784836
15954,525,0.2610486149787903
15955,525,0.36716675758361816
15956,525,0.25485706329345703
15957,525,0.12749937176704407
15958,525,0.18397724628448486
15959,525,0.11008414626121521
15960,525,0.13539519906044006
15961,525,0.19754254817962646
15962,525,0.10133644193410873
15963,525,0.035188496112823486
15964,525,0.028445009142160416
15965,525,0.1802530437707901
15966,526,0.1864829808473587
15967,526,0.10061623156070709
15968,526,0.13380758464336395
15969,526,0.01774340309202671
15970,526,0.211503803730011
15971,526,0.10688943415880203
15972,526,0.19166019558906555
15973,526,0.2860972285270691
15974,526,0.027020646259188652
15975,526,0.458297997713089
15976,526,0.11414887756109238
15977,526,0.051190510392189026
15978,526,0.11077867448329926
15979,526,0.20182427763938904
15980,526,0.18981292843818665
15981,526,0.02301335334777832
15982,526,0.20562531054019928
15983,527,0.19990511238574982
15984,527,0.19940687716007233
15985,527,0.21543121337890625
15986,527,0.131302148103714
15987,527,0.3002943992614746
15988,527,0.09251248091459274
15989,527,0.1616256982088089
15990,527,0.03694774955511093
15991,527,0.034482404589653015
15992,527,0.22406545281410217
15993,527,0.13044199347496033
15994,527,0.1729595959186554
15995,527,0.18778949975967407
15996,527,0.35794737935066223
15997,527,0.22821144759655
15998,527,0.2769072651863098
15999,527,0.2574455738067627
16000,527,0.4593186676502228
16001,528,0.42289307713508606
16002,528,0.02461114339530468
16003,528,0.18626768887043
16004,528,0.09830919653177261
16005,528,0.20775455236434937
16006,528,0.3324054479598999
16007,528,0.2025558054447174
16008,528,0.033564697951078415
16009,528,0.21332791447639465
16010,528,0.031121941283345222
16011,528,0.12653204798698425
16012,528,0.19909247756004333
16013,528,0.19510741531848907
16014,528,0.11781223118305206
16015,528,0.20306724309921265
16016,528,0.11971255391836166
16017,528,0.2020777463912964
16018,528,0.040170177817344666
16019,528,0.45737147331237793
16020,528,0.46176451444625854
16021,528,0.18582355976104736
16022,529,0.10397157818078995
16023,529,0.03528204932808876
16024,529,0.18855217099189758
16025,529,0.02805539406836033
16026,529,0.2904912829399109
16027,529,0.20147186517715454
16028,529,0.2860700190067291
16029,529,0.19409996271133423
16030,529,0.15581847727298737
16031,529,0.21397541463375092
16032,529,0.11213503032922745
16033,529,0.037953756749629974
16034,529,0.2714378535747528
16035,529,0.19651952385902405
16036,529,0.2812308669090271
16037,529,0.2789425849914551
16038,530,0.3597915768623352
16039,530,0.1069415807723999
16040,530,0.1861119419336319
16041,530,0.11227212101221085
16042,530,0.20093438029289246
16043,530,0.29320526123046875
16044,530,0.21287524700164795
16045,530,0.29093030095100403
16046,530,0.19840265810489655
16047,530,0.2807518541812897
16048,530,0.0980137437582016
16049,530,0.05300591513514519
16050,530,0.10689213126897812
16051,531,0.03179788216948509
16052,531,0.2868088185787201
16053,531,0.12027808278799057
16054,531,0.02685340866446495
16055,531,0.13610553741455078
16056,531,0.2776780128479004
16057,531,0.09934528172016144
16058,531,0.26678162813186646
16059,531,0.05427735671401024
16060,531,0.024431465193629265
16061,531,0.20403742790222168
16062,531,0.11921937018632889
16063,531,0.08129306137561798
16064,531,0.1784115433692932
16065,531,0.4683420956134796
16066,531,0.2046283632516861
16067,531,0.32898640632629395
16068,531,0.2598223388195038
16069,531,0.11981042474508286
16070,531,0.20880509912967682
16071,532,0.1693708300590515
16072,532,0.2765728831291199
16073,532,0.04568833112716675
16074,532,0.2843710482120514
16075,532,0.03565997630357742
16076,532,0.12162227928638458
16077,532,0.349583238363266
16078,532,0.02408466301858425
16079,533,0.21401162445545197
16080,533,0.10390055179595947
16081,533,0.3066319227218628
16082,533,0.26863375306129456
16083,533,0.19661393761634827
16084,533,0.19870516657829285
16085,533,0.11777766048908234
16086,533,0.21341091394424438
16087,533,0.4333888292312622
16088,533,0.1882467269897461
16089,533,0.03416361287236214
16090,533,0.43324005603790283
16091,533,0.03933974355459213
16092,533,0.10638660937547684
16093,533,0.02753232605755329
16094,533,0.09882428497076035
16095,533,0.03149828314781189
16096,533,0.1924256980419159
16097,533,0.38531869649887085
16098,533,0.02438095211982727
16099,533,0.2716436982154846
16100,533,0.27962812781333923
16101,534,0.1266147941350937
16102,534,0.18518176674842834
16103,534,0.017657658085227013
16104,534,0.11833958327770233
16105,534,0.2998462915420532
16106,534,0.18302778899669647
16107,534,0.12361299991607666
16108,534,0.3432556390762329
16109,534,0.3166768252849579
16110,534,0.12652547657489777
16111,534,0.03301282972097397
16112,534,0.09900756180286407
16113,534,0.26948970556259155
16114,534,0.11550752818584442
16115,534,0.2105817198753357
16116,534,0.2938918471336365
16117,534,0.11245274543762207
16118,534,0.35010698437690735
16119,534,0.02768011949956417
16120,535,0.03770367056131363
16121,535,0.27853506803512573
16122,535,0.28205662965774536
16123,535,0.2138470709323883
16124,535,0.2693522274494171
16125,535,0.191522479057312
16126,535,0.1043664962053299
16127,535,0.3294529318809509
16128,535,0.28680118918418884
16129,535,0.19919627904891968
16130,535,0.28249576687812805
16131,535,0.20817135274410248
16132,535,0.033239614218473434
16133,535,0.030889375135302544
16134,535,0.11583934724330902
16135,536,0.4513987898826599
16136,536,0.018911447376012802
16137,536,0.1856660395860672
16138,536,0.12259955704212189
16139,536,0.023458151146769524
16140,536,0.021094050258398056
16141,536,0.2019781917333603
16142,536,0.2066459208726883
16143,536,0.44983720779418945
16144,536,0.11929655820131302
16145,536,0.286871075630188
16146,536,0.18609140813350677
16147,536,0.2778567969799042
16148,536,0.20042523741722107
16149,537,0.041106387972831726
16150,537,0.2944600582122803
16151,537,0.20364099740982056
16152,537,0.24154143035411835
16153,537,0.21144667267799377
16154,537,0.2060619592666626
16155,537,0.1006460189819336
16156,537,0.3357137143611908
16157,537,0.19920112192630768
16158,537,0.3164723813533783
16159,537,0.1971059888601303
16160,537,0.021465344354510307
16161,537,0.2849883735179901
16162,537,0.28827065229415894
16163,537,0.17427614331245422
16164,537,0.12519937753677368
16165,538,0.2130512148141861
16166,538,0.21165882050991058
16167,538,0.03153426945209503
16168,538,0.03715349733829498
16169,538,0.21487931907176971
16170,538,0.12068607658147812
16171,538,0.5222914814949036
16172,538,0.1260378360748291
16173,538,0.3523394465446472
16174,538,0.26915737986564636
16175,538,0.2734493315219879
16176,538,0.1098417192697525
16177,538,0.18220801651477814
16178,538,0.2889101207256317
16179,538,0.18128706514835358
16180,538,0.17899003624916077
16181,538,0.10164333879947662
16182,538,0.21163716912269592
16183,538,0.3396341800689697
16184,538,0.4492352306842804
16185,538,0.19865015149116516
16186,539,0.02583264745771885
16187,539,0.0952046811580658
16188,539,0.11376027762889862
16189,539,0.10245592892169952
16190,539,0.021242104470729828
16191,539,0.45920175313949585
16192,539,0.34315311908721924
16193,539,0.028828296810388565
16194,539,0.10481101274490356
16195,539,0.1079496219754219
16196,539,0.10654690116643906
16197,540,0.2796080410480499
16198,540,0.10775793343782425
16199,540,0.18536609411239624
16200,540,0.27380073070526123
16201,540,0.1101275160908699
16202,540,0.3346565067768097
16203,540,0.35573235154151917
16204,540,0.27052435278892517
16205,540,0.37356340885162354
16206,540,0.18856091797351837
16207,540,0.17340217530727386
16208,540,0.0927131250500679
16209,540,0.3460908532142639
16210,540,0.373941034078598
16211,540,0.13876542448997498
16212,540,0.1903296411037445
16213,540,0.2804441452026367
16214,540,0.028017845004796982
16215,541,0.32120588421821594
16216,541,0.3478700816631317
16217,541,0.10484759509563446
16218,541,0.1887647956609726
16219,541,0.2747490108013153
16220,541,0.11390645056962967
16221,541,0.026230156421661377
16222,541,0.20766878128051758
16223,541,0.17138314247131348
16224,541,0.10366504639387131
16225,541,0.1950691193342209
16226,541,0.3678129315376282
16227,541,0.28970691561698914
16228,541,0.02731425315141678
16229,541,0.1871153563261032
16230,541,0.040562305599451065
16231,541,0.21056310832500458
16232,541,0.19434858858585358
16233,541,0.02270054817199707
16234,541,0.19976703822612762
16235,541,0.35403862595558167
16236,541,0.2732137143611908
16237,542,0.20472119748592377
16238,542,0.13588131964206696
16239,542,0.20663729310035706
16240,542,0.27462202310562134
16241,542,0.11462129652500153
16242,542,0.4617062509059906
16243,542,0.27649080753326416
16244,542,0.4435309171676636
16245,542,0.4304736256599426
16246,542,0.18976064026355743
16247,542,0.4248657822608948
16248,542,0.22840185463428497
16249,542,0.1259574294090271
16250,542,0.11806652694940567
16251,542,0.20195463299751282
16252,542,0.36645814776420593
16253,542,0.21047984063625336
16254,542,0.2029663771390915
16255,542,0.12947890162467957
16256,542,0.1983093023300171
16257,542,0.13272957503795624
16258,542,0.12614880502223969
16259,543,0.1259920299053192
16260,543,0.03405887633562088
16261,543,0.1894911378622055
16262,543,0.28600093722343445
16263,543,0.14019587635993958
16264,543,0.4948911666870117
16265,543,0.12732945382595062
16266,543,0.10349015146493912
16267,543,0.35121235251426697
16268,543,0.19373606145381927
16269,543,0.2636569142341614
16270,543,0.1534194052219391
16271,543,0.20642007887363434
16272,543,0.20111559331417084
16273,543,0.1061491146683693
16274,543,0.5494418740272522
16275,544,0.032742708921432495
16276,544,0.1152692586183548
16277,544,0.20849692821502686
16278,544,0.2005433440208435
16279,544,0.19848769903182983
16280,544,0.2695935368537903
16281,544,0.11222557723522186
16282,544,0.1881754845380783
16283,544,0.2567375600337982
16284,544,0.11142674088478088
16285,544,0.10458129644393921
16286,544,0.3487148880958557
16287,544,0.2172805815935135
16288,544,0.028993412852287292
16289,544,0.019580520689487457
16290,544,0.02486049011349678
16291,544,0.18522393703460693
16292,544,0.1108623743057251
16293,545,0.19742746651172638
16294,545,0.3834918141365051
16295,545,0.19772273302078247
16296,545,0.35660049319267273
16297,545,0.13219845294952393
16298,545,0.025576874613761902
16299,545,0.34507542848587036
16300,545,0.29794639348983765
16301,545,0.03542288392782211
16302,545,0.2928002178668976
16303,545,0.2744218111038208
16304,545,0.2563592195510864
16305,545,0.038010913878679276
16306,545,0.34788113832473755
16307,545,0.36667996644973755
16308,546,0.19833171367645264
16309,546,0.18868927657604218
16310,546,0.29013675451278687
16311,546,0.20633862912654877
16312,546,0.03942684829235077
16313,546,0.11152096837759018
16314,546,0.031787484884262085
16315,546,0.18612806499004364
16316,546,0.3385947644710541
16317,546,0.4240729510784149
16318,546,0.2716209590435028
16319,546,0.27222898602485657
16320,546,0.2598438560962677
16321,546,0.2167765349149704
16322,546,0.023876402527093887
16323,546,0.37334540486335754
16324,546,0.027937915176153183
16325,546,0.3532663583755493
16326,546,0.29577773809432983
16327,546,0.12049494683742523
16328,546,0.03200863301753998
16329,546,0.29937073588371277
16330,546,0.2446596622467041
16331,546,0.10488209128379822
16332,546,0.19558168947696686
16333,547,0.2018943428993225
16334,547,0.1853196620941162
16335,547,0.12012431770563126
16336,547,0.17720620334148407
16337,547,0.1944873183965683
16338,547,0.1832931935787201
16339,547,0.19786056876182556
16340,547,0.10340605676174164
16341,547,0.4668971300125122
16342,547,0.03393423184752464
16343,547,0.38276994228363037
16344,547,0.18692424893379211
16345,547,0.03421150892972946
16346,547,0.02829011157155037
16347,548,0.19677786529064178
16348,548,0.3451464772224426
16349,548,0.3744055926799774
16350,548,0.03598500043153763
16351,548,0.2050187587738037
16352,548,0.2740986943244934
16353,548,0.20278792083263397
16354,548,0.27298232913017273
16355,548,0.2859567403793335
16356,548,0.19358499348163605
16357,548,0.19698238372802734
16358,548,0.3440849483013153
16359,548,0.12166614085435867
16360,548,0.20791423320770264
16361,548,0.04386960715055466
16362,548,0.028425849974155426
16363,548,0.26872575283050537
16364,548,0.44143587350845337
16365,549,0.3712681531906128
16366,549,0.10970854014158249
16367,549,0.2846507728099823
16368,549,0.20596759021282196
16369,549,0.09991801530122757
16370,549,0.3027372658252716
16371,549,0.34053805470466614
16372,549,0.19395411014556885
16373,549,0.1189197450876236
16374,549,0.37587830424308777
16375,549,0.38808169960975647
16376,549,0.2689203917980194
16377,549,0.02755826711654663
16378,549,0.37260696291923523
16379,549,0.028411997482180595
16380,550,0.1335095316171646
16381,550,0.26810798048973083
16382,550,0.1919955015182495
16383,550,0.04602726548910141
16384,550,0.12859119474887848
16385,550,0.22459016740322113
16386,550,0.1012020856142044
16387,550,0.27614331245422363
16388,550,0.11863869428634644
16389,550,0.27546069025993347
16390,550,0.17612813413143158
16391,550,0.1781524121761322
16392,550,0.1610184609889984
16393,550,0.27654945850372314
16394,550,0.04308023676276207
16395,550,0.19857029616832733
16396,550,0.1101449504494667
16397,550,0.03103678487241268
16398,550,0.18694420158863068
16399,550,0.1844082623720169
16400,550,0.5185977220535278
16401,551,0.11005062609910965
16402,551,0.20507243275642395
16403,551,0.2702368199825287
16404,551,0.2823309302330017
16405,551,0.29206788539886475
16406,551,0.03170233964920044
16407,551,0.10577768087387085
16408,551,0.45643430948257446
16409,551,0.02400279976427555
16410,551,0.04804796725511551
16411,551,0.28774628043174744
16412,551,0.02557940036058426
16413,551,0.1980665624141693
16414,551,0.3569597005844116
16415,551,0.1970403492450714
16416,552,0.38334235548973083
16417,552,0.26149672269821167
16418,552,0.19018025696277618
16419,552,0.10554151237010956
16420,552,0.20738485455513
16421,552,0.35695236921310425
16422,552,0.20332206785678864
16423,552,0.2877627909183502
16424,552,0.4103357195854187
16425,552,0.1882133185863495
16426,552,0.186069518327713
16427,552,0.11315932869911194
16428,552,0.09979349374771118
16429,552,0.032375190407037735
16430,552,0.21306736767292023
16431,552,0.11074338853359222
16432,553,0.02361617423593998
16433,553,0.11074431985616684
16434,553,0.18307635188102722
16435,553,0.022990528494119644
16436,553,0.18192058801651
16437,553,0.38715434074401855
16438,553,0.030930276960134506
16439,553,0.09613535553216934
16440,553,0.11230365931987762
16441,553,0.1804591864347458
16442,553,0.10736748576164246
16443,553,0.11935802549123764
16444,554,0.12624378502368927
16445,554,0.21803054213523865
16446,554,0.11159126460552216
16447,554,0.09575290232896805
16448,554,0.20280306041240692
16449,554,0.02279653586447239
16450,554,0.1178441047668457
16451,554,0.26164111495018005
16452,554,0.26262468099594116
16453,554,0.09908698499202728
16454,554,0.37752988934516907
16455,554,0.28872349858283997
16456,554,0.2805149555206299
16457,554,0.2718735337257385
16458,555,0.027803855016827583
16459,555,0.10870897769927979
16460,555,0.33281370997428894
16461,555,0.12715519964694977
16462,555,0.2022150605916977
16463,555,0.24853646755218506
16464,555,0.12623903155326843
16465,555,0.03180822730064392
16466,555,0.11198663711547852
16467,555,0.18567387759685516
16468,555,0.12500327825546265
16469,555,0.09927187114953995
16470,555,0.4525827169418335
16471,555,0.3904167711734772
16472,555,0.12147780507802963
16473,555,0.09871464967727661
16474,555,0.17654350399971008
16475,556,0.11934159696102142
16476,556,0.18068115413188934
16477,556,0.10061029344797134
16478,556,0.11329110711812973
16479,556,0.18913023173809052
16480,556,0.3029899597167969
16481,556,0.19050626456737518
16482,556,0.12591688334941864
16483,556,0.27006152272224426
16484,556,0.09102629870176315
16485,556,0.17911359667778015
16486,556,0.2847309112548828
16487,556,0.11569929867982864
16488,556,0.1137569323182106
16489,556,0.026295794174075127
16490,556,0.11051318049430847
16491,556,0.3479648232460022
16492,556,0.10314831137657166
16493,556,0.19030098617076874
16494,556,0.197165846824646
16495,556,0.10064863413572311
16496,556,0.02157382108271122
16497,557,0.27453362941741943
16498,557,0.5587600469589233
16499,557,0.19836176931858063
16500,557,0.22695735096931458
16501,557,0.1915673017501831
16502,557,0.18216797709465027
16503,557,0.28087854385375977
16504,557,0.10568264871835709
16505,557,0.04529354348778725
16506,557,0.10863052308559418
16507,557,0.04061068594455719
16508,557,0.2573280930519104
16509,557,0.21276748180389404
16510,557,0.29566365480422974
16511,557,0.1801457703113556
16512,557,0.19318939745426178
16513,557,0.2757018804550171
16514,558,0.1746608316898346
16515,558,0.08298631757497787
16516,558,0.28270116448402405
16517,558,0.10182619094848633
16518,558,0.0379483662545681
16519,558,0.18634024262428284
16520,558,0.19864749908447266
16521,558,0.21344535052776337
16522,558,0.189653679728508
16523,558,0.12792031466960907
16524,558,0.4967251718044281
16525,558,0.20077641308307648
16526,558,0.1966775506734848
16527,558,0.18785952031612396
16528,558,0.019405994564294815
16529,558,0.11581134051084518
16530,558,0.2807052731513977
16531,558,0.3271631598472595
16532,559,0.028928212821483612
16533,559,0.4198257625102997
16534,559,0.2554610073566437
16535,559,0.20473091304302216
16536,559,0.25783076882362366
16537,559,0.15964333713054657
16538,559,0.40417590737342834
16539,559,0.1112511157989502
16540,559,0.02530800551176071
16541,559,0.19163836538791656
16542,559,0.28687459230422974
16543,559,0.12072095274925232
16544,559,0.20543541014194489
16545,559,0.09924924373626709
16546,559,0.1109757050871849
16547,559,0.19997407495975494
16548,559,0.11388503015041351
16549,559,0.2927837371826172
16550,559,0.3643192648887634
16551,559,0.18199366331100464
16552,559,0.29919636249542236
16553,560,0.19052733480930328
16554,560,0.5092865824699402
16555,560,0.10642611235380173
16556,560,0.11170538514852524
16557,560,0.10347452014684677
16558,560,0.1174580305814743
16559,560,0.10947181284427643
16560,560,0.2818433344364166
16561,560,0.30048516392707825
16562,560,0.12156126648187637
16563,560,0.10061925649642944
16564,560,0.03622504696249962
16565,560,0.3736645579338074
16566,560,0.1778220534324646
16567,560,0.2745465636253357
16568,560,0.21020318567752838
16569,561,0.021735984832048416
16570,561,0.30289262533187866
16571,561,0.3662339150905609
16572,561,0.2644135653972626
16573,561,0.11023953557014465
16574,561,0.2033473551273346
16575,561,0.12538190186023712
16576,561,0.1897081434726715
16577,561,0.1177946925163269
16578,561,0.1765163689851761
16579,561,0.17923060059547424
16580,561,0.1146264597773552
16581,561,0.3638988435268402
16582,561,0.03563550114631653
16583,561,0.5933828949928284
16584,561,0.18366213142871857
16585,561,0.11717024445533752
16586,561,0.19876322150230408
16587,562,0.10430692881345749
16588,562,0.02641386166214943
16589,562,0.34151214361190796
16590,562,0.04640136659145355
16591,562,0.11294779926538467
16592,562,0.2022296041250229
16593,562,0.49254459142684937
16594,562,0.10390308499336243
16595,562,0.027685409411787987
16596,562,0.17380526661872864
16597,562,0.09249046444892883
16598,562,0.22236613929271698
16599,562,0.022532960399985313
16600,562,0.26330089569091797
16601,562,0.35341331362724304
16602,562,0.49453938007354736
16603,562,0.4466572105884552
16604,563,0.04056820273399353
16605,563,0.2896078824996948
16606,563,0.1026037186384201
16607,563,0.1977384388446808
16608,563,0.1840606927871704
16609,563,0.12195827066898346
16610,563,0.028495965525507927
16611,563,0.0208395067602396
16612,563,0.40167123079299927
16613,563,0.11476772278547287
16614,563,0.01250848826020956
16615,563,0.1032613143324852
16616,563,0.43482279777526855
16617,563,0.023424619808793068
16618,563,0.038707077503204346
16619,563,0.18634481728076935
16620,563,0.10142841935157776
16621,563,0.022960342466831207
16622,563,0.025890173390507698
16623,563,0.0198808703571558
16624,563,0.18822991847991943
16625,564,0.19946078956127167
16626,564,0.27413758635520935
16627,564,0.4586747884750366
16628,564,0.18610629439353943
16629,564,0.4450352191925049
16630,564,0.5923359394073486
16631,564,0.19624747335910797
16632,564,0.2959374785423279
16633,564,0.11176563054323196
16634,564,0.2893543541431427
16635,564,0.20017442107200623
16636,564,0.18427428603172302
16637,564,0.10053934901952744
16638,564,0.3301970362663269
16639,564,0.11346372961997986
16640,564,0.2584419548511505
16641,564,0.1227010041475296
16642,565,0.12601803243160248
16643,565,0.1106722503900528
16644,565,0.18566064536571503
16645,565,0.19410665333271027
16646,565,0.02202436700463295
16647,565,0.19781355559825897
16648,565,0.03734288364648819
16649,565,0.3441886901855469
16650,565,0.1882397085428238
16651,565,0.39985328912734985
16652,565,0.28692933917045593
16653,565,0.09668536484241486
16654,565,0.5222138166427612
16655,565,0.4982440769672394
16656,566,0.11985480040311813
16657,566,0.025071240961551666
16658,566,0.1969468742609024
16659,566,0.17962650954723358
16660,566,0.1849987506866455
16661,566,0.17273560166358948
16662,566,0.25002601742744446
16663,566,0.2031424343585968
16664,567,0.10554622113704681
16665,567,0.2604995369911194
16666,567,0.1854051798582077
16667,567,0.2812803387641907
16668,567,0.10202112793922424
16669,567,0.25735145807266235
16670,567,0.17948682606220245
16671,567,0.19534561038017273
16672,567,0.2728249132633209
16673,567,0.4603177309036255
16674,567,0.18673069775104523
16675,567,0.1190277710556984
16676,567,0.18484191596508026
16677,567,0.1051444560289383
16678,567,0.44359150528907776
16679,567,0.30956894159317017
16680,568,0.3991345167160034
16681,568,0.1031036451458931
16682,568,0.050504013895988464
16683,568,0.3517046868801117
16684,568,0.028354443609714508
16685,568,0.2939411997795105
16686,568,0.2950270473957062
16687,568,0.28050801157951355
16688,568,0.1995040774345398
16689,568,0.1999644637107849
16690,568,0.1897403597831726
16691,568,0.29511240124702454
16692,568,0.27116867899894714
16693,568,0.18781733512878418
16694,568,0.025059502571821213
16695,568,0.033442266285419464
16696,569,0.10188204050064087
16697,569,0.20358406007289886
16698,569,0.02913200668990612
16699,569,0.19236871600151062
16700,569,0.022295568138360977
16701,569,0.44137489795684814
16702,569,0.3292503356933594
16703,569,0.18006037175655365
16704,569,0.10677090287208557
16705,569,0.18139706552028656
16706,569,0.20518723130226135
16707,569,0.03989703208208084
16708,569,0.17894750833511353
16709,569,0.1025405153632164
16710,569,0.185821995139122
16711,569,0.09933866560459137
16712,569,0.26379087567329407
16713,570,0.1981087028980255
16714,570,0.11136628687381744
16715,570,0.12107045948505402
16716,570,0.11366001516580582
16717,570,0.2729499638080597
16718,570,0.017883069813251495
16719,570,0.12264464795589447
16720,570,0.25799843668937683
16721,570,0.09846869111061096
16722,570,0.18898311257362366
16723,570,0.10218801349401474
16724,570,0.10724545270204544
16725,570,0.1776534765958786
16726,570,0.23156452178955078
16727,570,0.026639310643076897
16728,570,0.3508448004722595
16729,570,0.19919712841510773
16730,570,0.18665017187595367
16731,570,0.10297026485204697
16732,570,0.1946435123682022
16733,571,0.05028678476810455
16734,571,0.19317758083343506
16735,571,0.12342898547649384
16736,571,0.11011205613613129
16737,571,0.4492981731891632
16738,571,0.1173253059387207
16739,571,0.19173689186573029
16740,571,0.2770095765590668
16741,571,0.17606201767921448
16742,571,0.16589806973934174
16743,571,0.1271563023328781
16744,571,0.26629751920700073
16745,571,0.5870208740234375
16746,571,0.02228724956512451
16747,571,0.11972270160913467
16748,571,0.08621811866760254
16749,571,0.2038658857345581
16750,571,0.10450462251901627
16751,571,0.1768679916858673
16752,571,0.15298345685005188
16753,571,0.10695497691631317
16754,571,0.11969221383333206
16755,572,0.11622992902994156
16756,572,0.1853679120540619
16757,572,0.28416329622268677
16758,572,0.2637944221496582
16759,572,0.1216253787279129
16760,572,0.3545231223106384
16761,572,0.2659679055213928
16762,572,0.2773449122905731
16763,572,0.09047781676054001
16764,572,0.19341209530830383
16765,572,0.1042948067188263
16766,572,0.023991350084543228
16767,572,0.1293761283159256
16768,572,0.20754452049732208
16769,572,0.09399253875017166
16770,572,0.4259861409664154
16771,572,0.3534456193447113
16772,572,0.3493381440639496
16773,572,0.11000512540340424
16774,572,0.1084442287683487
16775,572,0.34492358565330505
16776,573,0.25383034348487854
16777,573,0.024032460525631905
16778,573,0.18331247568130493
16779,573,0.2509559392929077
16780,573,0.15858137607574463
16781,573,0.620597779750824
16782,573,0.09744356572628021
16783,573,0.17725904285907745
16784,573,0.09899323433637619
16785,573,0.2647501826286316
16786,573,0.09968435764312744
16787,573,0.11728966236114502
16788,573,0.25617820024490356
16789,573,0.10499724000692368
16790,573,0.24962230026721954
16791,573,0.28966373205184937
16792,573,0.24807122349739075
16793,573,0.10443400591611862
16794,573,0.21048319339752197
16795,573,0.128808856010437
16796,573,0.2546549141407013
16797,573,0.09708376973867416
16798,573,0.21688082814216614
16799,574,0.18788202106952667
16800,574,0.20771917700767517
16801,574,0.10659622400999069
16802,574,0.26893681287765503
16803,574,0.2775048017501831
16804,574,0.27417445182800293
16805,574,0.2610856890678406
16806,574,0.19651977717876434
16807,574,0.26616767048835754
16808,574,0.035275693982839584
16809,574,0.10681161284446716
16810,574,0.11881311237812042
16811,575,0.2738007605075836
16812,575,0.09715527296066284
16813,575,0.022613590583205223
16814,575,0.24321481585502625
16815,575,0.10636069625616074
16816,575,0.33277466893196106
16817,575,0.21400383114814758
16818,575,0.3442160487174988
16819,575,0.3381772041320801
16820,575,0.1139151006937027
16821,575,0.029739949852228165
16822,575,0.12101331353187561
16823,575,0.21926139295101166
16824,575,0.19132322072982788
16825,575,0.12659765779972076
16826,575,0.015725789591670036
16827,575,0.2753794193267822
16828,575,0.06842155754566193
16829,575,0.19786082208156586
16830,575,0.16644808650016785
16831,575,0.21544262766838074
16832,575,0.017142442986369133
16833,575,0.2670268416404724
16834,576,0.2507881820201874
16835,576,0.287225604057312
16836,576,0.10074140131473541
16837,576,0.22202442586421967
16838,576,0.12194647639989853
16839,576,0.26687127351760864
16840,576,0.26691901683807373
16841,576,0.11959093064069748
16842,576,0.10691693425178528
16843,576,0.18309056758880615
16844,576,0.2856089770793915
16845,577,0.18644249439239502
16846,577,0.35504433512687683
16847,577,0.10541582107543945
16848,577,0.27756431698799133
16849,577,0.34599393606185913
16850,577,0.28152474761009216
16851,577,0.27577343583106995
16852,577,0.09677593410015106
16853,577,0.2947002649307251
16854,577,0.10951836407184601
16855,577,0.03523187339305878
16856,577,0.3361956775188446
16857,577,0.2653193473815918
16858,577,0.1980612874031067
16859,577,0.25925368070602417
16860,577,0.4432676434516907
16861,577,0.03935425728559494
16862,577,0.10121005773544312
16863,577,0.10238324105739594
16864,578,0.2730957865715027
16865,578,0.12161361426115036
16866,578,0.41664794087409973
16867,578,0.12450188398361206
16868,578,0.1989172101020813
16869,578,0.5804920196533203
16870,578,0.26559826731681824
16871,578,0.1210484728217125
16872,578,0.020543178543448448
16873,578,0.2787925601005554
16874,578,0.3861141502857208
16875,578,0.11098463833332062
16876,578,0.18041948974132538
16877,578,0.2640979290008545
16878,578,0.09739912301301956
16879,578,0.1995057463645935
16880,578,0.1299855262041092
16881,578,0.2843349277973175
16882,578,0.4588257968425751
16883,578,0.29161038994789124
16884,578,0.3481515049934387
16885,579,0.17735083401203156
16886,579,0.10086672008037567
16887,579,0.12568399310112
16888,579,0.27371641993522644
16889,579,0.12218567728996277
16890,579,0.34282976388931274
16891,579,0.03316158056259155
16892,579,0.1970979869365692
16893,580,0.3524557054042816
16894,580,0.10973158478736877
16895,580,0.18339337408542633
16896,580,0.2459092140197754
16897,580,0.19073325395584106
16898,580,0.26123136281967163
16899,580,0.2777149975299835
16900,580,0.1961185336112976
16901,580,0.2799772024154663
16902,580,0.10928574949502945
16903,580,0.17564791440963745
16904,580,0.03224692866206169
16905,580,0.0230035912245512
16906,580,0.11319291591644287
16907,580,0.18004806339740753
16908,580,0.020443206652998924
16909,580,0.33361315727233887
16910,580,0.11710347980260849
16911,581,0.4404505491256714
16912,581,0.14675204455852509
16913,581,0.2014313042163849
16914,581,0.09713752567768097
16915,581,0.18687739968299866
16916,581,0.25664815306663513
16917,581,0.12002089619636536
16918,581,0.03962016478180885
16919,581,0.11422313749790192
16920,581,0.033406078815460205
16921,581,0.2689551115036011
16922,581,0.1910000592470169
16923,581,0.43277662992477417
16924,581,0.10840113461017609
16925,581,0.10573171824216843
16926,581,0.1935516595840454
16927,581,0.35000908374786377
16928,581,0.35454878211021423
16929,581,0.028494279831647873
16930,581,0.20334258675575256
16931,581,0.11293088644742966
16932,581,0.1789427399635315
16933,581,0.029305992648005486
16934,582,0.11455855518579483
16935,582,0.1845404952764511
16936,582,0.26130712032318115
16937,582,0.26984333992004395
16938,582,0.17376135289669037
16939,582,0.18555688858032227
16940,582,0.20460724830627441
16941,582,0.1114702895283699
16942,582,0.18532045185565948
16943,582,0.2718650996685028
16944,582,0.2012501358985901
16945,582,0.02522679790854454
16946,582,0.11738912016153336
16947,582,0.034852299839258194
16948,582,0.11250193417072296
16949,582,0.19263789057731628
16950,582,0.09168688952922821
16951,582,0.08717508614063263
16952,582,0.02104985900223255
16953,582,0.19686324894428253
16954,582,0.2883121073246002
16955,582,0.20006480813026428
16956,582,0.3363688588142395
16957,582,0.20678658783435822
16958,582,0.3345303237438202
16959,583,0.11252152919769287
16960,583,0.20056748390197754
16961,583,0.2856305241584778
16962,583,0.03845939040184021
16963,583,0.26429325342178345
16964,583,0.10702794790267944
16965,583,0.21208123862743378
16966,583,0.19267795979976654
16967,583,0.1856209933757782
16968,583,0.03636912629008293
16969,583,0.02372329868376255
16970,583,0.19208960235118866
16971,583,0.19706885516643524
16972,583,0.2863936424255371
16973,584,0.34656819701194763
16974,584,0.17811219394207
16975,584,0.1891477257013321
16976,584,0.3728407025337219
16977,584,0.27304086089134216
16978,584,0.3424910604953766
16979,584,0.026422033086419106
16980,584,0.11484985053539276
16981,584,0.18649300932884216
16982,584,0.10250795632600784
16983,585,0.16699711978435516
16984,585,0.10860535502433777
16985,585,0.11653836071491241
16986,585,0.25002574920654297
16987,585,0.09247994422912598
16988,585,0.10568602383136749
16989,585,0.2640588581562042
16990,585,0.3484283685684204
16991,585,0.17782600224018097
16992,585,0.11491040885448456
16993,585,0.2832711637020111
16994,585,0.09688687324523926
16995,585,0.12272153794765472
16996,585,0.17112423479557037
16997,585,0.2690070867538452
16998,585,0.11161063611507416
16999,585,0.1983204483985901
17000,585,0.10862382501363754
17001,585,0.1667105108499527
17002,585,0.25837618112564087
17003,585,0.0264267697930336
17004,585,0.026178807020187378
17005,586,0.25411978363990784
17006,586,0.19708743691444397
17007,586,0.0213492251932621
17008,586,0.2700701653957367
17009,586,0.12407644093036652
17010,586,0.09994888305664062
17011,586,0.34296467900276184
17012,586,0.1016569435596466
17013,586,0.3432421386241913
17014,586,0.027331817895174026
17015,586,0.021446384489536285
17016,586,0.1814386397600174
17017,586,0.025080062448978424
17018,586,0.20816542208194733
17019,586,0.20615407824516296
17020,586,0.11995230615139008
17021,586,0.024864139035344124
17022,586,0.12491116672754288
17023,586,0.09913348406553268
17024,586,0.3474942445755005
17025,586,0.11201869696378708
17026,586,0.19456183910369873
17027,587,0.3585194945335388
17028,587,0.1865043044090271
17029,587,0.3239296078681946
17030,587,0.29547691345214844
17031,587,0.11658559739589691
17032,587,0.09653738141059875
17033,587,0.11743275076150894
17034,587,0.1117374524474144
17035,587,0.1252094805240631
17036,587,0.12730301916599274
17037,587,0.17160363495349884
17038,587,0.3158726096153259
17039,587,0.17223234474658966
17040,587,0.11099868267774582
17041,587,0.09420600533485413
17042,587,0.09854824841022491
17043,587,0.27591949701309204
17044,587,0.18211360275745392
17045,587,0.1717420369386673
17046,587,0.19354844093322754
17047,587,0.1701030731201172
17048,588,0.24266856908798218
17049,588,0.023389682173728943
17050,588,0.20842909812927246
17051,588,0.33201780915260315
17052,588,0.027572602033615112
17053,588,0.11128921061754227
17054,588,0.10357383638620377
17055,588,0.20650771260261536
17056,588,0.19265100359916687
17057,588,0.5100237727165222
17058,588,0.18953241407871246
17059,589,0.17343363165855408
17060,589,0.41447073221206665
17061,589,0.09702728688716888
17062,589,0.34021660685539246
17063,589,0.17331239581108093
17064,589,0.10459780693054199
17065,589,0.02082991972565651
17066,589,0.2805509567260742
17067,589,0.20709659159183502
17068,589,0.17679381370544434
17069,589,0.10845199227333069
17070,589,0.20733043551445007
17071,589,0.26722583174705505
17072,589,0.3184055984020233
17073,589,0.09940462559461594
17074,589,0.017909519374370575
17075,589,0.09606678038835526
17076,589,0.17524752020835876
17077,589,0.21101289987564087
17078,589,0.025102779269218445
17079,589,0.09956049919128418
17080,590,0.09919901937246323
17081,590,0.036530300974845886
17082,590,0.3900719881057739
17083,590,0.19256164133548737
17084,590,0.2118058055639267
17085,590,0.12520593404769897
17086,590,0.024028461426496506
17087,590,0.10914492607116699
17088,590,0.1074017658829689
17089,590,0.19507694244384766
17090,590,0.2660132944583893
17091,590,0.11147769540548325
17092,590,0.1856222301721573
17093,590,0.34122204780578613
17094,590,0.36519986391067505
17095,590,0.029971443116664886
17096,590,0.2802268862724304
17097,590,0.3547057509422302
17098,590,0.176018625497818
17099,590,0.11886400729417801
17100,590,0.2562377452850342
17101,590,0.20588962733745575
17102,591,0.18038907647132874
17103,591,0.0963340550661087
17104,591,0.19974976778030396
17105,591,0.17354384064674377
17106,591,0.27561837434768677
17107,591,0.19279365241527557
17108,591,0.10820797830820084
17109,591,0.0995626449584961
17110,591,0.2880380153656006
17111,591,0.025462569668889046
17112,591,0.18854118883609772
17113,591,0.36651110649108887
17114,591,0.09410357475280762
17115,591,0.02034837007522583
17116,591,0.3393634557723999
17117,591,0.28435859084129333
17118,591,0.3574984669685364
17119,591,0.1818506121635437
17120,591,0.5039229393005371
17121,591,0.1988409161567688
17122,591,0.03331859037280083
17123,591,0.19051708281040192
17124,592,0.39123088121414185
17125,592,0.20114772021770477
17126,592,0.1895795613527298
17127,592,0.04096360504627228
17128,592,0.12757930159568787
17129,592,0.11461535841226578
17130,592,0.1823909431695938
17131,592,0.106174036860466
17132,592,0.2582487165927887
17133,592,0.3721188008785248
17134,592,0.040654804557561874
17135,592,0.2553519606590271
17136,592,0.2733932137489319
17137,592,0.17948293685913086
17138,592,0.2857477366924286
17139,592,0.03441774100065231
17140,592,0.18211713433265686
17141,592,0.03316213935613632
17142,592,0.18297605216503143
17143,592,0.17262476682662964
17144,592,0.035003550350666046
17145,592,0.20646874606609344
17146,592,0.10302542895078659
17147,592,0.2845118045806885
17148,593,0.22150297462940216
17149,593,0.18541580438613892
17150,593,0.20222757756710052
17151,593,0.1842489093542099
17152,593,0.3475953936576843
17153,593,0.04767654091119766
17154,593,0.03095553256571293
17155,593,0.2827954590320587
17156,593,0.17660142481327057
17157,593,0.3432307541370392
17158,593,0.277390718460083
17159,593,0.04382757097482681
17160,593,0.10139820724725723
17161,593,0.16294878721237183
17162,593,0.18354398012161255
17163,593,0.10385043174028397
17164,593,0.20286330580711365
17165,593,0.27588868141174316
17166,593,0.11152233183383942
17167,593,0.018705204129219055
17168,593,0.18533335626125336
17169,593,0.278984397649765
17170,593,0.20382854342460632
17171,594,0.20440985262393951
17172,594,0.10089458525180817
17173,594,0.5183014273643494
17174,594,0.17349393665790558
17175,594,0.17748241126537323
17176,594,0.0275851059705019
17177,594,0.4246632754802704
17178,594,0.19195009768009186
17179,594,0.4024513363838196
17180,594,0.18166105449199677
17181,594,0.25137564539909363
17182,594,0.11221179366111755
17183,594,0.10369638353586197
17184,595,0.19486699998378754
17185,595,0.3702303171157837
17186,595,0.2534179985523224
17187,595,0.09495756775140762
17188,595,0.2516174912452698
17189,595,0.19781188666820526
17190,595,0.11244019120931625
17191,595,0.03146917000412941
17192,595,0.19870102405548096
17193,595,0.13103589415550232
17194,595,0.30445677042007446
17195,595,0.18290309607982635
17196,595,0.33798661828041077
17197,596,0.18471843004226685
17198,596,0.21032439172267914
17199,596,0.18649882078170776
17200,596,0.2767009735107422
17201,596,0.20074287056922913
17202,596,0.1858210563659668
17203,596,0.1328701376914978
17204,596,0.264286607503891
17205,596,0.22336162626743317
17206,596,0.09632648527622223
17207,596,0.12089681625366211
17208,596,0.1960376799106598
17209,596,0.18737822771072388
17210,596,0.0982884019613266
17211,596,0.16969704627990723
17212,596,0.20879200100898743
17213,597,0.19254490733146667
17214,597,0.19960740208625793
17215,597,0.19037452340126038
17216,597,0.02026081457734108
17217,597,0.10817591845989227
17218,597,0.10152322053909302
17219,597,0.18761834502220154
17220,597,0.02338564768433571
17221,597,0.4279051423072815
17222,597,0.17380690574645996
17223,597,0.27034175395965576
17224,597,0.4279375672340393
17225,597,0.3299271762371063
17226,597,0.20207259058952332
17227,597,0.19952581822872162
17228,597,0.36502566933631897
17229,597,0.029506895691156387
17230,597,0.3486461639404297
17231,597,0.11949200183153152
17232,597,0.2651698887348175
17233,597,0.1902243047952652
17234,597,0.3502575755119324
17235,598,0.2654075622558594
17236,598,0.10189640522003174
17237,598,0.12627512216567993
17238,598,0.09872671961784363
17239,598,0.2074117362499237
17240,598,0.41371166706085205
17241,598,0.19769400358200073
17242,598,0.10159513354301453
17243,598,0.18476638197898865
17244,598,0.17149679362773895
17245,598,0.18651564419269562
17246,598,0.36428457498550415
17247,599,0.3307458162307739
17248,599,0.3171374499797821
17249,599,0.03281736001372337
17250,599,0.24415349960327148
17251,599,0.0936151072382927
17252,599,0.29126542806625366
17253,599,0.2640497088432312
17254,599,0.09719324856996536
17255,599,0.11659109592437744
17256,599,0.01742444559931755
17257,599,0.022635966539382935
17258,599,0.39462894201278687
17259,599,0.20480649173259735
17260,599,0.09436548501253128
17261,599,0.20514273643493652
17262,599,0.02744583785533905
17263,599,0.02888517826795578
17264,599,0.10548997670412064
17265,599,0.11039899289608002
17266,599,0.26524969935417175
17267,599,0.015351035632193089
17268,600,0.10956870764493942
17269,600,0.26176759600639343
17270,600,0.1048968955874443
17271,600,0.19807472825050354
17272,600,0.10596912354230881
17273,600,0.26475897431373596
17274,600,0.019261188805103302
17275,600,0.18542520701885223
17276,600,0.10855457931756973
17277,600,0.09151969850063324
17278,600,0.10296711325645447
17279,601,0.028567081317305565
17280,601,0.17084458470344543
17281,601,0.18517836928367615
17282,601,0.09563667327165604
17283,601,0.2733631432056427
17284,601,0.09857779741287231
17285,601,0.2627005875110626
17286,601,0.12171247601509094
17287,601,0.11870118975639343
17288,601,0.27339184284210205
17289,601,0.3464137613773346
17290,601,0.18113598227500916
17291,601,0.1163334995508194
17292,601,0.035156771540641785
17293,601,0.17416197061538696
17294,601,0.24460960924625397
17295,601,0.32971104979515076
17296,601,0.029070422053337097
17297,601,0.204227477312088
17298,601,0.1746838092803955
17299,601,0.12018755823373795
17300,601,0.20731621980667114
17301,601,0.10297977924346924
17302,601,0.24833199381828308
17303,602,0.025340549647808075
17304,602,0.4430067539215088
17305,602,0.3201436698436737
17306,602,0.10645215958356857
17307,602,0.20010027289390564
17308,602,0.04285331442952156
17309,602,0.18480363488197327
17310,602,0.4352469742298126
17311,602,0.2546350657939911
17312,602,0.11549834161996841
17313,602,0.03348645195364952
17314,602,0.2848619520664215
17315,602,0.19532647728919983
17316,602,0.17002557218074799
17317,602,0.4958769381046295
17318,603,0.361248254776001
17319,603,0.19164054095745087
17320,603,0.25556421279907227
17321,603,0.25037825107574463
17322,603,0.1843966394662857
17323,603,0.10580292344093323
17324,603,0.18196672201156616
17325,603,0.18062901496887207
17326,603,0.28087103366851807
17327,603,0.19985567033290863
17328,603,0.339959979057312
17329,603,0.12227718532085419
17330,603,0.19370707869529724
17331,604,0.01863361895084381
17332,604,0.12099898606538773
17333,604,0.152409628033638
17334,604,0.1844976842403412
17335,604,0.16808559000492096
17336,604,0.09965398907661438
17337,604,0.3582227826118469
17338,604,0.3257312476634979
17339,604,0.18156448006629944
17340,604,0.10311312228441238
17341,604,0.24999471008777618
17342,605,0.02419588901102543
17343,605,0.02452142722904682
17344,605,0.19951926171779633
17345,605,0.10534288734197617
17346,605,0.09528779238462448
17347,605,0.33430203795433044
17348,605,0.10729801654815674
17349,605,0.2700672745704651
17350,605,0.36716312170028687
17351,605,0.10244877636432648
17352,605,0.11363805085420609
17353,606,0.17504793405532837
17354,606,0.38800886273384094
17355,606,0.19369803369045258
17356,606,0.020809663459658623
17357,606,0.10574899613857269
17358,606,0.33964020013809204
17359,606,0.3407144248485565
17360,606,0.18911226093769073
17361,606,0.11849558353424072
17362,606,0.3495235741138458
17363,606,0.025671716779470444
17364,606,0.18353524804115295
17365,606,0.2807738482952118
17366,606,0.27178534865379333
17367,606,0.12388543784618378
17368,607,0.20538589358329773
17369,607,0.1928710639476776
17370,607,0.1900307834148407
17371,607,0.01713165082037449
17372,607,0.1993202269077301
17373,607,0.3464551568031311
17374,607,0.09564074873924255
17375,607,0.17594216763973236
17376,607,0.4457380771636963
17377,607,0.09859062731266022
17378,607,0.20586244761943817
17379,607,0.11082495748996735
17380,607,0.1007293164730072
17381,607,0.027774130925536156
17382,607,0.10302956402301788
17383,607,0.17405515909194946
17384,608,0.02408611960709095
17385,608,0.023606568574905396
17386,608,0.10774540901184082
17387,608,0.028747275471687317
17388,608,0.35679227113723755
17389,608,0.013601710088551044
17390,608,0.19005244970321655
17391,608,0.3330535292625427
17392,609,0.17212209105491638
17393,609,0.03709271177649498
17394,609,0.5096837878227234
17395,609,0.34038299322128296
17396,609,0.1809634119272232
17397,609,0.2577842175960541
17398,609,0.37504664063453674
17399,609,0.10705231875181198
17400,609,0.09864987432956696
17401,609,0.17531749606132507
17402,609,0.2841394543647766
17403,609,0.2702315151691437
17404,609,0.11487261205911636
17405,609,0.13985717296600342
17406,609,0.33134379982948303
17407,609,0.20397154986858368
17408,609,0.10937850922346115
17409,609,0.4020783603191376
17410,609,0.12129075080156326
17411,609,0.3556947112083435
17412,609,0.19028185307979584
17413,610,0.04807776212692261
17414,610,0.1657135784626007
17415,610,0.18373247981071472
17416,610,0.17824597656726837
17417,610,0.11548631638288498
17418,610,0.1726810485124588
17419,610,0.020383095368742943
17420,610,0.01757831685245037
17421,610,0.36233872175216675
17422,610,0.17668095231056213
17423,610,0.2681991457939148
17424,610,0.2576510012149811
17425,610,0.030884042382240295
17426,610,0.11260592937469482
17427,610,0.030588623136281967
17428,611,0.4388234615325928
17429,611,0.3234124779701233
17430,611,0.19407902657985687
17431,611,0.10246168076992035
17432,611,0.19684411585330963
17433,611,0.027504468336701393
17434,611,0.18126130104064941
17435,611,0.03000837191939354
17436,611,0.5330007672309875
17437,611,0.0276791974902153
17438,611,0.10382775962352753
17439,611,0.10501903295516968
17440,611,0.0892130509018898
17441,612,0.08073374629020691
17442,612,0.3587639331817627
17443,612,0.1873967945575714
17444,612,0.34813836216926575
17445,612,0.16753816604614258
17446,612,0.2085498720407486
17447,612,0.26784420013427734
17448,612,0.19868847727775574
17449,612,0.4278177320957184
17450,612,0.31329479813575745
17451,612,0.023340273648500443
17452,612,0.1014598086476326
17453,612,0.2696002125740051
17454,612,0.24791526794433594
17455,612,0.2430880069732666
17456,613,0.2572367489337921
17457,613,0.11333297938108444
17458,613,0.03802183270454407
17459,613,0.17559169232845306
17460,613,0.1888580471277237
17461,613,0.11301645636558533
17462,613,0.32912200689315796
17463,613,0.18461333215236664
17464,613,0.024994567036628723
17465,613,0.4975944757461548
17466,614,0.11137498170137405
17467,614,0.1264863908290863
17468,614,0.12605099380016327
17469,614,0.1587337702512741
17470,614,0.26707255840301514
17471,614,0.04048120975494385
17472,614,0.10146883875131607
17473,614,0.10114988684654236
17474,614,0.03062937594950199
17475,614,0.18130867183208466
17476,614,0.23755641281604767
17477,614,0.015543729066848755
17478,614,0.10738110542297363
17479,614,0.10908900201320648
17480,614,0.19937388598918915
17481,614,0.2941378057003021
17482,614,0.1726437211036682
17483,614,0.20711584389209747
17484,614,0.18548402190208435
17485,614,0.09987892955541611
17486,615,0.17958340048789978
17487,615,0.1775795817375183
17488,615,0.19228768348693848
17489,615,0.10320454835891724
17490,615,0.2802843451499939
17491,615,0.2570328712463379
17492,615,0.20989668369293213
17493,615,0.037245575338602066
17494,615,0.41742512583732605
17495,615,0.3344786465167999
17496,615,0.07850558310747147
17497,615,0.29179105162620544
17498,615,0.1759670525789261
17499,615,0.11895815283060074
17500,615,0.3320271074771881
17501,615,0.18389533460140228
17502,615,0.2458047717809677
17503,615,0.12938736379146576
17504,615,0.09486418962478638
17505,615,0.18892090022563934
17506,615,0.1783841997385025
17507,616,0.10002998262643814
17508,616,0.1291513741016388
17509,616,0.17743317782878876
17510,616,0.4433407783508301
17511,616,0.18140390515327454
17512,616,0.02748369611799717
17513,616,0.018964599817991257
17514,616,0.18447348475456238
17515,616,0.2566000819206238
17516,616,0.19188131392002106
17517,616,0.4104670584201813
17518,616,0.025683678686618805
17519,616,0.1625543236732483
17520,616,0.2532648742198944
17521,616,0.10418342798948288
17522,616,0.18246418237686157
17523,616,0.3486763834953308
17524,616,0.2544221878051758
17525,616,0.03898493945598602
17526,617,0.1742306351661682
17527,617,0.4290454685688019
17528,617,0.1889737993478775
17529,617,0.16032758355140686
17530,617,0.10713309049606323
17531,617,0.17843979597091675
17532,617,0.1837529093027115
17533,617,0.26874086260795593
17534,617,0.1871066391468048
17535,617,0.2824110686779022
17536,617,0.47752606868743896
17537,617,0.19958452880382538
17538,617,0.3682551980018616
17539,617,0.25988930463790894
17540,617,0.10623941570520401
17541,617,0.2522110044956207
17542,617,0.25313758850097656
17543,617,0.18405191600322723
17544,617,0.19478283822536469
17545,617,0.25527524948120117
17546,617,0.1154567152261734
17547,617,0.11203115433454514
17548,617,0.09577248245477676
17549,618,0.01839081011712551
17550,618,0.26049306988716125
17551,618,0.18197859823703766
17552,618,0.11022195965051651
17553,618,0.34509551525115967
17554,618,0.2841411530971527
17555,618,0.18510055541992188
17556,618,0.02235206589102745
17557,618,0.09983556717634201
17558,618,0.10750721395015717
17559,618,0.11578220129013062
17560,618,0.02940214052796364
17561,619,0.029526425525546074
17562,619,0.24792782962322235
17563,619,0.3703323304653168
17564,619,0.40094736218452454
17565,619,0.3119381368160248
17566,619,0.01734648086130619
17567,619,0.024472014978528023
17568,619,0.09980262815952301
17569,619,0.0969926193356514
17570,619,0.16838282346725464
17571,619,0.027564749121665955
17572,619,0.09617462754249573
17573,619,0.26377519965171814
17574,619,0.2697688043117523
17575,619,0.09522028267383575
17576,619,0.10728339850902557
17577,619,0.02018318697810173
17578,619,0.2583443522453308
17579,620,0.2698895037174225
17580,620,0.24632233381271362
17581,620,0.23997102677822113
17582,620,0.04280325770378113
17583,620,0.09777668118476868
17584,620,0.17421825230121613
17585,620,0.1779715120792389
17586,620,0.02607308141887188
17587,620,0.10607364773750305
17588,620,0.2616489827632904
17589,620,0.025573577731847763
17590,620,0.2650243937969208
17591,620,0.1024763360619545
17592,620,0.18399684131145477
17593,620,0.18267211318016052
17594,620,0.16356945037841797
17595,620,0.25839847326278687
17596,620,0.25388672947883606
17597,620,0.42535361647605896
17598,620,0.3365097939968109
17599,620,0.017987363040447235
17600,620,0.19069409370422363
17601,620,0.10253842175006866
17602,620,0.2643014192581177
17603,621,0.19606544077396393
17604,621,0.49957773089408875
17605,621,0.1805146485567093
17606,621,0.10054051876068115
17607,621,0.40260183811187744
17608,621,0.19423817098140717
17609,621,0.24952919781208038
17610,621,0.27119180560112
17611,621,0.029552556574344635
17612,621,0.020868172869086266
17613,621,0.025259625166654587
17614,621,0.2567416727542877
17615,621,0.022275416180491447
17616,621,0.23255746066570282
17617,621,0.3441002368927002
17618,621,0.033569999039173126
17619,621,0.03138929232954979
17620,621,0.09444358199834824
17621,621,0.19370457530021667
17622,621,0.2512112557888031
17623,621,0.28961533308029175
17624,621,0.029340920969843864
17625,621,0.24649374186992645
17626,622,0.10965236276388168
17627,622,0.2590565085411072
17628,622,0.10049449652433395
17629,622,0.29773253202438354
17630,622,0.23408907651901245
17631,622,0.20381347835063934
17632,622,0.18545329570770264
17633,622,0.2845149636268616
17634,622,0.18291130661964417
17635,622,0.11024271696805954
17636,622,0.22936274111270905
17637,622,0.017110759392380714
17638,622,0.18049456179141998
17639,622,0.4305078387260437
17640,622,0.08512170612812042
17641,622,0.024719353765249252
17642,622,0.24811749160289764
17643,623,0.09669532626867294
17644,623,0.31725624203681946
17645,623,0.28904247283935547
17646,623,0.43845832347869873
17647,623,0.015682080760598183
17648,623,0.26981428265571594
17649,623,0.07418479025363922
17650,623,0.2557986378669739
17651,623,0.25907593965530396
17652,623,0.19077859818935394
17653,623,0.10365497320890427
17654,623,0.18107233941555023
17655,623,0.3016071915626526
17656,623,0.27583789825439453
17657,623,0.03014923632144928
17658,623,0.19678404927253723
17659,624,0.19420118629932404
17660,624,0.09047291427850723
17661,624,0.1075911670923233
17662,624,0.02356104925274849
17663,624,0.12043871730566025
17664,624,0.024351462721824646
17665,624,0.2552405297756195
17666,624,0.27770960330963135
17667,624,0.10282816737890244
17668,624,0.021363724023103714
17669,624,0.27373719215393066
17670,624,0.1079944521188736
17671,624,0.19956062734127045
17672,624,0.17240101099014282
17673,624,0.20267438888549805
17674,624,0.10557200014591217
17675,624,0.24761268496513367
17676,625,0.0356573686003685
17677,625,0.3306450843811035
17678,625,0.17570823431015015
17679,625,0.17271271347999573
17680,625,0.10760774463415146
17681,625,0.23995405435562134
17682,625,0.2026996910572052
17683,625,0.1756688803434372
17684,625,0.25223296880722046
17685,625,0.1728861778974533
17686,625,0.12043782323598862
17687,625,0.0914539098739624
17688,625,0.26354077458381653
17689,625,0.09532836824655533
17690,625,0.25943440198898315
17691,625,0.18340416252613068
17692,625,0.27064013481140137
17693,625,0.2877714931964874
17694,625,0.022840557619929314
17695,625,0.10708346217870712
17696,625,0.32593926787376404
17697,625,0.22535103559494019
17698,625,0.29593774676322937
17699,626,0.27312564849853516
17700,626,0.17480109632015228
17701,626,0.18298755586147308
17702,626,0.10313911736011505
17703,626,0.17887987196445465
17704,626,0.2640943229198456
17705,626,0.09564437717199326
17706,626,0.2812322676181793
17707,626,0.09783759713172913
17708,626,0.09470263123512268
17709,627,0.18603551387786865
17710,627,0.017421873286366463
17711,627,0.017688622698187828
17712,627,0.2618820071220398
17713,627,0.36135581135749817
17714,627,0.26109644770622253
17715,627,0.1963185966014862
17716,627,0.03105761483311653
17717,627,0.08425658941268921
17718,627,0.1097404807806015
17719,627,0.18949398398399353
17720,627,0.02614753693342209
17721,627,0.3494022786617279
17722,627,0.27031856775283813
17723,627,0.1735934615135193
17724,627,0.1796410232782364
17725,627,0.362720251083374
17726,627,0.3410334587097168
17727,627,0.11235099285840988
17728,627,0.419921338558197
17729,628,0.10256893187761307
17730,628,0.2857650816440582
17731,628,0.03935134410858154
17732,628,0.2793412208557129
17733,628,0.2568211555480957
17734,628,0.2774965167045593
17735,628,0.20224860310554504
17736,628,0.03871547803282738
17737,628,0.28764083981513977
17738,628,0.16859738528728485
17739,628,0.19771040976047516
17740,628,0.10631310939788818
17741,628,0.01858000084757805
17742,628,0.26419273018836975
17743,628,0.09135328978300095
17744,628,0.09617277979850769
17745,628,0.1742335855960846
17746,628,0.28900280594825745
17747,628,0.20220418274402618
17748,629,0.27154970169067383
17749,629,0.03984074667096138
17750,629,0.09440650045871735
17751,629,0.02842702530324459
17752,629,0.2473170906305313
17753,629,0.5060130953788757
17754,629,0.027425242587924004
17755,629,0.020608607679605484
17756,629,0.2701485753059387
17757,629,0.26854440569877625
17758,629,0.018021607771515846
17759,630,0.249446839094162
17760,630,0.35998180508613586
17761,630,0.3569583594799042
17762,630,0.3330062925815582
17763,630,0.02053282968699932
17764,630,0.18459026515483856
17765,630,0.2601592540740967
17766,630,0.15511438250541687
17767,630,0.0943981483578682
17768,630,0.10152663290500641
17769,630,0.023132149130105972
17770,630,0.024374669417738914
17771,630,0.2941654324531555
17772,631,0.18656282126903534
17773,631,0.11401604115962982
17774,631,0.09694724529981613
17775,631,0.10764463990926743
17776,631,0.022638842463493347
17777,631,0.4361417293548584
17778,631,0.09352273494005203
17779,631,0.11558661609888077
17780,631,0.335640549659729
17781,631,0.10282406210899353
17782,631,0.1802559196949005
17783,631,0.19839468598365784
17784,631,0.34482404589653015
17785,631,0.26659470796585083
17786,631,0.19626758992671967
17787,631,0.19261637330055237
17788,631,0.09586220234632492
17789,631,0.27133649587631226
17790,631,0.21232284605503082
17791,631,0.1882750689983368
17792,631,0.4986560642719269
17793,631,0.2840481102466583
17794,631,0.17769171297550201
17795,632,0.35183337330818176
17796,632,0.10312388837337494
17797,632,0.25340133905410767
17798,632,0.2070128321647644
17799,632,0.024843532592058182
17800,632,0.18888388574123383
17801,632,0.18517610430717468
17802,632,0.17952865362167358
17803,632,0.2638950049877167
17804,632,0.2847161293029785
17805,632,0.19021831452846527
17806,632,0.26178428530693054
17807,632,0.12972994148731232
17808,632,0.11872544139623642
17809,633,0.09956268966197968
17810,633,0.26820817589759827
17811,633,0.09974287450313568
17812,633,0.19261708855628967
17813,633,0.25472307205200195
17814,633,0.2666337192058563
17815,633,0.09350436180830002
17816,633,0.2695710062980652
17817,633,0.11601240187883377
17818,633,0.030829695984721184
17819,633,0.34890052676200867
17820,633,0.3422533869743347
17821,633,0.32848232984542847
17822,633,0.1019013524055481
17823,633,0.1045413389801979
17824,633,0.03206093981862068
17825,633,0.17406508326530457
17826,633,0.10386428236961365
17827,634,0.03656052425503731
17828,634,0.02290518954396248
17829,634,0.32676026225090027
17830,634,0.10197313874959946
17831,634,0.09058095514774323
17832,634,0.1180192157626152
17833,634,0.3365892767906189
17834,634,0.2535029649734497
17835,634,0.09692816436290741
17836,634,0.16174115240573883
17837,634,0.3514986038208008
17838,634,0.18433412909507751
17839,634,0.20363914966583252
17840,634,0.02386130765080452
17841,634,0.2783372402191162
17842,634,0.34682387113571167
17843,634,0.13037022948265076
17844,634,0.17516832053661346
17845,634,0.2637332081794739
17846,634,0.27551141381263733
17847,634,0.18844705820083618
17848,634,0.08844711631536484
17849,634,0.11396545171737671
17850,634,0.26715004444122314
17851,635,0.19983474910259247
17852,635,0.2633250057697296
17853,635,0.3119640052318573
17854,635,0.19726678729057312
17855,635,0.12341977655887604
17856,635,0.1921783685684204
17857,635,0.24126103520393372
17858,635,0.17507308721542358
17859,635,0.19319018721580505
17860,635,0.1758693903684616
17861,635,0.2351709008216858
17862,635,0.2636345624923706
17863,635,0.037037193775177
17864,635,0.09621831774711609
17865,635,0.25912654399871826
17866,635,0.17037901282310486
17867,635,0.027324562892317772
17868,635,0.18236839771270752
17869,635,0.0961882621049881
17870,635,0.17781516909599304
17871,635,0.2914321720600128
17872,635,0.18641582131385803
17873,635,0.3611249625682831
17874,636,0.26825520396232605
17875,636,0.10422304272651672
17876,636,0.16997118294239044
17877,636,0.10249300301074982
17878,636,0.19659435749053955
17879,636,0.28055205941200256
17880,636,0.432624489068985
17881,636,0.10270609706640244
17882,637,0.10677850991487503
17883,637,0.28607848286628723
17884,637,0.11730758100748062
17885,637,0.10479248315095901
17886,637,0.42071810364723206
17887,637,0.175449401140213
17888,637,0.28506454825401306
17889,637,0.0276169516146183
17890,637,0.4205474555492401
17891,637,0.1858009696006775
17892,637,0.3432420492172241
17893,637,0.25586143136024475
17894,637,0.2653769552707672
17895,637,0.26306775212287903
17896,638,0.20267583429813385
17897,638,0.12452665716409683
17898,638,0.10732384771108627
17899,638,0.19523867964744568
17900,638,0.2781551480293274
17901,638,0.4413667619228363
17902,638,0.1910867542028427
17903,638,0.2685320973396301
17904,638,0.10754116624593735
17905,638,0.17042970657348633
17906,638,0.17104877531528473
17907,638,0.18881070613861084
17908,638,0.023495325818657875
17909,638,0.09925408661365509
17910,638,0.02633199468255043
17911,638,0.1201377883553505
17912,638,0.27227938175201416
17913,638,0.029515769332647324
17914,638,0.1865025758743286
17915,638,0.10102905333042145
17916,638,0.19148150086402893
17917,638,0.26363006234169006
17918,639,0.18003104627132416
17919,639,0.42862385511398315
17920,639,0.3341759443283081
17921,639,0.1152428388595581
17922,639,0.16966727375984192
17923,639,0.3330472707748413
17924,639,0.21893160045146942
17925,639,0.19038330018520355
17926,640,0.18596236407756805
17927,640,0.02381623163819313
17928,640,0.2830813527107239
17929,640,0.35751044750213623
17930,640,0.2842860221862793
17931,640,0.18317484855651855
17932,640,0.19203823804855347
17933,640,0.1991698145866394
17934,640,0.19321760535240173
17935,640,0.10601140558719635
17936,640,0.28207331895828247
17937,640,0.018762875348329544
17938,641,0.2764132618904114
17939,641,0.10587325692176819
17940,641,0.039611976593732834
17941,641,0.18897634744644165
17942,641,0.3463391363620758
17943,641,0.18943914771080017
17944,641,0.022935904562473297
17945,641,0.2719731032848358
17946,641,0.43841075897216797
17947,641,0.2739386558532715
17948,641,0.2582239806652069
17949,641,0.34044066071510315
17950,641,0.1934335082769394
17951,641,0.12472610920667648
17952,641,0.18397167325019836
17953,641,0.17993052303791046
17954,641,0.26577356457710266
17955,641,0.030916089192032814
17956,641,0.25855571031570435
17957,641,0.18499048054218292
17958,641,0.2617660164833069
17959,642,0.12342473119497299
17960,642,0.11070291697978973
17961,642,0.09452585875988007
17962,642,0.26851367950439453
17963,642,0.03495318442583084
17964,642,0.5226227045059204
17965,642,0.11409676820039749
17966,642,0.17041802406311035
17967,642,0.12287551164627075
17968,642,0.32819586992263794
17969,642,0.17658676207065582
17970,642,0.023961858823895454
17971,642,0.02926035039126873
17972,643,0.33492958545684814
17973,643,0.017039375379681587
17974,643,0.021393243223428726
17975,643,0.1814723014831543
17976,643,0.18446232378482819
17977,643,0.2538107931613922
17978,643,0.269099622964859
17979,643,0.11298372596502304
17980,643,0.18554140627384186
17981,643,0.2679653763771057
17982,643,0.2622356414794922
17983,643,0.10518238693475723
17984,644,0.18787255883216858
17985,644,0.10358025878667831
17986,644,0.268653929233551
17987,644,0.1891631931066513
17988,644,0.10173917561769485
17989,644,0.09714604169130325
17990,644,0.02188076265156269
17991,644,0.3485018312931061
17992,645,0.02063784934580326
17993,645,0.16680406033992767
17994,645,0.25950464606285095
17995,645,0.2694566547870636
17996,645,0.019588928669691086
17997,645,0.29711827635765076
17998,645,0.3389601409435272
17999,645,0.378522127866745
18000,645,0.02590121142566204
18001,645,0.5009688138961792
18002,645,0.11007312685251236
18003,645,0.36734652519226074
18004,645,0.11411456763744354
18005,645,0.329766184091568
18006,645,0.2762630879878998
18007,645,0.10610759258270264
18008,645,0.33946919441223145
18009,645,0.19320552051067352
18010,645,0.029589742422103882
18011,645,0.10007032752037048
18012,646,0.24607130885124207
18013,646,0.1877613216638565
18014,646,0.18501661717891693
18015,646,0.17963843047618866
18016,646,0.3562571406364441
18017,646,0.2573714554309845
18018,646,0.1724700629711151
18019,646,0.02623295597732067
18020,646,0.09685144573450089
18021,646,0.17984603345394135
18022,646,0.18797263503074646
18023,646,0.09671437740325928
18024,646,0.08313363045454025
18025,646,0.10212337225675583
18026,646,0.10245700925588608
18027,646,0.2532981038093567
18028,646,0.1579161286354065
18029,646,0.11015293002128601
18030,646,0.17972128093242645
18031,646,0.18800945580005646
18032,646,0.18355460464954376
18033,646,0.03324300795793533
18034,646,0.24580252170562744
18035,647,0.16974249482154846
18036,647,0.18415960669517517
18037,647,0.1159004345536232
18038,647,0.09698104858398438
18039,647,0.10022059082984924
18040,647,0.20158880949020386
18041,647,0.19270747900009155
18042,647,0.18255139887332916
18043,647,0.18194833397865295
18044,647,0.0280686654150486
18045,647,0.34678417444229126
18046,647,0.23795275390148163
18047,647,0.26144158840179443
18048,647,0.18933920562267303
18049,647,0.16461306810379028
18050,647,0.09830300509929657
18051,647,0.2595402002334595
18052,647,0.27535465359687805
18053,647,0.25729531049728394
18054,647,0.02797590382397175
18055,648,0.18808241188526154
18056,648,0.2552495300769806
18057,648,0.10463163256645203
18058,648,0.11835518479347229
18059,648,0.186536505818367
18060,648,0.27112650871276855
18061,648,0.36189723014831543
18062,648,0.09949669986963272
18063,648,0.04075464606285095
18064,648,0.17527836561203003
18065,648,0.025114843621850014
18066,648,0.17980928719043732
18067,648,0.2556958496570587
18068,648,0.36407002806663513
18069,648,0.25530970096588135
18070,648,0.17588268220424652
18071,648,0.3260698914527893
18072,648,0.34523335099220276
18073,648,0.34108754992485046
18074,648,0.24783679842948914
18075,648,0.09545665234327316
18076,648,0.34108585119247437
18077,648,0.10969286412000656
18078,649,0.09925203025341034
18079,649,0.11856981366872787
18080,649,0.13349059224128723
18081,649,0.1981293112039566
18082,649,0.5041977167129517
18083,649,0.19426704943180084
18084,649,0.536551833152771
18085,649,0.3389717936515808
18086,649,0.18177783489227295
18087,649,0.2507796287536621
18088,649,0.17303188145160675
18089,649,0.36967524886131287
18090,649,0.1983412504196167
18091,649,0.16120609641075134
18092,649,0.3392834961414337
18093,649,0.09817781299352646
18094,649,0.18824447691440582
18095,649,0.19586004316806793
18096,649,0.11091436445713043
18097,650,0.3569740653038025
18098,650,0.10829807072877884
18099,650,0.13012106716632843
18100,650,0.10036531835794449
18101,650,0.42202138900756836
18102,650,0.09192287921905518
18103,650,0.10332239419221878
18104,650,0.0377209410071373
18105,650,0.026003193110227585
18106,650,0.19740277528762817
18107,650,0.21165332198143005
18108,650,0.17542517185211182
18109,650,0.19749200344085693
18110,650,0.19286394119262695
18111,650,0.10082149505615234
18112,650,0.17598742246627808
18113,650,0.10303080081939697
18114,650,0.5692343711853027
18115,650,0.27034398913383484
18116,650,0.5007069706916809
18117,650,0.27821454405784607
18118,650,0.1783170849084854
